SET FOREIGN_KEY_CHECKS = 0;

INSERT INTO `gibbonAlertLevel` (`gibbonAlertLevelID`, `name`, `nameShort`, `color`, `colorBG`, `description`, `sequenceNumber`) VALUES
(001, 'High', 'H', 'CC0000', 'F6CECB', 'Highest level of severity, requiring intense and immediate readiness, action, individual support or differentiation.', 3),
(002, 'Medium', 'M', 'FF7414', 'FFD2A9', 'Moderate severity, requiring intermediate level of readiness, action, individual support or differentiation.', 2),
(003, 'Low', 'L', '939090', 'dddddd', 'Low severity, requiring little to no readiness, action, individual support or differentiation.', 1);

INSERT INTO `gibbonDaysOfWeek` (`gibbonDaysOfWeekID`, `name`, `nameShort`, `sequenceNumber`, `schoolDay`, `schoolOpen`, `schoolStart`, `schoolEnd`, `schoolClose`) VALUES
(01, 'Monday', 'Mon', 1, 'Y', '07:45:00', '08:30:00', '15:30:00', '17:00:00'),
(02, 'Tuesday', 'Tue', 2, 'Y', '07:45:00', '08:30:00', '15:30:00', '17:00:00'),
(03, 'Wednesday', 'Wed', 3, 'Y', '07:45:00', '08:30:00', '15:30:00', '17:00:00'),
(04, 'Thursday', 'Thu', 4, 'Y', '07:45:00', '08:30:00', '15:30:00', '17:00:00'),
(05, 'Friday', 'Fri', 5, 'Y', '07:45:00', '08:30:00', '15:30:00', '17:00:00'),
(06, 'Saturday', 'Sat', 6, 'N', NULL, NULL, NULL, NULL),
(07, 'Sunday', 'Sun', 7, 'N', NULL, NULL, NULL, NULL);

INSERT INTO `gibbonExternalAssessmentField` (`gibbonExternalAssessmentFieldID`, `gibbonExternalAssessmentID`, `name`, `category`, `order`, `gibbonScaleID`, `gibbonYearGroupIDList`) VALUES
(000001, 0001, 'Maths', '1_Scores', 1, 00010, NULL),
(000002, 0001, 'Non-Verbal', '1_Scores', 2, 00010, NULL),
(000003, 0001, 'Verbal', '1_Scores', 3, 00010, NULL),
(000004, 0001, 'English', '2_KS3 Target Grades', 3, 00011, '001,002,003'),
(000005, 0001, 'Maths', '2_KS3 Target Grades', 7, 00011, '001,002,003'),
(000006, 0001, 'Science', '2_KS3 Target Grades', 11, 00011, '001,002,003'),
(000007, 0001, 'English Language', '3_GCSE Target Grades', 10, 00012, '004,005'),
(000008, 0001, 'Mathematics', '3_GCSE Target Grades', 18, 00012, '004,005'),
(000009, 0001, 'Science - Double Award', '3_GCSE Target Grades', 25, 00012, '004,005'),
(000010, 0001, 'Art & Design', '2_KS3 Target Grades', 1, 00011, '001,002,003'),
(000011, 0001, 'Design & Tech', '2_KS3 Target Grades', 2, 00011, '001,002,003'),
(000012, 0001, 'Geography', '2_KS3 Target Grades', 4, 00011, '001,002,003'),
(000013, 0001, 'History', '2_KS3 Target Grades', 5, 00011, '001,002,003'),
(000014, 0001, 'ICT', '2_KS3 Target Grades', 6, 00011, '001,002,003'),
(000015, 0001, 'MFL', '2_KS3 Target Grades', 8, 00011, '001,002,003'),
(000016, 0001, 'Music', '2_KS3 Target Grades', 9, 00011, '001,002,003'),
(000017, 0001, 'PE', '2_KS3 Target Grades', 10, 00011, '001,002,003'),
(000018, 0001, 'Art & Design', '3_GCSE Target Grades', 1, 00012, '004,005'),
(000019, 0001, 'Business Studies', '3_GCSE Target Grades', 2, 00012, '004,005'),
(000020, 0001, 'D&T - Electronics', '3_GCSE Target Grades', 3, 00012, '004,005'),
(000021, 0001, 'D&T - Food', '3_GCSE Target Grades', 4, 00012, '004,005'),
(000022, 0001, 'D&T - Graphics', '3_GCSE Target Grades', 5, 00012, '004,005'),
(000023, 0001, 'D&T - Resistant Materials', '3_GCSE Target Grades', 6, 00012, '004,005'),
(000024, 0001, 'D&T - Systems Control', '3_GCSE Target Grades', 7, 00012, '004,005'),
(000025, 0001, 'D&T - Textiles', '3_GCSE Target Grades', 8, 00012, '004,005'),
(000026, 0001, 'Drama', '3_GCSE Target Grades', 9, 00012, '004,005'),
(000027, 0001, 'English Literature', '3_GCSE Target Grades', 11, 00012, '004,005'),
(000028, 0001, 'French', '3_GCSE Target Grades', 12, 00012, '004,005'),
(000029, 0001, 'Geography', '3_GCSE Target Grades', 13, 00012, '004,005'),
(000030, 0001, 'German', '3_GCSE Target Grades', 14, 00012, '004,005'),
(000031, 0001, 'History', '3_GCSE Target Grades', 15, 00012, '004,005'),
(000032, 0001, 'Home Economics', '3_GCSE Target Grades', 16, 00012, '004,005'),
(000033, 0001, 'Information Technology', '3_GCSE Target Grades', 17, 00012, '004,005'),
(000034, 0001, 'Media Studies', '3_GCSE Target Grades', 19, 00012, '004,005'),
(000035, 0001, 'Music', '3_GCSE Target Grades', 20, 00012, '004,005'),
(000036, 0001, 'Physical Education', '3_GCSE Target Grades', 21, 00012, '004,005'),
(000037, 0001, 'Religious Education', '3_GCSE Target Grades', 22, 00012, '004,005'),
(000038, 0001, 'Science - Biology', '3_GCSE Target Grades', 23, 00012, '004,005'),
(000039, 0001, 'Science - Chemistry', '3_GCSE Target Grades', 24, 00012, '004,005'),
(000040, 0001, 'Science - Physics', '3_GCSE Target Grades', 26, 00012, '004,005'),
(000041, 0001, 'Science - Single Award', '3_GCSE Target Grades', 27, 00012, '004,005'),
(000042, 0001, 'Sociology', '3_GCSE Target Grades', 28, 00012, '004,005'),
(000043, 0001, 'Spanish', '3_GCSE Target Grades', 29, 00012, '004,005'),
(000044, 0001, 'Statistics', '3_GCSE Target Grades', 30, 00012, '004,005'),
(000045, 0002, 'Art & Design', '1_Final Grade', 1, 00003, '004,005'),
(000046, 0002, 'Chinese (Mandarin)', '1_Final Grade', 2, 00003, '004,005'),
(000047, 0002, 'Drama', '1_Final Grade', 3, 00003, '004,005'),
(000048, 0002, 'Dutch', '1_Final Grade', 4, 00003, '004,005'),
(000049, 0002, 'Economics', '1_Final Grade', 5, 00003, '004,005'),
(000050, 0002, 'English Language', '1_Final Grade', 6, 00003, '004,005'),
(000051, 0002, 'English Literature', '1_Final Grade', 7, 00003, '004,005'),
(000052, 0002, 'Environmental Management', '1_Final Grade', 8, 00003, '004,005'),
(000053, 0002, 'Mathematics', '1_Final Grade', 9, 00003, '004,005'),
(000054, 0002, 'Media Studies', '1_Final Grade', 10, 00003, '004,005'),
(000055, 0002, 'Physical Education', '1_Final Grade', 11, 00003, '004,005'),
(000056, 0002, 'Science - Double Award', '1_Final Grade', 12, 00003, '004,005'),
(000057, 0002, 'Spanish', '1_Final Grade', 13, 00003, '004,005'),
(000058, 0002, 'Art & Design', '0_Target Grade', 1, 00012, '004,005'),
(000059, 0002, 'Chinese (Mandarin)', '0_Target Grade', 2, 00012, '004,005'),
(000060, 0002, 'Drama', '0_Target Grade', 3, 00012, '004,005'),
(000061, 0002, 'Dutch', '0_Target Grade', 4, 00012, '004,005'),
(000062, 0002, 'Economics', '0_Target Grade', 5, 00012, '004,005'),
(000063, 0002, 'English Language', '0_Target Grade', 6, 00012, '004,005'),
(000064, 0002, 'English Literature', '0_Target Grade', 7, 00012, '004,005'),
(000065, 0002, 'Environmental Management', '0_Target Grade', 8, 00012, '004,005'),
(000066, 0002, 'Mathematics', '0_Target Grade', 9, 00012, '004,005'),
(000067, 0002, 'Media Studies', '0_Target Grade', 10, 00012, '004,005'),
(000068, 0002, 'Physical Education', '0_Target Grade', 11, 00012, '004,005'),
(000069, 0002, 'Science - Double Award', '0_Target Grade', 12, 00012, '004,005'),
(000070, 0002, 'Spanish', '0_Target Grade', 13, 00012, '004,005'),
(000071, 0003, 'IB Diploma Total', '0_Target Grade', 0, 00014, '006,007'),
(000072, 0003, 'IB Diploma Total', '1_Final Grade', 0, 00014, '006,007'),
(000073, 0003, 'Chinese A: Language and Literature HL', '0_Target Grade', 1, 00013, '006,007'),
(000074, 0003, 'Chinese A: Language and Literature SL', '0_Target Grade', 2, 00013, '006,007'),
(000075, 0003, 'English A: Language and Literature HL', '0_Target Grade', 3, 00013, '006,007'),
(000076, 0003, 'English A: Language and Literature SL', '0_Target Grade', 4, 00013, '006,007'),
(000077, 0003, 'English A: Literature HL', '0_Target Grade', 5, 00013, '006,007'),
(000078, 0003, 'English A: Literature SL', '0_Target Grade', 6, 00013, '006,007'),
(000079, 0003, 'Self-Taught Language SL', '0_Target Grade', 7, 00013, '006,007'),
(000080, 0003, 'Chinese B HL', '0_Target Grade', 8, 00013, '006,007'),
(000081, 0003, 'Chinese B SL', '0_Target Grade', 9, 00013, '006,007'),
(000082, 0003, 'Spanish B HL', '0_Target Grade', 10, 00013, '006,007'),
(000083, 0003, 'Spanish B SL', '0_Target Grade', 11, 00013, '006,007'),
(000084, 0003, 'Italian ab initio SL', '0_Target Grade', 12, 00013, '006,007'),
(000085, 0003, 'Economics HL', '0_Target Grade', 13, 00013, '006,007'),
(000086, 0003, 'Economics SL', '0_Target Grade', 14, 00013, '006,007'),
(000087, 0003, 'Psychology HL', '0_Target Grade', 15, 00013, '006,007'),
(000088, 0003, 'Psychology SL', '0_Target Grade', 16, 00013, '006,007'),
(000089, 0003, 'Environmental Systems and Society SL', '0_Target Grade', 17, 00013, '006,007'),
(000090, 0003, 'Chemistry HL', '0_Target Grade', 18, 00013, '006,007'),
(000091, 0003, 'Chemistry SL', '0_Target Grade', 19, 00013, '006,007'),
(000092, 0003, 'Physics HL', '0_Target Grade', 20, 00013, '006,007'),
(000093, 0003, 'Physics SL', '0_Target Grade', 21, 00013, '006,007'),
(000094, 0003, 'Mathematics HL', '0_Target Grade', 22, 00013, '006,007'),
(000095, 0003, 'Mathematics SL', '0_Target Grade', 23, 00013, '006,007'),
(000096, 0003, 'Maths Studies SL', '0_Target Grade', 24, 00013, '006,007'),
(000097, 0003, 'Theatre Arts HL', '0_Target Grade', 25, 00013, '006,007'),
(000098, 0003, 'Theatre Arts SL', '0_Target Grade', 26, 00013, '006,007'),
(000099, 0003, 'Visual Arts HL', '0_Target Grade', 27, 00013, '006,007'),
(000100, 0003, 'Visual Arts SL', '0_Target Grade', 28, 00013, '006,007'),
(000101, 0003, 'Chinese A: Language and Literature HL', '1_Final Grade', 1, 00013, '006,007'),
(000102, 0003, 'Chinese A: Language and Literature SL', '1_Final Grade', 2, 00013, '006,007'),
(000103, 0003, 'English A: Language and Literature HL', '1_Final Grade', 3, 00013, '006,007'),
(000104, 0003, 'English A: Language and Literature SL', '1_Final Grade', 4, 00013, '006,007'),
(000105, 0003, 'English A: Literature HL', '1_Final Grade', 5, 00013, '006,007'),
(000106, 0003, 'English A: Literature SL', '1_Final Grade', 6, 00013, '006,007'),
(000107, 0003, 'Self-Taught Language SL', '1_Final Grade', 7, 00013, '006,007'),
(000108, 0003, 'Chinese B HL', '1_Final Grade', 8, 00013, '006,007'),
(000109, 0003, 'Chinese B SL', '1_Final Grade', 9, 00013, '006,007'),
(000110, 0003, 'Spanish B HL', '1_Final Grade', 10, 00013, '006,007'),
(000111, 0003, 'Spanish B SL', '1_Final Grade', 11, 00013, '006,007'),
(000112, 0003, 'Italian ab initio SL', '1_Final Grade', 12, 00013, '006,007'),
(000113, 0003, 'Economics HL', '1_Final Grade', 13, 00013, '006,007'),
(000114, 0003, 'Economics SL', '1_Final Grade', 14, 00013, '006,007'),
(000115, 0003, 'Psychology HL', '1_Final Grade', 15, 00013, '006,007'),
(000116, 0003, 'Psychology SL', '1_Final Grade', 16, 00013, '006,007'),
(000117, 0003, 'Environmental Systems and Society SL', '1_Final Grade', 17, 00013, '006,007'),
(000118, 0003, 'Chemistry HL', '1_Final Grade', 18, 00013, '006,007'),
(000119, 0003, 'Chemistry SL', '1_Final Grade', 19, 00013, '006,007'),
(000120, 0003, 'Physics HL', '1_Final Grade', 20, 00013, '006,007'),
(000121, 0003, 'Physics SL', '1_Final Grade', 21, 00013, '006,007'),
(000122, 0003, 'Mathematics HL', '1_Final Grade', 22, 00013, '006,007'),
(000123, 0003, 'Mathematics SL', '1_Final Grade', 23, 00013, '006,007'),
(000124, 0003, 'Maths Studies SL', '1_Final Grade', 24, 00013, '006,007'),
(000125, 0003, 'Theatre Arts HL', '1_Final Grade', 25, 00013, '006,007'),
(000126, 0003, 'Theatre Arts SL', '1_Final Grade', 26, 00013, '006,007'),
(000127, 0003, 'Visual Arts HL', '1_Final Grade', 27, 00013, '006,007'),
(000128, 0003, 'Visual Arts SL', '1_Final Grade', 28, 00013, '006,007');

INSERT INTO `gibbonFileExtension` (`gibbonFileExtensionID`, `type`, `extension`, `name`) VALUES
(0001, 'Document', 'doc', 'Microsoft Word 97/2000/XP'),
(0002, 'Document', 'docx', 'Microsoft Word 2007+'),
(0003, 'Document', 'pages', 'Apple Pages'),
(0004, 'Document', 'odt', 'OpenOffice Text'),
(0005, 'Document', 'txt', 'Plain Text'),
(0006, 'Document', 'rtf', 'Rich Text Format'),
(0007, 'Spreadsheet', 'xls', 'Microsoft Excel 97/2000/XP'),
(0008, 'Spreadsheet', 'xlsx', 'Microsoft Excel 2007+'),
(0009, 'Spreadsheet', 'ods', 'OpenOffice SpreadSheet'),
(0010, 'Spreadsheet', 'numbers', 'Apple Numbers'),
(0011, 'Spreadsheet', 'csv', 'Comma Seperate Values'),
(0012, 'Presentation', 'ppt', 'Microsoft PowerPoint 97/2000/XP'),
(0013, 'Presentation', 'pptx', 'Microsoft PowerPoint 2007+'),
(0014, 'Presentation', 'key', 'Apple Keynote'),
(0015, 'Audio', 'mp3', 'MPEG Audio'),
(0016, 'Audio', 'mp4', 'MPEG Audio'),
(0017, 'Audio', 'm4a', 'MPEG Audio'),
(0018, 'Audio', 'wma', 'Windows Media Audio'),
(0019, 'Audio', 'ogg', 'Vorbis Ogg'),
(0020, 'Audio', 'aac', 'MPEG Audio'),
(0021, 'Graphics/Design', 'png', 'Portable Network Graphics'),
(0022, 'Graphics/Design', 'jpg', 'Joint Picture Expert Group'),
(0023, 'Graphics/Design', 'gif', 'Graphics Interchange Format'),
(0024, 'Graphics/Design', 'acorn', 'Acorn'),
(0025, 'Graphics/Design', 'ai', 'Adobe Illustrator'),
(0026, 'Graphics/Design', 'psd', 'Adobe Photoshop'),
(0028, 'Graphics/Design', 'xcf', 'GIMP eXperimental Computing Facility'),
(0029, 'Video', 'avi', 'Audio Video Interleave'),
(0030, 'Video', 'wmv', 'Windows Media Video'),
(0031, 'Video', 'mpg', 'MPEG Video'),
(0032, 'Video', 'mov', 'QuickTime Movie'),
(0033, 'Video', 'flv', 'Adobe Flash Video'),
(0034, 'Other', 'fla', 'Adobe Flash'),
(0035, 'Video', 'swf', 'Adobe Flash'),
(0036, 'Graphics/Design', 'skp', 'Google SketchUp'),
(0037, 'Document', 'pdf', 'Portable Document Format'),
(0038, 'Graphics/Design', 'jpeg', 'Joint Picture Expert Group'),
(0039, 'Video', 'mpeg', 'MPEG Video'),
(0040, 'Other', 'sb', 'Scratch'),
(0041, 'Video', 'm4v', 'MPG Varient'),
(0042, 'Other', 'zip', 'ZIP Compressed Archive'),
(0043, 'Document', 'htm', 'HyperText Marrkup Language'),
(0044, 'Document', 'html', 'HyperText Marrkup Language'),
(0045, 'Video', '3gp', '3rd Generation Partnership Video'),
(0046, 'Other', 'sb2', 'Scratch 2');

INSERT INTO `gibboni18n` (`gibboni18nID`, `code`, `name`, `version`, `active`, `installed`, `systemDefault`, `dateFormat`, `dateFormatRegEx`, `dateFormatPHP`, `rtl`) VALUES
(0001, 'en_GB', 'English - United Kingdom', NULL, 'Y', 'N', 'Y', 'dd/mm/yyyy', '/^(0[1-9]|[12][0-9]|3[01])[- /.](0[1-9]|1[012])[- /.](19|20)\\d\\d$/i', 'd/m/Y', 'N'),
(0002, 'en_US', 'English - United States', NULL, 'Y', 'N', 'N', 'mm/dd/yyyy', '/(0[1-9]|1[012])[- /.](0[1-9]|[12][0-9]|3[01])[- /.](19|20\\d\\d)/', 'm/d/Y', 'N'),
(0003, 'es_ES', 'Español', NULL, 'Y', 'N', 'N', 'dd/mm/yyyy', '/^(0[1-9]|[12][0-9]|3[01])[- /.](0[1-9]|1[012])[- /.](19|20)\\d\\d$/i', 'd/m/Y', 'N'),
(0004, 'zh_CN', '汉语 - 中国', NULL, 'Y', 'N', 'N', 'yyyy-mm-dd', '/^[0-9]{4}-(0[1-9]|1[0-2])-(0[1-9]|[1-2][0-9]|3[0-1])$/', 'Y-m-d', 'N'),
(0005, 'zh_HK', '體字 - 香港', NULL, 'Y', 'N', 'N', 'dd/mm/yyyy', '/^(0[1-9]|[12][0-9]|3[01])[- /.](0[1-9]|1[012])[- /.](19|20)\\d\\d$/i', 'd/m/Y', 'N'),
(0007, 'pl_PL', 'Język polski - Polska', NULL, 'Y', 'N', 'N', 'dd/mm/yyyy', '/^(0[1-9]|[12][0-9]|3[01])[- /.](0[1-9]|1[012])[- /.](19|20)\\\\d\\\\d$/i', 'd/m/Y', 'N'),
(0008, 'it_IT', 'Italiano - Italia', NULL, 'Y', 'N', 'N', 'dd/mm/yyyy', '/^(0[1-9]|[12][0-9]|3[01])[- /.](0[1-9]|1[012])[- /.](19|20)\\d\\d$/i', 'd/m/Y', 'N'),
(0010, 'id_ID', 'Bahasa Indonesia - Indonesia', NULL, 'N', 'N', 'N', 'dd/mm/yyyy', '/^(0[1-9]|[12][0-9]|3[01])[- /.](0[1-9]|1[012])[- /.](19|20)\\d\\d$/i', 'd/m/Y', 'N'),
(0011, 'ar_SA', 'العربية - المملكة العربية السعودية', NULL, 'Y', 'N', 'N', 'dd/mm/yyyy', '/^(0[1-9]|[12][0-9]|3[01])[- /.](0[1-9]|1[012])[- /.](19|20)\\d\\d$/i', 'd/m/Y', 'Y'),
(0012, 'fr_FR', 'Français - France', NULL, 'Y', 'N', 'N', 'dd/mm/yyyy', '/^(0[1-9]|[12][0-9]|3[01])[- /.](0[1-9]|1[012])[- /.](19|20)\\d\\d$/i', 'd/m/Y', 'N'),
(0013, 'ur_PK', 'پاکستان - اُردُو', NULL, 'Y', 'N', 'N', 'dd/mm/yyyy', '/^(0[1-9]|[12][0-9]|3[01])[- /.](0[1-9]|1[012])[- /.](19|20)\\d\\d$/i', 'd/m/Y', 'Y'),
(0014, 'sw_KE', 'Swahili', NULL, 'N', 'N', 'N', 'dd/mm/yyyy', '/^(0[1-9]|[12][0-9]|3[01])[- /.](0[1-9]|1[012])[- /.](19|20)\\d\\d$/i', 'd/m/Y', 'N'),
(0015, 'pt_PT', 'Português', NULL, 'N', 'N', 'N', 'dd/mm/yyyy', '/^(0[1-9]|[12][0-9]|3[01])[- /.](0[1-9]|1[012])[- /.](19|20)\\d\\d$/i', 'd/m/Y', 'N'),
(0016, 'ro_RO', 'Română', NULL, 'Y', 'N', 'N', 'dd.mm.yyyy', '/^(0[1-9]|[12][0-9]|3[01])[- /.](0[1-9]|1[012])[- /.](19|20)\\d\\d$/i', 'd.m.Y', 'N'),
(0017, 'ja_JP', '日本語', NULL, 'N', 'N', 'N', 'yyyy-mm-dd', '/^[0-9]{4}-(0[1-9]|1[0-2])-(0[1-9]|[1-2][0-9]|3[0-1])$/', 'Y-m-d', 'N'),
(0018, 'ru_RU', 'ру́сский язы́к', NULL, 'N', 'N', 'N', 'dd.mm.yyyy', '/^(0[1-9]|[12][0-9]|3[01])[- /.](0[1-9]|1[012])[- /.](19|20)\\d\\d$/i', 'd.m.Y', 'N'),
(0019, 'uk_UA', 'українська мова', NULL, 'N', 'N', 'N', 'dd.mm.yyyy', '/^(0[1-9]|[12][0-9]|3[01])[- /.](0[1-9]|1[012])[- /.](19|20)\\d\\d$/i', 'd.m.Y', 'N'),
(0020, 'bn_BD', 'বাংলা', NULL, 'N', 'N', 'N', 'dd/mm/yyyy', '/^(0[1-9]|[12][0-9]|3[01])[- /.](0[1-9]|1[012])[- /.](19|20)\\d\\d$/i', 'd/m/Y', 'N'),
(0021, 'da_DK', 'Dansk - Danmark', NULL, 'N', 'N', 'N', 'dd/mm/yyyy', '/^(0[1-9]|[12][0-9]|3[01])[- /.](0[1-9]|1[012])[- /.](19|20)\\d\\d$/i', 'd/m/Y', 'N'),
(0022, 'fa_IR', 'فارسی', NULL, 'N', 'N', 'N', 'dd/mm/yyyy', '/^(0[1-9]|[12][0-9]|3[01])[- /.](0[1-9]|1[012])[- /.](19|20)\\d\\d$/i', 'd/m/Y', 'Y'),
(0023, 'pt_BR', 'Português - Brasil', NULL, 'Y', 'N', 'N', 'dd/mm/yyyy', '/^(0[1-9]|[12][0-9]|3[01])[- /.](0[1-9]|1[012])[- /.](19|20)\\d\\d$/i', 'd/m/Y', 'N'),
(0024, 'ka_GE', 'ქართული ენა', NULL, 'N', 'N', 'N', 'dd/mm/yyyy', '/^(0[1-9]|[12][0-9]|3[01])[- /.](0[1-9]|1[012])[- /.](19|20)\\d\\d$/i', 'd/m/Y', 'N'),
(0025, 'nl_NL', 'Dutch - Nederland', NULL, 'Y', 'N', 'N', 'dd-mm-yyyy', '/^(0[1-9]|[12][0-9]|3[01])[-](0[1-9]|1[012])[-](19|20)\\d\\d$/i', 'd-m-Y', 'N'),
(0026, 'hu_HU', 'Magyar - Magyarország', NULL, 'N', 'N', 'N', 'dd-mm-yyyy', '/^(0[1-9]|[12][0-9]|3[01])[-](0[1-9]|1[012])[-](19|20)\\d\\d$/i', 'd-m-Y', 'N'),
(0027, 'bg_BG', 'български език', NULL, 'N', 'N', 'N', 'dd-mm-yyyy', '/^(0[1-9]|[12][0-9]|3[01])[-](0[1-9]|1[012])[-](19|20)\\d\\d$/i', 'd-m-Y', 'N'),
(0028, 'ko_KP', '한국어 - 대한민국', NULL, 'N', 'N', 'N', 'dd-mm-yyyy', '/^(0[1-9]|[12][0-9]|3[01])[-](0[1-9]|1[012])[-](19|20)\\d\\d$/i', 'd-m-Y', 'N'),
(0029, 'fi_FI', 'Suomen Kieli - Suomi', NULL, 'N', 'N', 'N', 'dd-mm-yyyy', '/^(0[1-9]|[12][0-9]|3[01])[-](0[1-9]|1[012])[-](19|20)\\d\\d$/i', 'd-m-Y', 'N'),
(0030, 'de_DE', 'Deutsch - Deutschland', NULL, 'N', 'N', 'N', 'dd-mm-yyyy', '/^(0[1-9]|[12][0-9]|3[01])[-](0[1-9]|1[012])[-](19|20)\\d\\d$/i', 'd-m-Y', 'N'),
(0031, 'in_OR', 'ଓଡ଼ିଆ - इंडिया', NULL, 'N', 'N', 'N', 'dd-mm-yyyy', '/^(0[1-9]|[12][0-9]|3[01])[-](0[1-9]|1[012])[-](19|20)\\d\\d$/i', 'd-m-Y', 'N'),
(0032, 'no_NO', 'Norsk - Norge', NULL, 'N', 'N', 'N', 'dd-mm-yyyy', '/^(0[1-9]|[12][0-9]|3[01])[-](0[1-9]|1[012])[-](19|20)\\d\\d$/i', 'd-m-Y', 'N'),
(0033, 'vi_VN', 'Tiếng Việt - Việt Nam', NULL, 'Y', 'N', 'N', 'dd-mm-yyyy', '/^(0[1-9]|[12][0-9]|3[01])[-](0[1-9]|1[012])[-](19|20)\\d\\d$/i', 'd-m-Y', 'N'),
(0034, 'sq_AL', 'Shqip - Shqipëri', NULL, 'Y', 'N', 'N', 'dd-mm-yyyy', '/^(0[1-9]|[12][0-9]|3[01])[-](0[1-9]|1[012])[-](19|20)\\d\\d$/i', 'd-m-Y', 'N'),
(0035, 'th_TH', 'ภาษาไทย - ราชอาณาจักรไทย', NULL, 'Y', 'N', 'N', 'dd-mm-yyyy', '/^(0[1-9]|[12][0-9]|3[01])[-](0[1-9]|1[012])[-](19|20)\\d\\d$/i', 'd-m-Y', 'N'),
(0036, 'el_GR', 'ελληνικά - Ελλάδα', NULL, 'N', 'N', 'N', 'dd-mm-yyyy', '/^(0[1-9]|[12][0-9]|3[01])[-](0[1-9]|1[012])[-](19|20)\\d\\d$/i', 'd-m-Y', 'N'),
(0037, 'am_ET', 'አማርኛ - ኢትዮጵያ', NULL, 'N', 'N', 'N', 'dd/mm/yyyy', '/^(0[1-9]|[12][0-9]|3[01])[- /.](0[1-9]|1[012])[- /.](19|20)\\d\\d$/i', 'd/m/Y', 'N'),
(0038, 'om_ET', 'Afaan Oromo - Ethiopia', NULL, 'N', 'N', 'N', 'dd/mm/yyyy', '/^(0[1-9]|[12][0-9]|3[01])[- /.](0[1-9]|1[012])[- /.](19|20)\\d\\d$/i', 'd/m/Y', 'N'),
(0039, 'hr_HR', 'Hrvatski - Hrvatska', NULL, 'Y', 'N', 'N', 'dd/mm/yyyy', '/^(0[1-9]|[12][0-9]|3[01])[- /.](0[1-9]|1[012])[- /.](19|20)\\d\\d$/i', 'd/m/Y', 'N'),
(0040, 'et_EE', 'Eesti Keel - Eesti', NULL, 'N', 'N', 'N', 'dd/mm/yyyy', '/^(0[1-9]|[12][0-9]|3[01])[- /.](0[1-9]|1[012])[- /.](19|20)\\d\\d$/i', 'd/m/Y', 'N'),
(0041, 'he_IL', 'עברית - ישראל', NULL, 'Y', 'N', 'N', 'dd.mm.yyyy', '/^(0[1-9]|[12][0-9]|3[01])[- /.](0[1-9]|1[012])[- /.](19|20)\\d\\d$/i', 'd.m.Y', 'Y'),
(0042, 'tr_TR', 'Türkçe - Türkiye', NULL, 'Y', 'N', 'N', 'dd.mm.yyyy', '/^(0[1-9]|[12][0-9]|3[01])[- /.](0[1-9]|1[012])[- /.](19|20)\\d\\d$/i', 'd.m.Y', 'N'),
(0043, 'my_MM', 'မြန်မာ - မြန်မာ', NULL, 'N', 'N', 'N', 'dd-mm-yyyy', '/^(0[1-9]|[12][0-9]|3[01])[- /.](0[1-9]|1[012])[- /.](19|20)\\d\\d$/i', 'd-m-Y', 'N');

INSERT INTO `gibbonLanguage` (`gibbonLanguageID`, `name`) VALUES
(0001, 'Afrikaans'),
(0002, 'Albanian'),
(0003, 'Arabic'),
(0004, 'Armenian'),
(0005, 'Basque'),
(0006, 'Bengali'),
(0007, 'Bulgarian'),
(0008, 'Catalan'),
(0009, 'Cambodian'),
(0010, 'Chinese (Mandarin)'),
(0011, 'Chinese (Cantonese)'),
(0012, 'Croatian'),
(0013, 'Czech'),
(0014, 'Danish'),
(0015, 'Dutch'),
(0016, 'English'),
(0017, 'Estonian'),
(0018, 'Fijian'),
(0019, 'Finnish'),
(0020, 'French'),
(0021, 'Georgian'),
(0022, 'German'),
(0023, 'Greek'),
(0024, 'Gujarati'),
(0025, 'Hebrew'),
(0026, 'Hindi'),
(0027, 'Hungarian'),
(0028, 'Icelandic'),
(0029, 'Indonesian'),
(0030, 'Irish'),
(0031, 'Italian'),
(0032, 'Japanese'),
(0033, 'Javanese'),
(0034, 'Korean'),
(0035, 'Latin'),
(0036, 'Latvian'),
(0037, 'Lithuanian'),
(0038, 'Macedonian'),
(0039, 'Malay'),
(0040, 'Malayalam'),
(0041, 'Maltese'),
(0042, 'Maori'),
(0043, 'Marathi'),
(0044, 'Mongolian'),
(0045, 'Nepali'),
(0046, 'Norwegian'),
(0047, 'Persian'),
(0048, 'Polish'),
(0049, 'Portuguese'),
(0050, 'Punjabi'),
(0051, 'Quechua'),
(0052, 'Romanian'),
(0053, 'Russian'),
(0054, 'Samoan'),
(0055, 'Serbian'),
(0056, 'Slovak'),
(0057, 'Slovenian'),
(0058, 'Spanish'),
(0059, 'Swahili'),
(0060, 'Swedish'),
(0061, 'Tamil'),
(0062, 'Tatar'),
(0063, 'Telugu'),
(0064, 'Thai'),
(0065, 'Tibetan'),
(0066, 'Tongan'),
(0067, 'Turkish'),
(0068, 'Ukrainian'),
(0069, 'Urdu'),
(0070, 'Uzbek'),
(0071, 'Vietnamese'),
(0072, 'Welsh'),
(0073, 'Xhosa'),
(0074, 'Odia'),
(0075, 'Myanmar'),
(0076, 'Burmese'),
(0077, 'Filipino'),
(0078, 'Sinhala');

INSERT INTO `gibbonMedicalCondition` (`gibbonMedicalConditionID`, `name`) VALUES
(0004, 'Allergy - Animal'),
(0003, 'Allergy - Drug'),
(0001, 'Allergy - Food'),
(0005, 'Allergy - Grass/Pollen'),
(0002, 'Allergy - Insect'),
(0006, 'Allergy - Other'),
(0007, 'Asthma'),
(0012, 'Convulsions/Epilepsy'),
(0010, 'Diabetes'),
(0018, 'Dizziness or Fainting spells'),
(0020, 'Frequent Nose Bleeds'),
(0008, 'G6PD Deficiency'),
(0022, 'Hearing Impairment'),
(0015, 'Heart Condition'),
(0011, 'Hypertension'),
(0009, 'Joint Problems'),
(0013, 'Kidney Disease'),
(0027, 'Other'),
(0016, 'Previous Concussion or Head Injury'),
(0017, 'Previous Serious Injury'),
(0021, 'Psychological Condition'),
(0014, 'Rare Blood Type'),
(0019, 'Rheumatic Fever'),
(0026, 'Travel Sickness'),
(0023, 'Visual Impairment'),
(0025, 'Visual Impairment - Colour Blindness'),
(0024, 'Visual Impairment - Requiring Contact Lenses or Glasses');

INSERT INTO `gibbonnotificationevent` (`gibbonNotificationEventID`, `event`, `moduleName`, `actionName`, `type`, `scopes`, `active`, `moduleID`, `actionID`) VALUES
(000001, 'Daily Behaviour Summary', 'Behaviour', 'Find Behaviour Patterns', 'CLI', 'All', 'Y', 0119, 0000719),
(000002, 'New Negative Record', 'Behaviour', 'View Behaviour Records_all', 'Core', 'All,gibbonPersonIDStudent,gibbonYearGroupID', 'Y', 0119, 0000608),
(000003, 'New Positive Record', 'Behaviour', 'View Behaviour Records_all', 'Core', 'All,gibbonPersonIDStudent,gibbonYearGroupID', 'Y', 0119, 0000608),
(000004, 'Family Data Updates', 'Data Updater', 'Family Data Updates', 'Core', 'All', 'Y', 0008, 0000766),
(000005, 'Finance Data Updates', 'Data Updater', 'Finance Data Updates', 'Core', 'All', 'Y', 0008, 0000775),
(000006, 'Medical Form Updates', 'Data Updater', 'Medical Form Updates', 'Core', 'All', 'Y', 0008, 0000065),
(000007, 'Personal Data Updates', 'Data Updater', 'Personal Data Updates', 'Core', 'All', 'Y', 0008, 0000063),
(000008, 'Login - Failed', 'User Admin', 'Manage Users', 'Core', 'All', 'Y', 0002, NULL),
(000009, 'New Public Registration', 'User Admin', 'Manage Users', 'Core', 'All', 'Y', 0002, NULL),
(000010, 'New Application Form', 'Students', 'View Student Profile_full', 'Core', 'All', 'Y', 0005, 0000024),
(000011, 'New Application Form', 'Staff', 'Manage Applications', 'Core', 'All', 'Y', 0136, 0000858),
(000012, 'Student Withdrawn', 'Activities', 'Manage Activities', 'Core', 'All,gibbonPersonIDStudent,gibbonYearGroupID', 'Y', 0015, 0000055),
(000013, 'New Activity Registration', 'Activities', 'Manage Activities', 'Core', 'All,gibbonPersonIDStudent,gibbonYearGroupID', 'Y', 0015, 0000055),
(000014, 'Updated Individual Needs', 'Individual Needs', 'Individual Needs Records_viewEdit', 'Core', 'All,gibbonPersonIDStudent,gibbonYearGroupID', 'Y', 0011, 0000046),
(000015, 'New Student Note', 'Students', 'View Student Profile_full', 'Core', 'All,gibbonPersonIDStudent,gibbonYearGroupID', 'Y', 0005, 0000024),
(000016, 'Updated Privacy Settings', 'Students', 'View Student Profile_full', 'Core', 'All,gibbonPersonIDStudent,gibbonYearGroupID', 'Y', 0005, 0000024),
(000017, 'Daily Attendance Summary', 'Attendance', 'Roll Groups Not Registered', 'CLI', 'All', 'Y', 0006, 0000030),
(000018, 'User Status Check and Fix', 'User Admin', 'Manage Users', 'CLI', 'All', 'Y', 0002, NULL),
(000020, 'Behaviour Letters', 'Behaviour', 'View Behaviour Records_all', 'CLI', 'All', 'Y', 0119, 0000608),
(000021, 'Parent Weekly Email Summary', 'Planner', 'Parent Weekly Email Summary', 'CLI', 'All', 'Y', 0009, 0000810),
(000022, 'Application Form Accepted', 'Students', 'View Student Profile_full', 'Core', 'All,gibbonYearGroupID', 'Y', 0005, 0000024),
(000023, 'Weekly Attendance Summary', 'Attendance', 'Attendance Summary by Date', 'CLI', 'All,gibbonYearGroupID', 'Y', 0006, 0000880),
(000024, 'Student Bumped', 'Activities', 'Manage Activities', 'Core', 'All', 'Y', 0015, 0000055),
(000025, 'Updated Behaviour Record', 'Behaviour', 'View Behaviour Records_all', 'Core', 'All,gibbonPersonIDStudent,gibbonYearGroupID', 'Y', 0119, 0000608);

INSERT INTO `gibbonScale` (`gibbonScaleID`, `name`, `nameShort`, `usage`, `lowestAcceptable`, `active`, `numeric`) VALUES
(00001, 'International Baccalaureate', 'IB', '7 (highest) to 1 (lowest)', '', 'N', 'Y'),
(00002, 'International Baccalaureate EE', 'IBEE', 'A (highest) to E (lowest)', '', 'N', 'N'),
(00003, 'United Kingdom GCSE/iGCSE', 'GCSE', 'A* (highest) to U (lowest)', '', 'Y', 'N'),
(00004, 'Percentage', '%', '100 (highest) to 0 (lowest)', '51', 'Y', 'Y'),
(00005, 'Full Letter Grade', 'FLG', 'A+ (highest) to F (lowest)', '', 'N', 'N'),
(00006, 'Simple Letter Grade', 'SLG', 'A (highest) to F (lowest)', '', 'N', 'N'),
(00007, 'International College HK', 'ICHK', '7 (highest) to 1 (lowest)', '4', 'Y', 'Y'),
(00009, 'Completion', 'Comp', 'Has task has been completed?', '1', 'Y', 'N'),
(00010, 'Cognitive Abilities Test', 'CAT', '140 (highest) to 60 (lowest)', '70', 'Y', 'Y'),
(00011, 'UK National Curriculum KS3', 'KS3', '8A (highest) to B3 (lowest)', '14', 'Y', 'N'),
(00012, 'United Kingdom GCSE/iGCSE Predicted', 'GPrd', '8A (highest) to B3 (lowest)', '', 'Y', 'N'),
(00013, 'IB Diploma (Subject)', 'IBDS', '7 (highest) to 1 (lowest)', '4', 'Y', 'Y'),
(00014, 'IB Diploma (Total)', 'IBDT', '45 (highest) to 0', '22', 'Y', 'Y'),
(00015, 'UK National Curriculum KS3 Simplified', 'KS3S', 'Level 8 (highest) to Level 3 (lowest)', '4', 'Y', 'N');

INSERT INTO `gibbonScaleGrade` (`gibbonScaleGradeID`, `gibbonScaleID`, `value`, `descriptor`, `sequenceNumber`, `isDefault`) VALUES
(0000001, 00001, '7', '7', 1, 'N'),
(0000002, 00001, '6', '6', 2, 'N'),
(0000003, 00001, '5', '5', 3, 'N'),
(0000004, 00001, '4', '4', 4, 'N'),
(0000005, 00001, '3', '3', 5, 'N'),
(0000006, 00001, '2', '2', 6, 'N'),
(0000007, 00001, '1', '1', 7, 'N'),
(0000008, 00002, 'A', '49–60', 1, 'N'),
(0000009, 00002, 'B', '40–48', 2, 'N'),
(0000010, 00002, 'C', '32–39', 3, 'N'),
(0000011, 00002, 'D', '22–31', 4, 'N'),
(0000012, 00002, 'E', '0–21', 5, 'N'),
(0000013, 00003, 'A*', 'A*', 1, 'N'),
(0000014, 00003, 'A', 'A', 2, 'N'),
(0000015, 00003, 'B', 'B', 3, 'N'),
(0000016, 00003, 'C', 'C', 4, 'N'),
(0000017, 00003, 'D', 'D', 5, 'N'),
(0000018, 00003, 'E', 'E', 6, 'N'),
(0000019, 00003, 'F', 'F', 7, 'N'),
(0000020, 00003, 'G', 'G', 8, 'N'),
(0000021, 00003, 'U', 'Unclassified', 9, 'N'),
(0000022, 00004, '100%', '100%', 1, 'N'),
(0000023, 00004, '99%', '99%', 2, 'N'),
(0000024, 00004, '98%', '98%', 3, 'N'),
(0000025, 00004, '97%', '97%', 4, 'N'),
(0000026, 00004, '96%', '96%', 5, 'N'),
(0000027, 00004, '95%', '95%', 6, 'N'),
(0000028, 00004, '94%', '94%', 7, 'N'),
(0000029, 00004, '93%', '93%', 8, 'N'),
(0000030, 00004, '92%', '92%', 9, 'N'),
(0000031, 00004, '91%', '91%', 10, 'N'),
(0000032, 00004, '90%', '90%', 11, 'N'),
(0000033, 00004, '89%', '89%', 12, 'N'),
(0000034, 00004, '88%', '88%', 13, 'N'),
(0000035, 00004, '87%', '87%', 14, 'N'),
(0000036, 00004, '86%', '86%', 15, 'N'),
(0000037, 00004, '85%', '85%', 16, 'N'),
(0000038, 00004, '84%', '84%', 17, 'N'),
(0000039, 00004, '83%', '83%', 18, 'N'),
(0000040, 00004, '82%', '82%', 19, 'N'),
(0000041, 00004, '81%', '81%', 20, 'N'),
(0000042, 00004, '80%', '80%', 21, 'N'),
(0000043, 00004, '79%', '79%', 22, 'N'),
(0000044, 00004, '78%', '78%', 23, 'N'),
(0000045, 00004, '77%', '77%', 24, 'N'),
(0000046, 00004, '76%', '76%', 25, 'N'),
(0000047, 00004, '75%', '75%', 26, 'N'),
(0000048, 00004, '74%', '74%', 27, 'N'),
(0000049, 00004, '73%', '73%', 28, 'N'),
(0000050, 00004, '72%', '72%', 29, 'N'),
(0000051, 00004, '71%', '71%', 30, 'N'),
(0000052, 00004, '70%', '70%', 31, 'N'),
(0000053, 00004, '69%', '69%', 32, 'N'),
(0000054, 00004, '68%', '68%', 33, 'N'),
(0000055, 00004, '67%', '67%', 34, 'N'),
(0000056, 00004, '66%', '66%', 35, 'N'),
(0000057, 00004, '65%', '65%', 36, 'N'),
(0000058, 00004, '64%', '64%', 37, 'N'),
(0000059, 00004, '63%', '63%', 38, 'N'),
(0000060, 00004, '62%', '62%', 39, 'N'),
(0000061, 00004, '61%', '61%', 40, 'N'),
(0000062, 00004, '60%', '60%', 41, 'N'),
(0000063, 00004, '59%', '59%', 42, 'N'),
(0000064, 00004, '58%', '58%', 43, 'N'),
(0000065, 00004, '57%', '57%', 44, 'N'),
(0000066, 00004, '56%', '56%', 45, 'N'),
(0000067, 00004, '55%', '55%', 46, 'N'),
(0000068, 00004, '54%', '54%', 47, 'N'),
(0000069, 00004, '53%', '53%', 48, 'N'),
(0000070, 00004, '52%', '52%', 49, 'N'),
(0000071, 00004, '51%', '51%', 50, 'N'),
(0000072, 00004, '50%', '50%', 51, 'N'),
(0000073, 00004, '49%', '49%', 52, 'N'),
(0000074, 00004, '48%', '48%', 53, 'N'),
(0000075, 00004, '47%', '47%', 54, 'N'),
(0000076, 00004, '46%', '46%', 55, 'N'),
(0000077, 00004, '45%', '45%', 56, 'N'),
(0000078, 00004, '44%', '44%', 57, 'N'),
(0000079, 00004, '43%', '43%', 58, 'N'),
(0000080, 00004, '42%', '42%', 59, 'N'),
(0000081, 00004, '41%', '41%', 60, 'N'),
(0000082, 00004, '40%', '40%', 61, 'N'),
(0000083, 00004, '39%', '39%', 62, 'N'),
(0000084, 00004, '38%', '38%', 63, 'N'),
(0000085, 00004, '37%', '37%', 64, 'N'),
(0000086, 00004, '36%', '36%', 65, 'N'),
(0000087, 00004, '35%', '35%', 66, 'N'),
(0000088, 00004, '34%', '34%', 67, 'N'),
(0000089, 00004, '33%', '33%', 68, 'N'),
(0000090, 00004, '32%', '32%', 69, 'N'),
(0000091, 00004, '31%', '31%', 70, 'N'),
(0000092, 00004, '30%', '30%', 71, 'N'),
(0000093, 00004, '29%', '29%', 72, 'N'),
(0000094, 00004, '28%', '28%', 73, 'N'),
(0000095, 00004, '27%', '27%', 74, 'N'),
(0000096, 00004, '26%', '26%', 75, 'N'),
(0000097, 00004, '25%', '25%', 76, 'N'),
(0000098, 00004, '24%', '24%', 77, 'N'),
(0000099, 00004, '23%', '23%', 78, 'N'),
(0000100, 00004, '22%', '22%', 79, 'N'),
(0000101, 00004, '21%', '21%', 80, 'N'),
(0000102, 00004, '20%', '20%', 81, 'N'),
(0000103, 00004, '19%', '19%', 82, 'N'),
(0000104, 00004, '18%', '18%', 83, 'N'),
(0000105, 00004, '17%', '17%', 84, 'N'),
(0000106, 00004, '16%', '16%', 85, 'N'),
(0000107, 00004, '15%', '15%', 86, 'N'),
(0000108, 00004, '14%', '14%', 87, 'N'),
(0000109, 00004, '13%', '13%', 88, 'N'),
(0000110, 00004, '12%', '12%', 89, 'N'),
(0000111, 00004, '11%', '11%', 90, 'N'),
(0000112, 00004, '10%', '10%', 91, 'N'),
(0000113, 00004, '9%', '9%', 92, 'N'),
(0000114, 00004, '8%', '8%', 93, 'N'),
(0000115, 00004, '7%', '7%', 94, 'N'),
(0000116, 00004, '6%', '6%', 95, 'N'),
(0000117, 00004, '5%', '5%', 96, 'N'),
(0000118, 00004, '4%', '4%', 97, 'N'),
(0000119, 00004, '3%', '3%', 98, 'N'),
(0000120, 00004, '2%', '2%', 99, 'N'),
(0000121, 00004, '1%', '2%', 100, 'N'),
(0000122, 00004, '0%', '0%', 101, 'N'),
(0000123, 00005, 'A+', 'A+', 1, 'N'),
(0000124, 00005, 'A', 'A', 2, 'N'),
(0000125, 00005, 'A-', 'A-', 3, 'N'),
(0000126, 00005, 'B+', 'B+', 4, 'N'),
(0000127, 00005, 'B', 'B', 5, 'N'),
(0000128, 00005, 'B-', 'B-', 6, 'N'),
(0000129, 00005, 'C+', 'C+', 7, 'N'),
(0000130, 00005, 'C', 'C', 8, 'N'),
(0000131, 00005, 'C-', 'C-', 9, 'N'),
(0000132, 00005, 'D+', 'D+', 10, 'N'),
(0000133, 00005, 'D', 'D', 11, 'N'),
(0000134, 00005, 'D-', 'D-', 12, 'N'),
(0000135, 00005, 'E+', 'E+', 13, 'N'),
(0000136, 00005, 'E', 'E', 14, 'N'),
(0000137, 00005, 'E-', 'E-', 15, 'N'),
(0000138, 00005, 'F', 'F', 16, 'N'),
(0000139, 00006, 'A', 'A', 1, 'N'),
(0000140, 00006, 'B', 'B', 2, 'N'),
(0000141, 00006, 'C', 'C', 3, 'N'),
(0000142, 00006, 'D', 'D', 4, 'N'),
(0000143, 00006, 'E', 'E', 5, 'N'),
(0000144, 00006, 'F', 'F', 6, 'N'),
(0000145, 00007, '7', 'Exceptional  Performance', 1, 'N'),
(0000146, 00007, '6', 'Well Above Expected Level', 2, 'N'),
(0000147, 00007, '5', 'Above Expected Level', 3, 'N'),
(0000148, 00007, '4', 'At Expected Level', 4, 'N'),
(0000149, 00007, '3', 'Below Expected Level', 5, 'N'),
(0000150, 00007, '2', 'Well Below Expected Level', 6, 'N'),
(0000151, 00007, '1', 'Cause For Concern', 7, 'N'),
(0000152, 00009, 'Complete', 'Work complete', 1, 'N'),
(0000153, 00009, 'Incomplete', 'Work incomplete', 3, 'N'),
(0000154, 00009, 'Late', 'Work submitted late', 2, 'N'),
(0000155, 00007, 'Incomplete', 'Work incomplete', 8, 'N'),
(0000156, 00001, 'Incomplete', 'Work incomplete', 8, 'N'),
(0000157, 00003, 'Incomplete', 'Work incomplete', 10, 'N'),
(0000158, 00004, 'Incomplete', 'Work incomplete', 102, 'N'),
(0000159, 00005, 'Incomplete', 'Work incomplete', 17, 'N'),
(0000160, 00006, 'Incomplete', 'Work incomplete', 7, 'N'),
(0000162, 00010, '60', '60', 110, 'N'),
(0000163, 00010, '61', '61', 109, 'N'),
(0000164, 00010, '62', '62', 108, 'N'),
(0000165, 00010, '63', '63', 107, 'N'),
(0000166, 00010, '64', '64', 106, 'N'),
(0000167, 00010, '65', '65', 105, 'N'),
(0000168, 00010, '66', '66', 104, 'N'),
(0000169, 00010, '67', '67', 103, 'N'),
(0000170, 00010, '68', '68', 102, 'N'),
(0000171, 00010, '69', '69', 101, 'N'),
(0000172, 00010, '70', '70', 100, 'N'),
(0000173, 00010, '71', '71', 99, 'N'),
(0000174, 00010, '72', '72', 98, 'N'),
(0000175, 00010, '73', '73', 97, 'N'),
(0000176, 00010, '74', '74', 96, 'N'),
(0000177, 00010, '75', '75', 95, 'N'),
(0000178, 00010, '76', '76', 94, 'N'),
(0000179, 00010, '77', '77', 93, 'N'),
(0000180, 00010, '78', '78', 92, 'N'),
(0000181, 00010, '79', '79', 91, 'N'),
(0000182, 00010, '80', '80', 90, 'N'),
(0000183, 00010, '81', '81', 89, 'N'),
(0000184, 00010, '82', '82', 88, 'N'),
(0000185, 00010, '83', '83', 87, 'N'),
(0000186, 00010, '84', '84', 86, 'N'),
(0000187, 00010, '85', '85', 85, 'N'),
(0000188, 00010, '86', '86', 84, 'N'),
(0000189, 00010, '87', '87', 83, 'N'),
(0000190, 00010, '88', '88', 82, 'N'),
(0000191, 00010, '89', '89', 81, 'N'),
(0000192, 00010, '90', '90', 80, 'N'),
(0000193, 00010, '91', '91', 79, 'N'),
(0000194, 00010, '92', '92', 78, 'N'),
(0000195, 00010, '93', '93', 77, 'N'),
(0000196, 00010, '94', '94', 76, 'N'),
(0000197, 00010, '95', '95', 75, 'N'),
(0000198, 00010, '96', '96', 74, 'N'),
(0000199, 00010, '97', '97', 73, 'N'),
(0000200, 00010, '98', '98', 72, 'N'),
(0000201, 00010, '99', '99', 71, 'N'),
(0000202, 00010, '100', '100', 70, 'N'),
(0000203, 00010, '101', '101', 69, 'N'),
(0000204, 00010, '102', '102', 68, 'N'),
(0000205, 00010, '103', '103', 67, 'N'),
(0000206, 00010, '104', '104', 66, 'N'),
(0000207, 00010, '105', '105', 65, 'N'),
(0000208, 00010, '106', '106', 64, 'N'),
(0000209, 00010, '107', '107', 63, 'N'),
(0000210, 00010, '108', '108', 62, 'N'),
(0000211, 00010, '109', '109', 61, 'N'),
(0000212, 00010, '110', '110', 60, 'N'),
(0000213, 00010, '111', '111', 59, 'N'),
(0000214, 00010, '112', '112', 58, 'N'),
(0000215, 00010, '113', '113', 57, 'N'),
(0000216, 00010, '114', '114', 56, 'N'),
(0000217, 00010, '115', '115', 55, 'N'),
(0000218, 00010, '116', '116', 54, 'N'),
(0000219, 00010, '117', '117', 53, 'N'),
(0000220, 00010, '118', '118', 52, 'N'),
(0000221, 00010, '119', '119', 51, 'N'),
(0000222, 00010, '120', '120', 50, 'N'),
(0000223, 00010, '121', '121', 49, 'N'),
(0000224, 00010, '122', '122', 48, 'N'),
(0000225, 00010, '123', '123', 47, 'N'),
(0000226, 00010, '124', '124', 46, 'N'),
(0000227, 00010, '125', '125', 45, 'N'),
(0000228, 00010, '126', '126', 44, 'N'),
(0000229, 00010, '127', '127', 43, 'N'),
(0000230, 00010, '128', '128', 42, 'N'),
(0000231, 00010, '129', '129', 41, 'N'),
(0000232, 00010, '130', '130', 40, 'N'),
(0000233, 00010, '131', '131', 39, 'N'),
(0000234, 00010, '132', '132', 38, 'N'),
(0000235, 00010, '133', '133', 37, 'N'),
(0000236, 00010, '134', '134', 36, 'N'),
(0000237, 00010, '135', '135', 35, 'N'),
(0000238, 00010, '136', '136', 34, 'N'),
(0000239, 00010, '137', '137', 33, 'N'),
(0000240, 00010, '138', '138', 32, 'N'),
(0000241, 00010, '139', '139', 31, 'N'),
(0000242, 00010, '140', '140', 30, 'N'),
(0000243, 00011, '8A', '8A', 1, 'N'),
(0000244, 00011, '8B', '8B', 2, 'N'),
(0000245, 00011, '8C', '8C', 3, 'N'),
(0000246, 00011, '7A', '7A', 4, 'N'),
(0000247, 00011, '7B', '7B', 5, 'N'),
(0000248, 00011, '7C', '7C', 6, 'N'),
(0000249, 00011, '6A', '6A', 7, 'N'),
(0000250, 00011, '6B', '6B', 8, 'N'),
(0000251, 00011, '6C', '6C', 9, 'N'),
(0000252, 00011, '5A', '5A', 10, 'N'),
(0000253, 00011, '5B', '5B', 11, 'N'),
(0000254, 00011, '5C', '5C', 12, 'N'),
(0000255, 00011, '4A', '4A', 13, 'N'),
(0000256, 00011, '4B', '4B', 14, 'N'),
(0000257, 00011, '4C', '4C', 15, 'N'),
(0000258, 00011, 'B3', 'B3', 16, 'N'),
(0000259, 00012, 'A', 'A', 1, 'N'),
(0000260, 00012, 'A/B', 'A/B', 2, 'N'),
(0000261, 00012, 'B', 'B', 3, 'N'),
(0000262, 00012, 'B/C', 'B/C', 4, 'N'),
(0000263, 00012, 'C', 'C', 5, 'N'),
(0000264, 00012, 'C/D', 'C/D', 6, 'N'),
(0000265, 00012, 'D', 'D', 7, 'N'),
(0000266, 00012, 'D/E', 'D/E', 8, 'N'),
(0000267, 00012, 'E', 'E', 9, 'N'),
(0000268, 00012, 'E/F', 'E/F', 10, 'N'),
(0000269, 00012, 'F', 'F', 11, 'N'),
(0000270, 00012, 'G', 'G', 12, 'N'),
(0000271, 00012, 'U', 'Unclassified', 13, 'N'),
(0000272, 00010, '141', '141', 29, 'N'),
(0000273, 00013, '7', '7', 1, 'N'),
(0000274, 00013, '6', '6', 2, 'N'),
(0000275, 00013, '5', '5', 3, 'N'),
(0000276, 00013, '4', '4', 4, 'N'),
(0000277, 00013, '3', '3', 5, 'N'),
(0000278, 00013, '2', '2', 6, 'N'),
(0000279, 00013, '1', '1', 7, 'N'),
(0000280, 00014, '45', '45', 1, 'N'),
(0000281, 00014, '44', '44', 2, 'N'),
(0000282, 00014, '43', '43', 3, 'N'),
(0000283, 00014, '42', '42', 4, 'N'),
(0000284, 00014, '41', '41', 5, 'N'),
(0000285, 00014, '40', '40', 6, 'N'),
(0000286, 00014, '39', '39', 7, 'N'),
(0000287, 00014, '38', '38', 8, 'N'),
(0000288, 00014, '37', '37', 9, 'N'),
(0000289, 00014, '36', '36', 10, 'N'),
(0000290, 00014, '35', '35', 11, 'N'),
(0000291, 00014, '34', '34', 12, 'N'),
(0000292, 00014, '33', '33', 13, 'N'),
(0000293, 00014, '32', '32', 14, 'N'),
(0000294, 00014, '31', '31', 15, 'N'),
(0000295, 00014, '30', '30', 16, 'N'),
(0000296, 00014, '29', '29', 17, 'N'),
(0000297, 00014, '28', '28', 18, 'N'),
(0000298, 00014, '27', '27', 19, 'N'),
(0000299, 00014, '26', '26', 20, 'N'),
(0000300, 00014, '25', '25', 21, 'N'),
(0000301, 00014, '24', '24', 22, 'N'),
(0000302, 00014, '23', '23', 23, 'N'),
(0000303, 00014, '22', '22', 24, 'N'),
(0000304, 00014, '21', '21', 25, 'N'),
(0000305, 00014, '20', '20', 26, 'N'),
(0000306, 00014, '19', '19', 27, 'N'),
(0000307, 00014, '18', '18', 28, 'N'),
(0000308, 00014, '17', '17', 29, 'N'),
(0000309, 00014, '16', '16', 30, 'N'),
(0000310, 00014, '15', '15', 31, 'N'),
(0000311, 00014, '14', '14', 32, 'N'),
(0000312, 00014, '13', '13', 33, 'N'),
(0000313, 00014, '12', '12', 34, 'N'),
(0000314, 00014, '11', '11', 35, 'N'),
(0000315, 00014, '10', '10', 36, 'N'),
(0000316, 00014, '9', '9', 37, 'N'),
(0000317, 00014, '8', '8', 38, 'N'),
(0000318, 00014, '7', '7', 39, 'N'),
(0000319, 00014, '6', '6', 40, 'N'),
(0000320, 00014, '5', '5', 41, 'N'),
(0000321, 00014, '4', '4', 42, 'N'),
(0000322, 00014, '3', '3', 43, 'N'),
(0000323, 00014, '2', '2', 44, 'N'),
(0000324, 00014, '1', '1', 45, 'N'),
(0000325, 00015, '8', 'Level 8', 1, 'N'),
(0000326, 00015, '7', 'Level 7', 2, 'N'),
(0000327, 00015, '6', 'Level 6', 3, 'N'),
(0000328, 00015, '5', 'Level 5', 4, 'N'),
(0000329, 00015, '4', 'Level 4', 5, 'N'),
(0000330, 00015, '3', 'Level 3', 6, 'N');

INSERT INTO `gibbonSchoolYear` (`gibbonSchoolYearID`, `name`, `status`, `sequenceNumber`, `firstDay`, `lastDay`) VALUES
(023, '2017-2018', 'Past', 1, '2017-08-16', '2018-06-28'),
(024, '2018-2019', 'Past', 2, '2018-08-20', '2019-06-30'),
(025, '2019-2020', 'Current', 3, '2019-08-20', '2020-06-30'),
(026, '2020-2021', 'Upcoming', 4, '2020-08-20', '2021-06-30');

INSERT INTO `gibbonSchoolYearTerm` (`gibbonSchoolYearTermID`, `gibbonSchoolYearID`, `sequenceNumber`, `name`, `nameShort`, `firstDay`, `lastDay`) VALUES
(00025, 023, 22, 'Term 1', 'T1', '2017-08-16', '2017-12-15'),
(00026, 023, 23, 'Term 2', 'T2', '2018-01-08', '2018-03-28'),
(00027, 023, 24, 'Term 3', 'T3', '2018-04-16', '2018-06-28'),
(00028, 024, 25, 'Term 1', 'T1', '2018-08-16', '2018-12-15'),
(00029, 024, 26, 'Term 2', 'T2', '2019-01-08', '2019-03-28'),
(00030, 024, 27, 'Term 3', 'T3', '2019-04-16', '2019-06-28'),
(00031, 025, 28, 'Term 1', 'T1', '2019-08-16', '2019-12-15'),
(00032, 025, 29, 'Term 2', 'T2', '2020-01-08', '2020-03-28'),
(00033, 025, 30, 'Term 3', 'T3', '2020-04-16', '2020-06-28'),
(00034, 026, 31, 'Term 1', 'T1', '2020-08-16', '2020-12-15'),
(00035, 026, 32, 'Term 2', 'T2', '2021-01-08', '2021-03-28'),
(00036, 026, 33, 'Term 3', 'T3', '2021-04-16', '2021-06-28');

INSERT INTO `gibbonSetting` (`gibbonSettingID`, `scope`, `name`, `nameDisplay`, `description`, `value`) VALUES
(00001, 'System', 'absoluteURL', 'Base URL', 'The address at which the whole system resides.', ''),
(00002, 'System', 'organisationName', 'Organisation Name', '', ''),
(00003, 'System', 'organisationNameShort', 'Organisation Initials', '', ''),
(00006, 'System', 'pagination', 'Pagination Count', 'Must be numeric. Number of records shown per page.', '50'),
(00007, 'System', 'systemName', 'System Name', '', 'Kookaburra'),
(00008, 'System', 'indexText', 'Index Page Text', 'Text displayed in system\'s welcome page.', 'Welcome to Kookaburra, the free, open, flexible school platform. Designed by teachers for learning, Kookaburra gives you the school tools you need. Kookaburra is a fork of Gibbon.'),
(00009, 'System', 'absolutePath', 'Base Path', 'The local FS path to the system', ''),
(00011, 'System', 'timezone', 'Timezone', 'The timezone where the school is located', 'Asia/Hong_Kong'),
(00013, 'System', 'analytics', 'Analytics', 'Javascript code to integrate statistics, such as Google Analytics', ''),
(00014, 'System', 'emailLink', 'Link To Email', 'The link that points to the school/\'s email system', ''),
(00015, 'System', 'webLink', 'Link To Web', 'The link that points to the school/\'s website', ''),
(00018, 'System', 'defaultAssessmentScale', 'Default Assessment Scale', 'This is the scale used as a default where assessment scales need to be selected.', '00007'),
(00021, 'System', 'country', 'Country', 'The country the school is located in', ''),
(00022, 'System', 'organisationLogo', 'Logo', 'Relative path to site logo (400 x 100px)', 'themes/Default/img/logo.png'),
(00023, 'System', 'calendarFeed', 'School Google Calendar ID', 'Google Calendar ID for your school calendar. Only enables timetable integration when logging in via Google.', ''),
(00024, 'Activities', 'access', 'Access', 'System-wide access control', 'Register'),
(00025, 'Activities', 'payment', 'Payment', 'Payment system', 'Per Activity'),
(00026, 'Activities', 'enrolmentType', 'Enrolment Type', 'Enrolment process type', 'Competitive'),
(00027, 'Activities', 'backupChoice', 'Backup Choice', 'Allow students to choose a backup, in case enroled activity is full.', 'Y'),
(00028, 'Activities', 'activityTypes', 'Activity Types', 'Comma-seperated list of the different activity types available in school. Leave blank to disalbe this feature.', 'Creativity,Action,Service'),
(00029, 'Application Form', 'introduction', 'Introduction', 'Information to display before the form', ''),
(00030, 'Application Form', 'postscript', 'Postscript', 'Information to display at the end of the form', ''),
(00031, 'Application Form', 'scholarships', 'Scholarships', 'Information to display before the scholarship options', ''),
(00032, 'Application Form', 'agreement', 'Agreement', 'Without this text, which is displayed above the agreement, users will not be asked to agree to anything', ''),
(00033, 'Application Form', 'publicApplications', 'Public Applications?', 'If yes, members of the public can submit applications', 'Y'),
(00034, 'Behaviour', 'positiveDescriptors', 'Positive Descriptors', 'Allowable choices for positive behaviour', 'Attitude to learning,Collaboration,Community spirit,Creativity,Effort,Leadership,Participation,Persistence,Problem solving,Quality of work,Values'),
(00035, 'Behaviour', 'negativeDescriptors', 'Negative Descriptors', 'Allowable choices for negative behaviour', 'Classwork - Late,Classwork - Incomplete,Classwork - Unacceptable,Disrespectful,Disruptive,Homework - Late,Homework - Incomplete,Homework - Unacceptable,ICT Misuse,Truancy,Other'),
(00036, 'Behaviour', 'levels', 'Levels', 'Allowable choices for severity level (from lowest to highest)', ',Stage 1,Stage 1 (Actioned),Stage 2,Stage 2 (Actioned),Stage 3,Stage 3 (Actioned),Actioned'),
(00037, 'Resources', 'categories', 'Categories', 'Allowable choices for category', 'Article,Book,Document,Graphic,Idea,Music,Object,Painting,Person,Photo,Place,Poetry,Prose,Rubric,Text,Video,Website,Work Sample,Other'),
(00038, 'Resources', 'purposesGeneral', 'Purposes (General)', 'Allowable choices for purpose when creating a resource', 'Assessment Aid,Concept,Inspiration,Learner Profile,Mass Mailer Attachment,Provocation,Skill,Teaching and Learning Strategy,Other'),
(00039, 'System', 'version', 'Version', 'The version of the Gibbon database', '18.0.00'),
(00040, 'Resources', 'purposesRestricted', 'Purposes (Restricted)', 'Additional allowable choices for purpose when creating a resource, for those with \"Manage All Resources\" rights', ''),
(00041, 'System', 'organisationEmail', 'Organisation Email', 'General email address for the school', ''),
(00042, 'Activities', 'dateType', 'Date Type', 'Should activities be organised around dates (flexible) or terms (easy)?', 'Term'),
(00043, 'System', 'installType', 'Install Type', 'The purpose of this installation of Kookaburra', 'Testing'),
(00044, 'System', 'statsCollection', 'Statistics Collection', 'To track Gibbon uptake, the system tracks basic data (current URL, install type, organisation name) on each install. Do you want to help?', 'Y'),
(00045, 'Activities', 'maxPerTerm', 'Maximum Activities per Term', 'The most a student can sign up for in one term. Set to 0 for unlimited.', '0'),
(00046, 'Planner', 'lessonDetailsTemplate', 'Lesson Details Template', 'Template to be inserted into Lesson Details field', ''),
(00047, 'Planner', 'teachersNotesTemplate', 'Teacher\'s Notes Template', 'Template to be inserted into Teacher\'s Notes field', ''),
(00048, 'Planner', 'smartBlockTemplate', 'Smart Block Template', 'Template to be inserted into new block in Smart Unit', ''),
(00049, 'Planner', 'unitOutlineTemplate', 'Unit Outline Template', 'Template to be inserted into Unit Outline section of planner', ''),
(00050, 'Application Form', 'milestones', 'Milestones', 'Comma-separated list of the major steps in the application process. Applicants can be tracked through the various stages.', ''),
(00051, 'Library', 'defaultLoanLength', 'Default Loan Length', 'The standard loan length for a library item, in days', '7'),
(00052, 'Behaviour', 'policyLink', 'Policy Link', 'A link to the school behaviour policy.', ''),
(00053, 'Library', 'browseBGColor', 'Browse Library BG Color', 'RGB Hex value, without leading #. Background color used behind library browsing screen.', ''),
(00054, 'Library', 'browseBGImage', 'Browse Library BG Image', 'URL to background image used behind library browsing screen.', ''),
(00055, 'System', 'passwordPolicyAlpha', 'Password - Alpha Requirement', 'Require both upper and lower case alpha characters?', 'Y'),
(00056, 'System', 'passwordPolicyNumeric', 'Password - Numeric Requirement', 'Require at least one numeric character?', 'Y'),
(00057, 'System', 'passwordPolicyNonAlphaNumeric', 'Password - Non-Alphanumeric Requirement', 'Require at least one non-alphanumeric character (e.g. punctuation mark or space)?', 'N'),
(00058, 'System', 'passwordPolicyMinLength', 'Password - Minimum Length', 'Minimum acceptable password length.', '8'),
(00059, 'User Admin', 'ethnicity', 'Ethnicity', 'Comma-separated list of ethnicities available in system', ''),
(00060, 'User Admin', 'nationality', 'Nationality', 'Comma-separated list of nationalities available in system. If blank, system will default to list of countries', ''),
(00061, 'User Admin', 'residencyStatus', 'Residency Status', 'Comma-separated list of residency status available in system. If blank, system will allow text input', ''),
(00063, 'User Admin', 'personalDataUpdaterRequiredFields', 'Personal Data Updater Required Fields', 'Serialized array listed personal fields in data updater, and whether or not they are required.', 'a:47:{s:5:\"title\";s:1:\"N\";s:7:\"surname\";s:1:\"Y\";s:9:\"firstName\";s:1:\"N\";s:10:\"otherNames\";s:1:\"N\";s:13:\"preferredName\";s:1:\"Y\";s:12:\"officialName\";s:1:\"Y\";s:16:\"nameInCharacters\";s:1:\"N\";s:3:\"dob\";s:1:\"N\";s:5:\"email\";s:1:\"N\";s:14:\"emailAlternate\";s:1:\"N\";s:8:\"address1\";s:1:\"Y\";s:16:\"address1District\";s:1:\"N\";s:15:\"address1Country\";s:1:\"N\";s:8:\"address2\";s:1:\"N\";s:16:\"address2District\";s:1:\"N\";s:15:\"address2Country\";s:1:\"N\";s:10:\"phone1Type\";s:1:\"N\";s:17:\"phone1CountryCode\";s:1:\"N\";s:6:\"phone1\";s:1:\"N\";s:6:\"phone2\";s:1:\"N\";s:6:\"phone3\";s:1:\"N\";s:6:\"phone4\";s:1:\"N\";s:13:\"languageFirst\";s:1:\"N\";s:14:\"languageSecond\";s:1:\"N\";s:13:\"languageThird\";s:1:\"N\";s:14:\"countryOfBirth\";s:1:\"N\";s:9:\"ethnicity\";s:1:\"N\";s:12:\"citizenship1\";s:1:\"N\";s:20:\"citizenship1Passport\";s:1:\"N\";s:12:\"citizenship2\";s:1:\"N\";s:20:\"citizenship2Passport\";s:1:\"N\";s:8:\"religion\";s:1:\"N\";s:20:\"nationalIDCardNumber\";s:1:\"N\";s:15:\"residencyStatus\";s:1:\"N\";s:14:\"visaExpiryDate\";s:1:\"N\";s:10:\"profession\";s:1:\"N\";s:8:\"employer\";s:1:\"N\";s:8:\"jobTitle\";s:1:\"N\";s:14:\"emergency1Name\";s:1:\"N\";s:17:\"emergency1Number1\";s:1:\"N\";s:17:\"emergency1Number2\";s:1:\"N\";s:22:\"emergency1Relationship\";s:1:\"N\";s:14:\"emergency2Name\";s:1:\"N\";s:17:\"emergency2Number1\";s:1:\"N\";s:17:\"emergency2Number2\";s:1:\"N\";s:22:\"emergency2Relationship\";s:1:\"N\";s:19:\"vehicleRegistration\";s:1:\"N\";}'),
(00065, 'School Admin', 'primaryExternalAssessmentByYearGroup', 'Primary External Assessment By Year Group', 'Serialized array connected gibbonExternalAssessmentID to gibbonYearGroupID, and specify which field set to use.', 'a:7:{s:3:\"001\";s:1:\"-\";s:3:\"002\";s:1:\"-\";s:3:\"003\";s:1:\"-\";s:3:\"004\";s:1:\"-\";s:3:\"005\";s:1:\"-\";s:3:\"006\";s:1:\"-\";s:3:\"007\";s:1:\"-\";}'),
(00066, 'Markbook', 'markbookType', 'Markbook Type', 'Comma-separated list of types to make available in the Markbook.', 'Essay,Exam,Homework,Reflection,Test,Unit,End of Year,Other'),
(00067, 'System', 'allowableHTML', 'Allowable HTML', 'TinyMCE-style list of acceptable HTML tags and options.', 'br[style],strong[style],em[style],span[style],p[style],address[style],pre[style],h1[style],h2[style],h3[style],h4[style],h5[style],h6[style],table[style],thead[style],tbody[style],tfoot[style],tr[style],td[style|colspan|rowspan],ol[style],ul[style],li[style],blockquote[style],a[style|target|href],img[style|class|src|width|height],video[style],source[style],hr[style],iframe[style|width|height|src|frameborder|allowfullscreen],embed[style],div[style],sup[style],sub[style]'),
(00068, 'Application Form', 'howDidYouHear', 'How Did Your Hear?', 'Comma-separated list', 'Advertisement,Personal Recommendation,World Wide Web,Others'),
(00070, 'Messenger', 'smsUsername', 'SMS Username', 'SMS gateway username.', ''),
(00071, 'Messenger', 'smsPassword', 'SMS Password', 'SMS gateway password.', ''),
(00072, 'Messenger', 'smsURL', 'SMS URL', 'SMS gateway URL for send requests.', ''),
(00073, 'Messenger', 'smsURLCredit', 'SMS URL Credit', 'SMS gateway URL for checking credit.', ''),
(00074, 'System', 'currency', 'Currency', 'System-wide currency for financial transactions. Support for online payment in this currency depends on your credit card gateway: please consult their support documentation.', 'USD $'),
(00075, 'System', 'enablePayments', 'Enable Payments', 'Should payments be enabled across the system?', 'N'),
(00076, 'System', 'paypalAPIUsername', 'PayPal API Username', 'API Username provided by PayPal.', ''),
(00077, 'System', 'paypalAPIPassword', 'PayPal API Password', 'API Password provided by PayPal.', ''),
(00078, 'System', 'paypalAPISignature', 'PayPal API Signature', 'API Signature provided by PayPal.', ''),
(00079, 'Application Form', 'applicationFee', 'Application Fee', 'The cost of applying to the school.', '0'),
(00080, 'Application Form', 'requiredDocuments', 'Required Documents', 'Comma-separated list of documents which must be submitted electronically with the application form.', ''),
(00081, 'Application Form', 'requiredDocumentsCompulsory', 'Required Documents Compulsory?', 'Are the required documents compulsory?', 'N'),
(00082, 'Application Form', 'requiredDocumentsText', 'Required Documents Text', 'Explanatory text to appear with the required documents?', ''),
(00083, 'Application Form', 'notificationStudentDefault', 'Student Notification Default', 'Should student acceptance email be turned on or off by default.', 'On'),
(00084, 'Application Form', 'languageOptionsActive', 'Language Options Active', 'Should the Language Options section be turned on?', 'Off'),
(00085, 'Application Form', 'languageOptionsBlurb', 'Language Options Blurb', 'Introductory text if Language Options section is turned on.', ''),
(00086, 'Application Form', 'languageOptionsLanguageList', 'Language Options Language List', 'Comma-separated list of available language selections if Language Options section is turned on.', ''),
(00088, 'User Admin', 'personalBackground', 'Personal Background', 'Should users be allowed to set their own personal backgrounds?', 'Y'),
(00091, 'User Admin', 'dayTypeOptions', 'Day-Type Options', 'Comma-separated list of options to make available (e.g. half-day, full-day). If blank, this field will not show up in the application form.', ''),
(00092, 'User Admin', 'dayTypeText', 'Day-Type Text', 'Explanatory text to include with Day-Type Options.', ''),
(00095, 'Markbook', 'showStudentAttainmentWarning', 'Show Student Attainment Warning', 'Show low attainment grade visual warning to students?', 'Y'),
(00096, 'Markbook', 'showStudentEffortWarning', 'Show Student Effort Warning', 'Show low effort grade visual warning to students?', 'Y'),
(00097, 'Markbook', 'showParentAttainmentWarning', 'Show Parent Attainment Warning', 'Show low attainment grade visual warning to parents?', 'Y'),
(00098, 'Markbook', 'showParentEffortWarning', 'Show Parent Effort Warning', 'Show low effort grade visual warning to parents?', 'Y'),
(00099, 'Planner', 'allowOutcomeEditing', 'Allow Outcome Editing', 'Should the text within outcomes be editable when planning lessons and units?', 'Y'),
(00100, 'User Admin', 'privacy', 'Privacy', 'Should privacy options be turned on across the system?', 'N'),
(00101, 'User Admin', 'privacyBlurb', 'Privacy Blurb', 'Descriptive text to accompany image privacy option when shown to users.', ''),
(00102, 'Finance', 'invoiceText', 'Invoice Text', 'Text to appear in invoice, above invoice details and fees.', ''),
(00103, 'Finance', 'invoiceNotes', 'Invoice Notes', 'Text to appear in invoice, below invoice details and fees.', ''),
(00104, 'Finance', 'receiptText', 'Receipt Text', 'Text to appear in receipt, above receipt details and fees.', ''),
(00105, 'Finance', 'receiptNotes', 'Receipt Notes', 'Text to appear in receipt, below receipt details and fees.', ''),
(00106, 'Finance', 'reminder1Text', 'Reminder 1 Text', 'Text to appear in first level reminder level, above invoice details and fees.', ''),
(00107, 'Finance', 'reminder2Text', 'Reminder 2 Text', 'Text to appear in second level reminder level, above invoice details and fees.', ''),
(00108, 'Finance', 'reminder3Text', 'Reminder 3 Text', 'Text to appear in third level reminder level, above invoice details and fees.', ''),
(00109, 'Finance', 'email', 'Email', 'Email address to send finance emails from.', ''),
(00110, 'Application Form', 'notificationParentsDefault', 'Parents Notification Default', 'Should parent acceptance email be turned on or off by default.', 'On'),
(00111, 'User Admin', 'privacyOptions', 'Privacy Options', 'Comma-separated list of choices to make available if privacy options are turned on. If blank, privacy fields will not be displayed.', ''),
(00112, 'Planner', 'sharingDefaultParents', 'Sharing Default: Parents', 'When adding lessons and deploying units, should sharing default for parents be Y or N?', 'Y'),
(00113, 'Planner', 'sharingDefaultStudents', 'Sharing Default: Students', 'When adding lessons and deploying units, should sharing default for students be Y or N?', 'Y'),
(00115, 'Students', 'extendedBriefProfile', 'Extended Brief Profile', 'The extended version of the brief student profile includes contact information of parents.', 'N'),
(00116, 'Application Form', 'notificationParentsMessage', 'Parents Notification Message', 'A custom message to add to the standard email to parents on acceptance.', ''),
(00117, 'Application Form', 'notificationStudentMessage', 'Student Notification Message', 'A custom message to add to the standard email to students on acceptance.', ''),
(00118, 'Finance', 'invoiceNumber', 'Invoice Number Style', 'How should invoice numbers be constructed?', 'Invoice ID'),
(00119, 'User Admin', 'departureReasons', 'Departure Reasons', 'Comma-separated list of reasons for departure from school. If blank, user can enter any text.', ''),
(00120, 'System', 'googleOAuth', 'Google Integration', 'Enable Gibbon-wide integration with the Google APIs?', 'N'),
(00122, 'System', 'googleClientName', 'Google Developers Client Name', 'Name of Google Project in Developers Console.', ''),
(00123, 'System', 'googleClientID', 'Google Developers Client ID', 'Client ID for Google Project In Developers Console.', ''),
(00124, 'System', 'googleClientSecret', 'Google Developers Client Secret', 'Client Secret for Google Project In Developers Console.', ''),
(00125, 'System', 'googleRedirectUri', 'Google Developers Redirect Url', 'Google Redirect on sucessful auth.', ''),
(00126, 'System', 'googleDeveloperKey', 'Google Developers Developer Key', 'Google project Developer Key.', ''),
(00127, 'Markbook', 'personalisedWarnings', 'Personalised Warnings', 'Should markbook warnings be based on personal targets, if they are available?', 'Y'),
(00128, 'Activities', 'disableExternalProviderSignup', 'Disable External Provider Signup', 'Should we turn off the option to sign up for activities provided by an outside agency?', 'N'),
(00129, 'Activities', 'hideExternalProviderCost', 'Hide External Provider Cost', 'Should we hide the cost of activities provided by an outside agency from the Activities View?', 'N'),
(00134, 'Application Form', 'studentDefaultEmail', 'Student Default Email', 'Set default email for students on acceptance, using [username] to insert username.', ''),
(00135, 'Application Form', 'studentDefaultWebsite', 'Student Default Website', 'Set default website for students on acceptance, using [username] to insert username.', ''),
(00136, 'School Admin', 'studentAgreementOptions', 'Student Agreement Options', 'Comma-separated list of agreements that students might be asked to sign in school (e.g. ICT Policy).', ''),
(00137, 'Markbook', 'attainmentAlternativeName', 'Attainment Alternative Name', 'A name to use isntead of \"Attainment\" in the first grade column of the markbook.', ''),
(00138, 'Markbook', 'effortAlternativeName', 'Effort Alternative Name', 'A name to use isntead of \"Effort\" in the second grade column of the markbook.', ''),
(00139, 'Markbook', 'attainmentAlternativeNameAbrev', 'Attainment Alternative Name Abbreviation', 'A short name to use isntead of \"Attainment\" in the first grade column of the markbook.', ''),
(00140, 'Markbook', 'effortAlternativeNameAbrev', 'Effort Alternative Name Abbreviation', 'A short name to use isntead of \"Effort\" in the second grade column of the markbook.', ''),
(00141, 'Planner', 'parentWeeklyEmailSummaryIncludeBehaviour', 'Parent Weekly Email Summary Include Behaviour', 'Should behaviour information be included in the weekly planner email summary that goes out to parents?', 'Y'),
(00142, 'Finance', 'financeOnlinePaymentEnabled', 'Enable Online Payment', 'Should invoices be payable online, via an encrypted link in the invoice? Requires correctly configured payment gateway in System Settings.', 'N'),
(00143, 'Finance', 'financeOnlinePaymentThreshold', 'Online Payment Threshold', 'If invoices are payable online, what is the maximum payment allowed? Useful for controlling payment fees. No value means unlimited.', ''),
(00144, 'Departments', 'makeDepartmentsPublic', 'Make Departments Public', 'Should department information be made available to the public, via the Gibbon homepage?', 'N'),
(00145, 'System', 'sessionDuration', 'Session Duration', 'Time, in seconds, before system logs a user out. Should be less than PHP\'s session.gc_maxlifetime option.', '1200'),
(00146, 'Planner', 'makeUnitsPublic', 'Make Units Public', 'Enables a public listing of units, with teachers able to opt in to share units.', 'N'),
(00147, 'Messenger', 'messageBubbleWidthType', 'Message Bubble Width Type', 'Should the message bubble be regular or wide?', 'Regular'),
(00148, 'Messenger', 'messageBubbleBGColor', 'Message Bubble Background Color', 'Message bubble background color in RGBA (e.g. 100,100,100,0.50). If blank, theme default will be used.', ''),
(00149, 'Messenger', 'messageBubbleAutoHide', 'Message Bubble Auto Hide', 'Should message bubble fade out automatically?', 'Y'),
(00150, 'Students', 'enableStudentNotes', 'Enable Student Notes', 'Should student notes be turned on?', 'Y'),
(00151, 'Finance', 'budgetCategories', 'Budget Categories', 'Comma-separated list of budget categories.', 'Academic, Administration, Capital'),
(00153, 'Finance', 'expenseApprovalType', 'Expense Approval Type', 'How should expense approval be dealt with?', 'One Of'),
(00154, 'Finance', 'budgetLevelExpenseApproval', 'Budget Level Expense Approval', 'Should approval from a budget member with Full access be required?', 'Y'),
(00155, 'Finance', 'expenseRequestTemplate', 'Expense Request Template', 'An HTML template to be used in the description field of expense requests.', ''),
(00156, 'Finance', 'purchasingOfficer', 'Purchasing Officer', 'User responsible for purchasing for the school.', ''),
(00157, 'Finance', 'reimbursementOfficer', 'Reimbursement Officer', 'User responsible for reimbursing expenses.', ''),
(00158, 'Messenger', 'enableHomeScreenWidget', 'Enable Home Screen Widget', 'Adds a Message Wall widget to the home page, hihglighting current messages.', 'N'),
(00159, 'User Admin', 'enablePublicRegistration', 'Enable Public Registration', 'Allows members of the public to register to use the system.', 'N'),
(00160, 'User Admin', 'publicRegistrationMinimumAge', 'Public Registration Minimum Age', 'The minimum age, in years, permitted to register.', '13'),
(00161, 'User Admin', 'publicRegistrationDefaultStatus', 'Public Registration Default Status', 'Should new users be \'Full\' or \'Pending Approval\'?', 'Pending Approval'),
(00162, 'User Admin', 'publicRegistrationDefaultRole', 'Public Registration Default Role', 'System role to be assigned to registering members of the public.', '003'),
(00163, 'User Admin', 'publicRegistrationIntro', 'Public Registration Introductory Text', 'HTML text that will appear above the public registration form.', ''),
(00164, 'User Admin', 'publicRegistrationPrivacyStatement', 'Public Registration Privacy Statement', 'HTML text that will appear above the Submit button, explaining privacy policy.', 'By registering for this site you are giving permission for your personal data to be used and shared within this organisation and its websites. We will not share your personal data outside our organisation.'),
(00165, 'User Admin', 'publicRegistrationAgreement', 'Public Registration Agreement', 'Agreement that user must confirm before joining. Blank for no agreement.', 'In joining this site, and checking the box below, I agree to act lawfully, ethically and with respect for others. I agree to use this site for learning purposes only, and understand that access may be withdrawn at any time, at the discretion of the site\'s administrators.'),
(00166, 'User Admin', 'publicRegistrationPostscript', 'Public Registration Postscript', 'HTML text that will appear underneath the public registration form.', ''),
(00168, 'Behaviour', 'enableDescriptors', 'Enable Descriptors', 'Setting to No reduces complexity of behaviour tracking.', 'Y'),
(00169, 'Behaviour', 'enableLevels', 'Enable Levels', 'Setting to No reduces complexity of behaviour tracking.', 'Y'),
(00170, 'Formal Assessment', 'internalAssessmentTypes', 'Internal Assessment Types', 'Comma-separated list of types to make available in Internal Assessments.', 'Expected Grade,Predicted Grade,Target Grade'),
(00171, 'System Admin', 'customAlarmSound', 'Custom Alarm Sound', 'A custom alarm sound file.', ''),
(00172, 'School Admin', 'facilityTypes', 'FacilityTypes', 'A comma-separated list of types for facilities.', 'Classroom,Hall,Laboratory,Library,Office,Outdoor,Performance,Staffroom,Storage,Study,Undercover,Other'),
(00173, 'Finance', 'allowExpenseAdd', 'Allow Expense Add', 'Allows privileged users to add expenses without going through request process.', 'Y'),
(00174, 'System', 'organisationAdministrator', 'System Administrator', 'The staff member who receives notifications for system events.', '1'),
(00175, 'System', 'organisationDBA', 'Database Administrator', 'The staff member who receives notifications for data events.', '1'),
(00176, 'System', 'organisationAdmissions', 'Admissions Administrator', 'The staff member who receives notifications for admissions events.', '1'),
(00177, 'Finance', 'hideItemisation', 'Hide Itemisation', 'Hide fee and payment details in receipts?', 'N'),
(00178, 'Application Form', 'autoHouseAssign', 'Auto House Assign', 'Attempt to automatically place student in a house?', 'N'),
(00179, 'Tracking', 'externalAssessmentDataPoints', 'External Assessment Data Points', 'Stores the external assessment choices for data points output in tracking.', ''),
(00180, 'Tracking', 'internalAssessmentDataPoints', 'Internal Assessment Data Points', 'Stores the internal assessment choices for data points output in tracking.', ''),
(00181, 'Behaviour', 'enableBehaviourLetters', 'Enable Behaviour Letters', 'Should automated behaviour letter functionality be enabled?', 'N'),
(00182, 'Behaviour', 'behaviourLettersLetter1Count', 'Letter 1 Count', 'After how many negative records should letter 1 be sent?', '3'),
(00183, 'Behaviour', 'behaviourLettersLetter1Text', 'Letter 1 Text', 'The contents of letter 1, as HTML.', 'Dear Parent/Guardian,<br/><br/>This letter has been automatically generated to alert you to the fact that your child, [studentName], has reached [behaviourCount] negative behaviour incidents. Please see the list below for the details of these incidents:<br/><br/>[behaviourRecord]<br/><br/>This letter represents the first communication in a sequence of 3 potential alerts, each of which is more critical than the last.<br/><br/>If you would like more information on this matter, please contact your child\'s tutor.'),
(00184, 'Behaviour', 'behaviourLettersLetter2Count', 'Letter 2 Count', 'After how many negative records should letter 2 be sent?', '6'),
(00185, 'Behaviour', 'behaviourLettersLetter2Text', 'Letter 2 Text', 'The contents of letter 2, as HTML.', 'Dear Parent/Guardian,<br/><br/>This letter has been automatically generated to alert you to the fact that your child, [studentName], has reached [behaviourCount] negative behaviour incidents. Please see the list below for the details of these incidents:<br/><br/>[behaviourRecord]<br/><br/>This letter represents the second communication in a sequence of 3 potential alerts, each of which is more critical than the last.<br/><br/>If you would like more information on this matter, please contact your child\'s tutor.'),
(00186, 'Behaviour', 'behaviourLettersLetter3Count', 'Letter 3 Count', 'After how many negative records should letter 3 be sent?', '9'),
(00187, 'Behaviour', 'behaviourLettersLetter3Text', 'Letter 3 Text', 'The contents of letter 3, as HTML.', 'Dear Parent/Guardian,<br/><br/>This letter has been automatically generated to alert you to the fact that your child, [studentName], has reached [behaviourCount] negative behaviour incidents. Please see the list below for the details of these incidents:<br/><br/>[behaviourRecord]<br/><br/>This letter represents the final communication in a sequence of 3 potential alerts, each of which is more critical than the last.<br/><br/>If you would like more information on this matter, please contact your child\'s tutor.'),
(00188, 'Markbook', 'enableColumnWeighting', 'Enable Column Weighting', 'Should column weighting and total scores be enabled in the Markbook?', 'N'),
(00189, 'System', 'firstDayOfTheWeek', 'First Day Of The Week', 'On which day should the week begin?', 'Monday'),
(00190, 'Application Form', 'usernameFormat', 'Username Format', 'How should usernames be formated? Choose from [preferredName], [preferredNameInitial], [surname].', '[preferredNameInitial][surname]'),
(00191, 'Staff', 'jobOpeningDescriptionTemplate', 'Job Opening Description Template', 'Default HTML contents for the Job Opening Description field.', '<table style=\'width: 100%\'>\n	<tr>\n		<td colspan=2 style=\'vertical-align: top\'>\n			<span style=\'text-decoration: underline; font-weight: bold\'>Job Description</span><br/>\n			<br/>\n		</td>\n	</tr>\n	<tr>\n		<td style=\'width: 50%; vertical-align: top\'>\n			<span style=\'text-decoration: underline; font-weight: bold\'>Responsibilities</span><br/>\n			<ul style=\'margin-top:0px\'>\n				<li></li>\n				<li></li>\n			</ul>\n		</td>\n		<td style=\'width: 50%; vertical-align: top\'>\n			<span style=\'text-decoration: underline; font-weight: bold\'>Required Skills/Characteristics</span><br/>\n			<ul style=\'margin-top:0px\'>\n				<li></li>\n				<li></li>\n			</ul>\n		</td>\n	</tr>\n	<tr>\n		<td style=\'width: 50%; vertical-align: top\'>\n			<span style=\'text-decoration: underline; font-weight: bold\'>Remuneration</span><br/>\n			<ul style=\'margin-top:0px\'>\n				<li></li>\n				<li></li>\n			</ul>\n		</td>\n		<td style=\'width: 50%; vertical-align: top\'>\n			<span style=\'text-decoration: underline; font-weight: bold\'>Other Details </span><br/>\n			<ul style=\'margin-top:0px\'>\n				<li></li>\n				<li></li>\n			</ul>\n		</td>\n	</tr>\n</table>'),
(00192, 'Staff', 'staffApplicationFormIntroduction', 'Introduction', 'Information to display before the form', ''),
(00193, 'Staff', 'staffApplicationFormPostscript', 'Postscript', 'Information to display at the end of the form', ''),
(00194, 'Staff', 'staffApplicationFormAgreement', 'Agreement', 'Without this text, which is displayed above the agreement, users will not be asked to agree to anything', 'In submitting this form, I confirm that all information provided above is accurate and complete to the best of my knowledge.'),
(00195, 'Staff', 'staffApplicationFormMilestones', 'Milestones', 'Comma-separated list of the major steps in the application process. Applicants can be tracked through the various stages.', 'Short List, First Interview, Second Interview, Offer Made, Offer Accepted, Contact Issued, Contact Signed'),
(00196, 'Staff', 'staffApplicationFormRequiredDocuments', 'Required Documents', 'Comma-separated list of documents which must be submitted electronically with the application form.', 'Curriculum Vitae'),
(00197, 'Staff', 'staffApplicationFormRequiredDocumentsCompulsory', 'Required Documents Compulsory?', 'Are the required documents compulsory?', 'Y'),
(00198, 'Staff', 'staffApplicationFormRequiredDocumentsText', 'Required Documents Text', 'Explanatory text to appear with the required documents?', 'Please submit the following document(s) to ensure your application can be processed without delay.'),
(00199, 'Staff', 'staffApplicationFormNotificationDefault', 'Notification Default', 'Should acceptance email be turned on or off by default.', 'Y'),
(00200, 'Staff', 'staffApplicationFormNotificationMessage', 'Notification Message', 'A custom message to add to the standard email on acceptance.', ''),
(00201, 'Staff', 'staffApplicationFormDefaultEmail', 'Default Email', 'Set default email on acceptance, using [username] to insert username.', ''),
(00202, 'Staff', 'staffApplicationFormDefaultWebsite', 'Default Website', 'Set default website on acceptance, using [username] to insert username.', ''),
(00203, 'Staff', 'staffApplicationFormUsernameFormat', 'Username Format', 'How should usernames be formated? Choose from [preferredName], [preferredNameInitial], [surname].', '[preferredNameInitial].[surname]'),
(00204, 'System', 'organisationHR', 'Human Resources Administrator', 'The staff member who receives notifications for staffing events.', '0000000001'),
(00205, 'Staff', 'staffApplicationFormQuestions', 'Application Questions', 'HTML text that will appear as questions for the applicant to answer.', '<span style=\'text-decoration: underline; font-weight: bold\'>Why are you applying for this role?</span><br/><p></p>'),
(00206, 'Staff', 'salaryScalePositions', 'Salary Scale Positions', 'Comma-separated list of salary scale positions, from lowest to highest.', '1,2,3,4,5,6,7,8,9,10'),
(00207, 'Staff', 'responsibilityPosts', 'Responsibility Posts', 'Comma-separated list of posts carrying extra responsibilities.', ''),
(00208, 'Students', 'applicationFormSENText', 'Application Form SEN Text', 'Text to appear with the Special Educational Needs section of the student application form.', 'Please indicate whether or not your child has any known, or suspected, special educational needs, or whether they have been assessed for any such needs in the past. Provide any comments or information concerning your child\'s development that may be relevant to your child\'s performance in the classroom or elsewhere? Incorrect or withheld information may affect continued enrolment.'),
(00209, 'Students', 'applicationFormRefereeLink', 'Application Form Referee Link', 'Link to an external form that will be emailed to a referee of the applicant\'s choosing.', ''),
(00210, 'User Admin', 'religions', 'Religions', 'Comma-separated list of ethnicities available in system', ',Nonreligious/Agnostic/Atheist,Buddhism,Christianity,Hinduism,Islam,Judaism,Other'),
(00211, 'Staff', 'applicationFormRefereeLink', 'Application Form Referee Link', 'Link to an external form that will be emailed to a referee of the applicant\'s choosing.', ''),
(00212, 'Markbook', 'enableRawAttainment', 'Enable Raw Attainment Marks', 'Should recording of raw marks be enabled in the Markbook?', 'N'),
(00213, 'Markbook', 'enableGroupByTerm', 'Group Columns by Term', 'Should columns and total scores be grouped by term?', 'N'),
(00214, 'Markbook', 'enableEffort', 'Enable Effort', 'Should columns have the Effort section enabled?', 'Y'),
(00215, 'Markbook', 'enableRubrics', 'Enable Rubrics', 'Should columns have Rubrics section enabled?', 'Y'),
(00216, 'School Admin', 'staffDashboardDefaultTab', 'Staff Dashboard Default Tab', 'The default landing tab for the staff dashboard.', ''),
(00217, 'School Admin', 'studentDashboardDefaultTab', 'Student Dashboard Default Tab', 'The default landing tab for the student dashboard.', ''),
(00218, 'School Admin', 'parentDashboardDefaultTab', 'Parent Dashboard Default Tab', 'The default landing tab for the parent dashboard.', ''),
(00219, 'System', 'enableMailerSMTP', 'Enable SMTP Mail', 'Adds PHPMailer settings for servers with an SMTP connection.', 'N'),
(00220, 'System', 'mailerSMTPHost', 'SMTP Host', 'Set the hostname of the mail server.', ''),
(00221, 'System', 'mailerSMTPPort', 'SMTP Port', 'Set the SMTP port number - likely to be 25, 465 or 587.', '25'),
(00222, 'System', 'mailerSMTPUsername', 'SMTP Username', 'Username to use for SMTP authentication. Leave blank for no authentication.', ''),
(00223, 'System', 'mailerSMTPPassword', 'SMTP Password', 'Password to use for SMTP authentication. Leave blank for no authentication.', ''),
(00229, 'System', 'mainMenuCategoryOrder', 'Main Menu Category Order', 'A comma separated list of module categories in display order.', 'Admin,Assess,Learn,People,Other'),
(00232, 'Attendance', 'attendanceReasons', 'Attendance Reasons', 'Comma-separated list of reasons which are available when taking attendance.', 'Pending,Education,Family,Medical,Other'),
(00233, 'Attendance', 'attendanceMedicalReasons', 'Medical Reasons', 'Comma-separated list of allowable medical reasons.', 'Medical'),
(00234, 'Attendance', 'attendanceEnableMedicalTracking', 'Enable Symptom Tracking', 'Attach a symptom report to attendance logs with a medical reason.', 'N'),
(00235, 'Students', 'medicalIllnessSymptoms', 'Predefined Illness Symptoms', 'Comma-separated list of illness symptoms.', 'Fever,Cough,Cold,Vomiting,Diarrhea'),
(00236, 'Staff Application Form', 'staffApplicationFormPublicApplications', 'Public Applications?', 'If yes, members of the public can submit staff applications', 'Y'),
(00237, 'Individual Needs', 'targetsTemplate', 'Targets Template', 'An HTML template to be used in the targets field.', ''),
(00238, 'Individual Needs', 'teachingStrategiesTemplate', 'Teaching Strategies Template', 'An HTML template to be used in the teaching strategies field.', ''),
(00239, 'Individual Needs', 'notesReviewTemplate', 'Notes & Review Template', 'An HTML template to be used in the notes and review field.', ''),
(00240, 'Attendance', 'attendanceCLINotifyByRollGroup', 'Enable Notifications by Roll Group', '', 'Y'),
(00241, 'Attendance', 'attendanceCLINotifyByClass', 'Enable Notifications by Class', '', 'Y'),
(00242, 'Attendance', 'attendanceCLIAdditionalUsers', 'Additional Users to Notify', 'Send the school-wide daily attendance report to additional users. Restricted to roles with permission to access Roll Groups Not Registered or Classes Not Registered.', ''),
(00243, 'Students', 'noteCreationNotification', 'Note Creation Notification', 'Determines who to notify when a new student note is created.', 'Tutors'),
(00244, 'Finance', 'invoiceeNameStyle', 'Invoicee Name Style', 'Determines how invoicee name appears on invoices and receipts.', 'Surname, Preferred Name'),
(00245, 'Planner', 'shareUnitOutline', 'Share Unit Outline', 'Allow users who do not have access to the unit planner to see Unit Outlines via the lesson planner?', 'N'),
(00246, 'Attendance', 'studentSelfRegistrationIPAddresses', 'Student Self Registration IP Addresses', 'Comma-separated list of IP addresses within which students can self register.', ''),
(00247, 'Application Form', 'internalDocuments', 'Internal Documents', 'Comma-separated list of documents for internal upload and use.', ''),
(00248, 'Attendance', 'countClassAsSchool', 'Count Class Attendance as School Attendance', 'Should attendance from the class context be used to prefill and inform school attendance?', 'N'),
(00251, 'Attendance', 'defaultRollGroupAttendanceType', 'Default Roll Group Attendance Type', 'The default selection for attendance type when taking Roll Group attendance', 'Present'),
(00252, 'Attendance', 'defaultClassAttendanceType', 'Default Class Attendance Type', 'The default selection for attendance type when taking Class attendance', 'Present'),
(00253, 'Students', 'academicAlertLowThreshold', 'Low Academic Alert Threshold', 'The number of Markbook concerns needed in the past 60 days to raise a low level academic alert on a student.', '3'),
(00254, 'Students', 'academicAlertMediumThreshold', 'Medium Academic Alert Threshold', 'The number of Markbook concerns needed in the past 60 days to raise a medium level academic alert on a student.', '5'),
(00255, 'Students', 'academicAlertHighThreshold', 'High Academic Alert Threshold', 'The number of Markbook concerns needed in the past 60 days to raise a high level academic alert on a student.', '9'),
(00256, 'Students', 'behaviourAlertLowThreshold', 'Low Behaviour Alert Threshold', 'The number of Behaviour concerns needed in the past 60 days to raise a low level alert on a student.', '3'),
(00257, 'Students', 'behaviourAlertMediumThreshold', 'Medium Behaviour Alert Threshold', 'The number of Behaviour concerns needed in the past 60 days to raise a medium level alert on a student.', '5'),
(00258, 'Students', 'behaviourAlertHighThreshold', 'High Behaviour Alert Threshold', 'The number of Behaviour concerns needed in the past 60 days to raise a high level alert on a student.', '9'),
(00259, 'Markbook', 'enableDisplayCumulativeMarks', 'Enable Display Cumulative Marks', 'Should cumulative marks be displayed on the View Markbook page for Students and Parents and in Student Profiles?', 'N'),
(00260, 'Application Form', 'scholarshipOptionsActive', 'Scholarship Options Active', 'Should the Scholarship Options section be turned on?', 'Y'),
(00261, 'Application Form', 'paymentOptionsActive', 'Payment Options Active', 'Should the Payment section be turned on?', 'Y'),
(00262, 'Application Form', 'senOptionsActive', 'Special Education Needs Active', 'Should the Special Education Needs section be turned on?', 'Y'),
(00263, 'Timetable Admin', 'autoEnrolCourses', 'Auto-Enrol Courses Default', 'Should auto-enrolment of new students into courses be turned on or off by default?', 'N'),
(00264, 'Application Form', 'availableYearsOfEntry', 'Available Years of Entry', 'Which school years should be available to apply to?', ''),
(00265, 'Application Form', 'enableLimitedYearsOfEntry', 'Enable Limited Years of Entry', 'If yes, applicants choices for Year of Entry can be limited to specific school years.', 'N'),
(00266, 'User Admin', 'uniqueEmailAddress', 'Unique Email Address', 'Are primary email addresses required to be unique?', 'N'),
(00267, 'Planner', 'parentWeeklyEmailSummaryIncludeMarkbook', 'Parent Weekly Email Summary Include Markbook', 'Should Markbook information be included in the weekly planner email summary that goes out to parents?', 'N'),
(00268, 'System', 'nameFormatStaffFormal', 'Formal Name Format', '', '[title] [preferredName:1]. [surname]'),
(00269, 'System', 'nameFormatStaffFormalReversed', 'Formal Name Reversed', '', '[title] [surname], [preferredName:1].'),
(00270, 'System', 'nameFormatStaffInformal', 'Informal Name Format', '', '[preferredName] [surname]'),
(00271, 'System', 'nameFormatStaffInformalReversed', 'Informal Name Reversed', '', '[surname], [preferredName]'),
(00272, 'Attendance', 'selfRegistrationRedirect', 'Self Registration Redirect', 'Should self registration redirect to Message Wall?', 'N'),
(00273, 'Data Updater', 'cutoffDate', 'Cutoff Date', 'Earliest acceptable date when checking if data updates are required.', ''),
(00274, 'Data Updater', 'redirectByRoleCategory', 'Data Updater Redirect', 'Which types of users should be redirected to the Data Updater if updates are required.', 'Parent'),
(00275, 'Data Updater', 'requiredUpdates', 'Required Updates?', 'Should the data updater highlight updates that are required?', 'N'),
(00276, 'Data Updater', 'requiredUpdatesByType', 'Required Update Types', 'Which type of data updates should be required.', 'Personal,Family'),
(00277, 'Markbook', 'enableModifiedAssessment', 'Enable Modified Assessment', 'Allows teachers to specify \"Modified Assessment\" for students with individual needs.', 'N'),
(00278, 'Messenger', 'messageBcc', 'Message Bcc', 'Comma-separated list of recipients to bcc all messenger emails to.', ''),
(00279, 'System', 'organisationBackground', 'Background', 'Relative path to background image. Overrides theme background.', ''),
(00280, 'Messenger', 'smsGateway', 'SMS Gateway', '', ''),
(00281, 'Messenger', 'smsSenderID', 'SMS Sender ID', 'The sender name or phone number. Depends on the gateway used.', ''),
(00282, 'System Admin', 'exportDefaultFileType', 'Default Export File Type', '', 'Excel2007'),
(00283, 'System', 'mailerSMTPSecure', 'SMTP Encryption', 'Automatically sets the encryption based on the port, otherwise select one manually.', 'auto'),
(00284, 'Staff', 'substituteTypes', 'Substitute Types', 'A comma-separated list.', 'Internal Substitute,External Substitute'),
(00285, 'Staff', 'urgencyThreshold', 'Urgency Threshold', 'Notifications in this time-span are sent immediately, day or night.', '3'),
(00286, 'Staff', 'urgentNotifications', 'Urgent Notifications', 'If enabled, urgent notifications will be sent by SMS as well as email.', 'N'),
(00287, 'Staff', 'absenceApprovers', 'Absence Approvers', 'Users who can approve staff absences. Leave this blank if approval is not used.', ''),
(00288, 'Staff', 'absenceFullDayThreshold', 'Full Day Absence', 'The minumum number of hours for an absence to count as a full day (1.0)', '6.0'),
(00289, 'Staff', 'absenceHalfDayThreshold', 'Half Day Absence', 'The minumum number of hours for an absence to count as a half day (0.5). Absences less than this count as 0', '2.0'),
(00290, 'Staff', 'absenceNotificationGroups', 'Notification Groups', 'Which messenger groups can staff members send absence notifications to?', ''),
(00291, 'Attendance', 'crossFillClasses', 'Cross-Fill Classes', 'Should classes prefill with data from other classes?', 'N');

INSERT INTO `gibbonStaffAbsenceType` (`gibbonStaffAbsenceTypeID`, `name`, `nameShort`, `active`, `requiresApproval`, `reasons`, `sequenceNumber`) VALUES
(000001, 'Sick Leave', 'S', 'Y', 'N', '', 1),
(000002, 'Personal Leave', 'P', 'Y', 'N', '', 2),
(000003, 'Non-paid Leave', 'NP', 'Y', 'N', '', 3),
(000004, 'School Related', 'D', 'Y', 'N', 'PD,Sports Trip,Offsite Event,Other', 4);

INSERT INTO `gibbonStudentNoteCategory` (`gibbonStudentNoteCategoryID`, `name`, `template`, `active`) VALUES
(00006, 'Academic', '', 'Y'),
(00007, 'Pastoral', '', 'Y'),
(00008, 'Behaviour', '', 'Y'),
(00009, 'Other', '', 'Y');

INSERT INTO `gibbonTheme` (`gibbonThemeID`, `name`, `description`, `active`, `version`, `author`, `url`) VALUES
(0013, 'Default', 'Gibbon\'s 2015 look and feel.', 'Y', '1.0.00', 'Ross Parker', 'http://rossparker.org');

INSERT INTO `gibbonUsernameFormat` (`gibbonUsernameFormatID`, `gibbonRoleIDList`, `format`, `isDefault`, `isNumeric`, `numericValue`, `numericIncrement`, `numericSize`) VALUES
(001, '003', '[preferredName:1][surname]', 'Y', 'N', 0, 1, 4),
(002, '001,002,006', '[preferredName:1].[surname]', 'N', 'N', 0, 1, 4);

INSERT INTO `gibbonYearGroup` (`gibbonYearGroupID`, `name`, `nameShort`, `sequenceNumber`, `gibbonPersonIDHOY`) VALUES
(001, 'Year 7', 'Y07', 1, NULL),
(002, 'Year 8', 'Y08', 2, NULL),
(003, 'Year 9', 'Y09', 3, NULL),
(004, 'Year 10', 'Y10', 4, NULL),
(005, 'Year 11', 'Y11', 5, NULL),
(006, 'Year 12', 'Y12', 6, NULL),
(007, 'Year 13', 'Y13', 7, NULL);

SET FOREIGN_KEY_CHECKS = 1;
