# noinspection SqlNoDataSourceInspectionForFile

SET FOREIGN_KEY_CHECKS = 0;

LOCK TABLES `gibbonActivity` WRITE;
ALTER TABLE `gibbonActivity` DISABLE KEYS;

INSERT INTO `gibbonActivity` (`gibbonActivityID`, `AcademicYearID`, `active`, `registration`, `name`, `provider`, `type`, `gibbonAcademicYearTermIDList`, `listingStart`, `listingEnd`, `programStart`, `programEnd`, `gibbonYearGroupIDList`, `maxParticipants`, `description`, `payment`, `paymentType`, `paymentFirmness`)
VALUES
	(00002180,025,'Y','Y','T3 Tues Japanese Drumming ','School','Action','00033',NULL,NULL,NULL,NULL,'001,002,003,004,005,006,007',6,'',0.00,'Per GibbonSession','Finalised'),
	(00002182,025,'Y','Y','T3 Tues Blogging and Creative Writing','School','Service','00033',NULL,NULL,NULL,NULL,'001,002,003,004,005,006,007',25,'',0.00,'Per GibbonSession','Finalised'),
	(00002183,025,'Y','Y','T3 Tues Calligraphy','School','Creativity','00033',NULL,NULL,NULL,NULL,'001,002,003,004,005,006,007',25,'',0.00,'Per GibbonSession','Finalised'),
	(00002185,025,'Y','Y','T3 Tues Cycling','School','Action','00033',NULL,NULL,NULL,NULL,'001,002,003,004,005,006,007',18,'',0.00,'Per GibbonSession','Finalised'),
	(00002187,025,'Y','Y','T3 Tues Gym','School','Action','00033',NULL,NULL,NULL,NULL,'004,005,006,007',10,'',0.00,'Per GibbonSession','Finalised'),
	(00002188,025,'Y','Y','T3 Tues Gymnastics','School','','00033',NULL,NULL,NULL,NULL,'001,002,003,004,005,006,007',10,'',0.00,'Per GibbonSession','Finalised'),
	(00002189,025,'Y','Y','T3 Tues Horse Riding','School','Creativity','00033',NULL,NULL,NULL,NULL,'001,002,003,004,005,006,007',16,'',0.00,'Per GibbonSession','Finalised'),
	(00002190,025,'Y','Y','T3 Tues Juggling','School','Action','00033',NULL,NULL,NULL,NULL,'001,002,003,004,005,006,007',20,'',0.00,'Per GibbonSession','Finalised'),
	(00002191,025,'Y','Y','T3 Tues Kendo','School','','00033',NULL,NULL,NULL,NULL,'001,002,003,004,005,006,007',20,'',0.00,'Per GibbonSession','Finalised'),
	(00002192,025,'Y','Y','T3 Tues Library Support','School','Service','00033',NULL,NULL,NULL,NULL,'001,002,003,004,005,006,007',11,'',0.00,'Per GibbonSession','Finalised'),
	(00002195,025,'Y','Y','T3 Tues Primary School Reading','School','Service','00033',NULL,NULL,NULL,NULL,'004,005,006,007',20,'',0.00,'Per GibbonSession','Finalised'),
	(00002196,025,'Y','Y','T3 Tues Project: G','School','Action','00033',NULL,NULL,NULL,NULL,'001,002,003,004,005,006,007',30,'',0.00,'Per GibbonSession','Finalised'),
	(00002197,025,'Y','Y','T3 Tues School Media','School','Creativity','00033',NULL,NULL,NULL,NULL,'001,002,003,004,005,006,007',50,'',0.00,'Per GibbonSession','Finalised'),
	(00002199,025,'Y','Y','T3 Tues Table Tennis','School','Action','00033',NULL,NULL,NULL,NULL,'001,002,003,004,005,006,007',20,'',0.00,'Per GibbonSession','Finalised'),
	(00002201,025,'Y','Y','T3 Tues Tennis','School','Action','00033',NULL,NULL,NULL,NULL,'001,002,003,004,005,006,007',20,'',0.00,'Per GibbonSession','Finalised'),
	(00002202,025,'Y','Y','T3 Tues Touch U14 Boys','School','Action','00033',NULL,NULL,NULL,NULL,'001,002,003',30,'',0.00,'Per GibbonSession','Finalised'),
	(00002203,025,'Y','Y','T3 Tues Touch U14 Girls','School','Action','00033',NULL,NULL,NULL,NULL,'001,002,003',30,'',0.00,'Per GibbonSession','Finalised'),
	(00002204,025,'Y','Y','T3 Tues Touch U20 Boys','School','Action','00033',NULL,NULL,NULL,NULL,'004,005,006,007',30,'',0.00,'Per GibbonSession','Finalised'),
	(00002205,025,'Y','Y','T3 Tues Touch U20 Girls','School','Action','00033',NULL,NULL,NULL,NULL,'004,005,006,007',30,'',0.00,'Per GibbonSession','Finalised'),
	(00002206,025,'Y','Y','T3 Tues U12 Football','School','Action','00033',NULL,NULL,NULL,NULL,'001',20,'',0.00,'Per GibbonSession','Finalised'),
	(00002207,025,'Y','Y','T3 Tues Volleyball','School','Action','00033',NULL,NULL,NULL,NULL,'001,002,003,004,005,006,007',20,'',0.00,'Per GibbonSession','Finalised'),
	(00002210,025,'Y','Y','T1-T3 Wed Girls Judo ','School','Action','00031',NULL,NULL,NULL,NULL,'001,002,003,004,005,006,007',20,'',0.00,'Per GibbonSession','Finalised'),
	(00002221,025,'Y','Y','T2 Tues Community Art','School','Creativity','00032',NULL,NULL,NULL,NULL,'001,002,003,004,005,006,007',20,'',0.00,'Per GibbonSession','Finalised'),
	(00002222,025,'Y','Y','T2 Tues Cycling','School','Action','00032',NULL,NULL,NULL,NULL,'001,002,003,004,005,006,007',20,'',0.00,'Per GibbonSession','Finalised'),
	(00002224,025,'Y','Y','T2 Tues Gym','School','Action','00032',NULL,NULL,NULL,NULL,'004,005,006,007',10,'',0.00,'Per GibbonSession','Finalised'),
	(00002225,025,'Y','Y','T2 Tues Gymnastics','School','Action','00032',NULL,NULL,NULL,NULL,'001,002,003,004,005,006,007',10,'',0.00,'Per GibbonSession','Finalised'),
	(00002226,025,'Y','Y','T2 Tues Horse Riding','School','Creativity','00032',NULL,NULL,NULL,NULL,'001,002,003,004,005,006,007',16,'',0.00,'Per GibbonSession','Finalised'),
	(00002228,025,'Y','Y','T2 Tues Juggling','School','Action','00032',NULL,NULL,NULL,NULL,'001,002,003,004,005,006,007',20,'',0.00,'Per GibbonSession','Finalised'),
	(00002229,025,'Y','Y','T2 Tues Kendo','School','Action','00032',NULL,NULL,NULL,NULL,'001,002,003,004,005,006,007',20,'',0.00,'Per GibbonSession','Finalised'),
	(00002230,025,'Y','Y','T2 Tues Library Support','School','Service','00032',NULL,NULL,NULL,NULL,'001,002,003,004,005,006,007',5,'',0.00,'Per GibbonSession','Finalised'),
	(00002231,025,'Y','Y','T2 Tues MUN/History Bee & Bowl','School','Service','00032',NULL,NULL,NULL,NULL,'001,002,003,004,005,006,007',20,'',0.00,'Per GibbonSession','Finalised'),
	(00002232,025,'Y','Y','T2 Tues Primary - Teaching to Read','School','Service','00032',NULL,NULL,NULL,NULL,'001,002,003,004,005,006,007',20,'',0.00,'Per GibbonSession','Finalised'),
	(00002233,025,'Y','Y','T2 Tues Project: G','School','Service','00032',NULL,NULL,NULL,NULL,'001,002,003,004,005,006,007',30,'',0.00,'Per GibbonSession','Finalised'),
	(00002234,025,'Y','Y','T2 Tues Squash','School','Action','00032',NULL,NULL,NULL,NULL,'001,002,003,004,005,006,007',8,'',0.00,'Per GibbonSession','Finalised'),
	(00002236,025,'Y','Y','T2 Tues Tennis','School','Action','00032',NULL,NULL,NULL,NULL,'001,002,003,004,005,006,007',20,'',0.00,'Per GibbonSession','Finalised'),
	(00002237,025,'Y','Y','T2 Tues Touch Mixed','School','Action','00032',NULL,NULL,NULL,NULL,'001,002,003,004,005,006,007',30,'',0.00,'Per GibbonSession','Finalised'),
	(00002240,025,'Y','Y','T2 Tues U16 Basketball','School','Action','00032',NULL,NULL,NULL,NULL,'001,002,003,004,005,006',20,'',0.00,'Per GibbonSession','Finalised'),
	(00002241,025,'Y','Y','T2 Tues Volleyball','School','Action','00032',NULL,NULL,NULL,NULL,'001,002,003,004,005,006,007',20,'',0.00,'Per GibbonSession','Finalised'),
	(00002242,025,'Y','Y','T2-T3 Wed Speed Training ','School','Action','00032',NULL,NULL,NULL,NULL,'001,002,003,004,005,006,007',20,'',0.00,'Per GibbonSession','Finalised'),
	(00002249,025,'Y','Y','T2 Tues ICT Extension','School','Creativity','00032',NULL,NULL,NULL,NULL,'001,002,003,004,005,006,007',15,'',0.00,'Per GibbonSession','Finalised'),
	(00002254,025,'Y','Y','T1 Tues Blogging and Creative Writing','School','Creativity','00031',NULL,NULL,NULL,NULL,'001,002,003,004,005,006,007',25,'',0.00,'Per GibbonSession','Finalised'),
	(00002255,025,'Y','Y','T1 Tues Calligraphy','School','Creativity','00031',NULL,NULL,NULL,NULL,'001,002,003,004,005,006,007',20,'',0.00,'Per GibbonSession','Finalised'),
	(00002257,025,'Y','Y','T1 Tues Community Art','School','Service','00031',NULL,NULL,NULL,NULL,'001,002,003,004,005,006,007',10,'',0.00,'Per GibbonSession','Finalised'),
	(00002258,025,'Y','Y','T1 Tues Cycling','School','Action','00031',NULL,NULL,NULL,NULL,'001,002,003,004,005,006,007',20,'',0.00,'Per GibbonSession','Finalised'),
	(00002260,025,'Y','Y','T1 Tues Gym','School','Action','00031',NULL,NULL,NULL,NULL,'004,005,006,007',12,'',0.00,'Per GibbonSession','Finalised'),
	(00002261,025,'Y','Y','T1 Tues Gymnastics','School','Action','00031',NULL,NULL,NULL,NULL,'001,002,003,004,005,006,007',10,'',0.00,'Per GibbonSession','Finalised'),
	(00002263,025,'Y','Y','T3 Tues Art of Physical Labour','School','Action','00033',NULL,NULL,NULL,NULL,'001,002,003,004,005,006,007',20,'',0.00,'Per GibbonSession','Finalised'),
	(00002265,025,'Y','Y','T3 Tues Health and Fitness','School','Creativity','00033',NULL,NULL,NULL,NULL,'001,002,003,004,005,006,007',20,'',0.00,'Per GibbonSession','Finalised'),
	(00002266,025,'Y','Y','T3 Tues Ultimate Frisbee','School','Action','00033',NULL,NULL,NULL,NULL,'001,002,003,004,005,006,007',20,'',0.00,'Per GibbonSession',NULL),
	(00002267,025,'Y','Y','T3 Tues Yoga','School','Action','00033',NULL,NULL,NULL,NULL,'004,005,006,007',20,'',0.00,'Per GibbonSession','Finalised'),
	(00002268,025,'Y','Y','T2 Tues Art of Physical Labour','School','Action','00032',NULL,NULL,NULL,NULL,'001,002,003,004,005,006,007',20,'',0.00,'Per GibbonSession','Finalised'),
	(00002269,025,'Y','Y','T2 Tues Track and Field','School','Action','00032',NULL,NULL,NULL,NULL,'001,002,003,004,005,006,007',20,'',0.00,'Per GibbonSession','Finalised'),
	(00002270,025,'Y','Y','T2 Tues Calligraphy','School','Creativity','00032',NULL,NULL,NULL,NULL,'001,002,003,004,005,006,007',20,'',0.00,'Per GibbonSession',NULL),
	(00002271,025,'Y','Y','T2 Tues Bouldering','School','Action','00032',NULL,NULL,NULL,NULL,'001,002,003,004,005,006,007',20,'',0.00,'Per GibbonSession','Finalised'),
	(00002273,025,'Y','Y','T2 Tues Health and Fitness','School','Action','00032',NULL,NULL,NULL,NULL,'001,002,003,004,005,006,007',20,'',0.00,'Per GibbonSession','Finalised'),
	(00002274,025,'Y','Y','T2 Tues Japanese Drumming ','School','','00032',NULL,NULL,NULL,NULL,'001,002,003,004,005,006,007',6,'',0.00,'Per GibbonSession','Finalised'),
	(00002275,025,'Y','Y','T2 Tues Science Lab Skills','School','Creativity','00032',NULL,NULL,NULL,NULL,'001,002,003,004,005,006,007',20,'',0.00,'Per GibbonSession','Finalised'),
	(00002276,025,'Y','Y','T2 Tues Sewing and Textiles','School','','00032',NULL,NULL,NULL,NULL,'001,002,003,004,005,006,007',10,'',0.00,'Per GibbonSession','Finalised'),
	(00002277,025,'Y','Y','T2 Tues Table Tennis','School','','00032',NULL,NULL,NULL,NULL,'001,002,003,004,005,006,007',20,'',0.00,'Per GibbonSession','Finalised'),
	(00002278,025,'Y','Y','T2 Tues Yoga','School','','00032',NULL,NULL,NULL,NULL,'004,005,006,007',20,'',0.00,'Per GibbonSession','Finalised'),
	(00002281,025,'Y','Y','T1 Tues Juggling','School','Action','00031',NULL,NULL,NULL,NULL,'001,002,003,004,005,006,007',20,'',0.00,'Per GibbonSession','Finalised'),
	(00002282,025,'Y','Y','T1 Tues Kendo','School','Action','00031',NULL,NULL,NULL,NULL,'001,002,003,004,005,006,007',25,'',0.00,'Per GibbonSession','Finalised'),
	(00002283,025,'Y','Y','T1 Tues Library Support','School','Service','00031',NULL,NULL,NULL,NULL,'001,002,003,004,005,006,007',5,'',0.00,'Per GibbonSession','Finalised'),
	(00002285,025,'Y','Y','T1 Tues MUN/History Bee & Bowl','School','Service','00031',NULL,NULL,NULL,NULL,'001,002,003,004,005,006,007',20,'',0.00,'Per GibbonSession','Finalised'),
	(00002286,025,'Y','Y','T1 Tues Primary - Teaching to Read','School','Service','00031',NULL,NULL,NULL,NULL,'004,005,006,007',20,'',0.00,'Per GibbonSession','Finalised'),
	(00002287,025,'Y','Y','T1 Tues Project: G','School','Creativity','00031',NULL,NULL,NULL,NULL,'001,002,003,004,005,006,007',30,'',0.00,'Per GibbonSession','Finalised'),
	(00002290,025,'Y','Y','T1 Tues Swimming','School','Action','00031',NULL,NULL,NULL,NULL,'001,002,003,004,005,006,007',10,'',0.00,'Per GibbonSession','Finalised'),
	(00002291,025,'Y','Y','T1 Tues Table Tennis','School','Action','00031',NULL,NULL,NULL,NULL,'001,002,003,004,005,006,007',20,'',0.00,'Per GibbonSession','Finalised'),
	(00002293,025,'Y','Y','T1 Tues Tennis','School','Action','00031',NULL,NULL,NULL,NULL,'001,002,003,004,005,006,007',20,'',0.00,'Per GibbonSession','Finalised'),
	(00002294,025,'Y','Y','T1 Tues U14 Girls Football','School','Action','00031',NULL,NULL,NULL,NULL,'001,002,003',50,'',0.00,'Per GibbonSession','Finalised'),
	(00002296,025,'Y','Y','T1 Tues U14-U16 Dodgeball ','School','Action','00031',NULL,NULL,NULL,NULL,'003,004,005,006',20,'',0.00,'Per GibbonSession',NULL),
	(00002297,025,'Y','Y','T1 Tues U16 Basketball','School','Action','00031',NULL,NULL,NULL,NULL,'001,002,003,004,005,006',30,'',0.00,'Per GibbonSession','Finalised'),
	(00002298,025,'Y','Y','T1 Tues Volleyball','School','Action','00031',NULL,NULL,NULL,NULL,'001,002,003,004,005,006,007',20,'',0.00,'Per GibbonSession','Finalised'),
	(00002299,025,'Y','Y','T1 Tues Wakeboarding','School','Action','00031',NULL,NULL,NULL,NULL,'001,002,003,004,005,006,007',10,'',0.00,'Per GibbonSession','Finalised'),
	(00002305,025,'Y','Y','T1 Tues Health and Fitness','School','Creativity','00031',NULL,NULL,NULL,NULL,'001,002,003,004,005,006,007',20,'',0.00,'Per GibbonSession','Finalised'),
	(00002306,025,'Y','Y','T1 Tues Squash','School','Action','00031',NULL,NULL,NULL,NULL,'001,002,003,004,005,006,007',8,'',0.00,'Per GibbonSession','Finalised'),
	(00002308,025,'Y','Y','T1 Tues ICT Extension ','School','Creativity','00031',NULL,NULL,NULL,NULL,'001,002,003,004,005,006,007',15,'',0.00,'Per GibbonSession','Finalised'),
	(00002309,025,'Y','Y','T1 Tues Japanese Drumming','School','','00031',NULL,NULL,NULL,NULL,'001,002,003,004,005,006,007',6,'',0.00,'Per GibbonSession','Finalised'),
	(00002310,025,'Y','Y','T1 Tues Science Lab Skills ','School','Creativity','00031',NULL,NULL,NULL,NULL,'006,007',20,'',0.00,'Per GibbonSession','Finalised'),
	(00002311,025,'Y','Y','T1 Tues Yoga ','School','Action','00031',NULL,NULL,NULL,NULL,'004,005,006,007',20,'',0.00,'Per GibbonSession','Finalised'),
	(00002312,025,'Y','Y','T1 Tues Touch - Winter League Training ','School','Action','00031',NULL,NULL,NULL,NULL,'001,002,003,004,005,006,007',50,'',0.00,'Per GibbonSession','Finalised'),
	(00002315,025,'Y','Y','T1 Tues Singapore Squad 2018','School','Action','00031',NULL,NULL,NULL,NULL,'001,002,003,004,005,006,007',60,'',0.00,'Per GibbonSession','Finalised'),
	(00002316,025,'Y','Y','T1 Wed Speed Training','School','','00031',NULL,NULL,NULL,NULL,'001,002,003,004,005,006,007',20,'',0.00,'Per GibbonSession','Finalised'),
	(00002317,025,'Y','Y','T1 Tues Social Entrepreneurship','School','Creativity','00031',NULL,NULL,NULL,NULL,'001,002,003,004,005,006,007',20,'',0.00,'Per GibbonSession','Finalised'),
	(00002318,025,'Y','Y','T2 Tues Social Entrepreneurship','School','Service','00032',NULL,NULL,NULL,NULL,'001,002,003,004,005,006,007',20,'',0.00,'Per GibbonSession','Finalised'),
	(00002319,025,'Y','Y','T3 Tues Social Entrepreneurship','School','Creativity','00033',NULL,NULL,NULL,NULL,'001,002,003,004,005,006,007',20,'',0.00,'Per GibbonSession','Finalised'),
	(00002320,025,'Y','Y','T1 Tues Manga Drawing Club','School','','00031',NULL,NULL,NULL,NULL,'001,002,003,004,005,006,007',15,'',0.00,'Per GibbonSession','Finalised'),
	(00002321,025,'Y','Y','T1 Tues Sewing skill','School','Creativity','00031',NULL,NULL,NULL,NULL,'001,002,003,004,005,006,007',10,'',0.00,'Per GibbonSession','Finalised'),
	(00002322,025,'Y','N','Saturday Volleyball Practice','School','Action','00031',NULL,NULL,NULL,NULL,'001,002,003,004,005,006,007',50,'',0.00,'Per GibbonSession','Finalised'),
	(00002323,025,'Y','Y','T2 Tues Sewing skill','School','Creativity','00032',NULL,NULL,NULL,NULL,'001,002,003,004,005,006,007',10,'',0.00,'Per GibbonSession',NULL),
	(00002324,025,'Y','Y','T2 Tues Wakeboarding ','School','Action','00032',NULL,NULL,NULL,NULL,'001,002,003,004,005,006,007',10,'',0.00,'Per GibbonSession',NULL),
	(00002325,025,'Y','Y','T3 Tues Wakeboarding','School','Action','00033',NULL,NULL,NULL,NULL,'001,002,003,004,005,006,007',10,'',0.00,'Per GibbonSession','Finalised'),
	(00002326,025,'Y','Y','T1 Wed Wakeboarding ','School','Action','00031',NULL,NULL,NULL,NULL,'001,002,003,004,005,006,007',10,'',0.00,'Per GibbonSession','Finalised'),
	(00002328,025,'Y','Y','T1 Tues U14 Boys Football','School','Action','00031',NULL,NULL,NULL,NULL,'001,002,003',50,'',0.00,'Per GibbonSession','Finalised'),
	(00002329,025,'Y','Y','T3 Tues Community Art','School','Creativity','00033',NULL,NULL,NULL,NULL,'001,002,003,004,005,006,007',20,'',0.00,'Per GibbonSession',NULL),
	(00002330,025,'Y','N','HKAYP','School','Creativity','00031',NULL,NULL,NULL,NULL,'001,002,003,004,005,006,007',50,'',0.00,'Per GibbonSession','Finalised'),
	(00002332,025,'Y','N','T1 Tues Climbing','School','Action','00031',NULL,NULL,NULL,NULL,'001,002,003,004,005,006,007',20,'',0.00,'Per GibbonSession','Finalised'),
	(00002334,025,'Y','N','U12 Track and Field Team ','School','Action','00031',NULL,NULL,NULL,NULL,'001,002,003,004,005,006,007',50,'',0.00,'Per GibbonSession','Finalised'),
	(00002335,025,'Y','N','U14 Track and Field Team','School','Action','00031',NULL,NULL,NULL,NULL,'001,002,003,004,005,006,007',50,'',0.00,'Per GibbonSession','Finalised');

ALTER TABLE `gibbonActivity` ENABLE KEYS;
UNLOCK TABLES;


# Dump of table gibbonActivitySlot
# ------------------------------------------------------------

LOCK TABLES `gibbonActivitySlot` WRITE;
ALTER TABLE `gibbonActivitySlot` DISABLE KEYS;

INSERT INTO `gibbonActivitySlot` (`gibbonActivitySlotID`, `gibbonActivityID`, `gibbonSpaceID`, `locationExternal`, `gibbonDaysOfWeekID`, `timeStart`, `timeEnd`)
VALUES
	(0000001395,00002182,00004,'',02,'14:20:00','15:30:00'),
	(0000001396,00002183,00047,'',02,'14:20:00','15:30:00'),
	(0000001398,00002185,NULL,'',02,'14:20:00','15:30:00'),
	(0000001403,00002189,NULL,'',02,'14:20:00','16:30:00'),
	(0000001404,00002190,00006,'',02,'14:20:00','15:30:00'),
	(0000001405,00002191,00014,'',02,'14:20:00','15:30:00'),
	(0000001406,00002192,00013,'',02,'14:20:00','15:30:00'),
	(0000001409,00002195,NULL,'',02,'15:30:00','16:30:00'),
	(0000001410,00002196,NULL,'',02,'14:20:00','15:30:00'),
	(0000001411,00002197,00009,'',02,'14:20:00','15:30:00'),
	(0000001413,00002199,00012,'',02,'14:20:00','15:30:00'),
	(0000001416,00002202,NULL,'',02,'14:20:00','16:30:00'),
	(0000001418,00002203,NULL,'',02,'14:20:00','16:30:00'),
	(0000001419,00002204,NULL,'',02,'14:20:00','16:30:00'),
	(0000001420,00002205,NULL,'',02,'14:20:00','16:30:00'),
	(0000001421,00002206,NULL,'',02,'14:20:00','16:30:00'),
	(0000001422,00002207,00041,'',02,'14:20:00','15:30:00'),
	(0000001424,00002210,00014,'',03,'15:00:00','16:30:00'),
	(0000001428,00002221,00007,'',02,'14:20:00','15:30:00'),
	(0000001429,00002222,NULL,'',02,'14:20:00','15:30:00'),
	(0000001431,00002224,NULL,'',02,'14:20:00','16:00:00'),
	(0000001432,00002225,00057,'',02,'14:20:00','15:30:00'),
	(0000001433,00002226,NULL,'',02,'14:20:00','16:30:00'),
	(0000001435,00002228,00006,'',02,'14:20:00','15:30:00'),
	(0000001437,00002230,00013,'',02,'14:20:00','15:30:00'),
	(0000001438,00002231,00031,'',02,'14:20:00','15:30:00'),
	(0000001439,00002232,NULL,'',02,'15:30:00','16:30:00'),
	(0000001440,00002233,NULL,'',02,'14:20:00','15:30:00'),
	(0000001441,00002234,NULL,'',02,'14:20:00','16:00:00'),
	(0000001443,00002236,NULL,'',02,'14:20:00','16:00:00'),
	(0000001444,00002237,NULL,'',02,'14:20:00','16:30:00'),
	(0000001447,00002240,00015,'',02,'14:20:00','15:30:00'),
	(0000001448,00002241,00041,'',02,'14:20:00','15:30:00'),
	(0000001452,00002254,00004,'',02,'14:20:00','15:30:00'),
	(0000001453,00002255,00047,'',02,'14:20:00','15:30:00'),
	(0000001455,00002257,00007,'',02,'14:20:00','15:30:00'),
	(0000001456,00002258,00015,'',02,'14:20:00','15:30:00'),
	(0000001458,00002260,NULL,'',02,'14:20:00','16:00:00'),
	(0000001459,00002261,00051,'',02,'14:20:00','15:30:00'),
	(0000001461,00002187,NULL,'',02,'14:20:00','16:00:00'),
	(0000001462,00002188,00057,'',02,'14:20:00','15:30:00'),
	(0000001463,00002201,NULL,'',02,'14:20:00','16:00:00'),
	(0000001464,00002263,00056,'',02,'14:20:00','15:30:00'),
	(0000001466,00002265,00014,'',02,'14:20:00','15:30:00'),
	(0000001467,00002266,00015,'',02,'14:20:00','15:30:00'),
	(0000001468,00002267,00058,'',02,'14:20:00','15:30:00'),
	(0000001469,00002229,00014,'',02,'14:20:00','15:30:00'),
	(0000001470,00002242,00015,'',03,'15:00:00','16:30:00'),
	(0000001471,00002249,00009,'',02,'14:20:00','15:30:00'),
	(0000001472,00002268,00056,'',02,'14:20:00','15:30:00'),
	(0000001474,00002270,00047,'',02,'14:20:00','15:30:00'),
	(0000001475,00002271,NULL,'',02,'14:20:00','15:30:00'),
	(0000001477,00002273,00017,'',02,'14:20:00','15:30:00'),
	(0000001478,00002274,NULL,'',02,'15:00:00','16:00:00'),
	(0000001479,00002275,00022,'',02,'14:20:00','15:30:00'),
	(0000001480,00002276,00005,'',02,'14:20:00','15:30:00'),
	(0000001481,00002277,00012,'',02,'14:20:00','15:30:00'),
	(0000001482,00002278,00058,'',02,'14:20:00','15:30:00'),
	(0000001484,00002281,00006,'',02,'14:20:00','15:30:00'),
	(0000001485,00002282,00014,'',02,'14:20:00','15:30:00'),
	(0000001486,00002283,00013,'',02,'14:20:00','15:30:00'),
	(0000001488,00002285,00031,'',02,'14:20:00','15:30:00'),
	(0000001489,00002286,NULL,'',02,'15:30:00','16:30:00'),
	(0000001490,00002287,NULL,'',02,'14:20:00','15:30:00'),
	(0000001493,00002290,NULL,'',02,'14:20:00','16:00:00'),
	(0000001494,00002291,00012,'',02,'14:20:00','15:30:00'),
	(0000001496,00002293,NULL,'',02,'14:20:00','16:00:00'),
	(0000001497,00002294,NULL,'',02,'14:00:00','16:30:00'),
	(0000001499,00002296,00014,'',02,'14:20:00','15:30:00'),
	(0000001500,00002297,00015,'',02,'14:20:00','15:30:00'),
	(0000001501,00002298,NULL,'',02,'14:20:00','17:00:00'),
	(0000001502,00002299,NULL,'',02,'14:20:00','18:00:00'),
	(0000001504,00002305,00017,'',02,'14:20:00','15:30:00'),
	(0000001505,00002306,NULL,'',02,'14:20:00','16:00:00'),
	(0000001507,00002308,00009,'',02,'14:20:00','15:30:00'),
	(0000001508,00002309,NULL,'',02,'15:00:00','16:00:00'),
	(0000001509,00002310,00022,'',02,'14:20:00','15:30:00'),
	(0000001510,00002311,00058,'',02,'14:20:00','15:30:00'),
	(0000001511,00002312,NULL,'',02,'14:20:00','16:30:00'),
	(0000001512,00002316,NULL,'',03,'15:00:00','16:00:00'),
	(0000001513,00002317,00030,'',02,'14:20:00','15:30:00'),
	(0000001514,00002318,00030,'',02,'14:20:00','15:30:00'),
	(0000001515,00002319,00030,'',02,'14:20:00','15:30:00'),
	(0000001516,00002320,00002,'',02,'14:20:00','15:30:00'),
	(0000001517,00002321,00013,'',02,'14:20:00','15:30:00'),
	(0000001518,00002322,00041,'',06,'09:00:00','12:00:00'),
	(0000001519,00002315,NULL,'',02,'14:20:00','16:30:00'),
	(0000001520,00002323,00013,'',02,'14:20:00','15:30:00'),
	(0000001521,00002324,NULL,'',02,'14:20:00','18:00:00'),
	(0000001522,00002325,NULL,'',02,'14:20:00','18:00:00'),
	(0000001523,00002326,NULL,'',02,'14:20:00','18:00:00'),
	(0000001524,00002328,NULL,'',02,'14:00:00','16:30:00'),
	(0000001525,00002329,00007,'',02,'14:20:00','15:30:00'),
	(0000001526,00002332,00014,'',02,'14:20:00','15:30:00'),
	(0000001527,00002269,NULL,'',02,'14:20:00','15:30:00');

ALTER TABLE `gibbonActivitySlot` ENABLE KEYS;
UNLOCK TABLES;


# Dump of table gibbonActivityStaff
# ------------------------------------------------------------

LOCK TABLES `gibbonActivityStaff` WRITE;
ALTER TABLE `gibbonActivityStaff` DISABLE KEYS;

INSERT INTO `gibbonActivityStaff` (`gibbonActivityStaffID`, `gibbonActivityID`, `gibbonPersonID`, `role`)
VALUES
	(00002192,00002181,0000002289,'Organiser'),
	(00002193,00002182,0000000867,'Organiser'),
	(00002194,00002183,0000001057,'Organiser'),
	(00002195,00002183,0000001119,'Organiser'),
	(00002197,00002184,0000001104,'Organiser'),
	(00002198,00002185,0000001055,'Organiser'),
	(00002199,00002185,0000000839,'Assistant'),
	(00002200,00002185,0000001506,'Organiser'),
	(00002204,00002185,0000002027,'Organiser'),
	(00002205,00002186,0000000719,'Coach'),
	(00002206,00002186,0000001066,'Coach'),
	(00002207,00002187,0000000144,'Organiser'),
	(00002208,00002188,0000000119,'Organiser'),
	(00002210,00002190,0000001778,'Organiser'),
	(00002211,00002191,0000000119,'Organiser'),
	(00002212,00002192,0000000689,'Organiser'),
	(00002213,00002193,0000001474,'Organiser'),
	(00002214,00002193,0000001086,'Organiser'),
	(00002215,00002194,0000000614,'Organiser'),
	(00002216,00002194,0000001514,'Organiser'),
	(00002217,00002195,0000001117,'Organiser'),
	(00002218,00002196,0000000866,'Organiser'),
	(00002219,00002197,0000001047,'Assistant'),
	(00002220,00002197,0000000375,'Organiser'),
	(00002223,00002198,0000000119,'Organiser'),
	(00002224,00002199,0000000870,'Organiser'),
	(00002225,00002200,0000000119,'Organiser'),
	(00002226,00002201,0000000120,'Organiser'),
	(00002227,00002202,0000000373,'Organiser'),
	(00002228,00002203,0000000198,'Coach'),
	(00002231,00002206,0000001776,'Organiser'),
	(00002232,00002207,0000000869,'Organiser'),
	(00002233,00002207,0000001502,'Organiser'),
	(00002234,00002208,0000000119,'Organiser'),
	(00002235,00002209,0000000119,'Organiser'),
	(00002237,00002211,0000000866,'Organiser'),
	(00002238,00002211,0000000120,'Organiser'),
	(00002239,00002211,0000000857,'Other'),
	(00002240,00002212,0000002027,'Organiser'),
	(00002241,00002212,0000000857,'Other'),
	(00002242,00002213,0000000144,'Organiser'),
	(00002243,00002213,0000001122,'Organiser'),
	(00002244,00002213,0000000869,'Organiser'),
	(00002245,00002213,0000000140,'Organiser'),
	(00002246,00002213,0000000198,'Organiser'),
	(00002247,00002213,0000001119,'Organiser'),
	(00002248,00002213,0000000857,'Other'),
	(00002249,00002214,0000000373,'Organiser'),
	(00002250,00002214,0000000857,'Other'),
	(00002251,00002215,0000000119,'Organiser'),
	(00002252,00002215,0000000857,'Other'),
	(00002253,00002215,0000000001,'Organiser'),
	(00002254,00002216,0000000119,'Organiser'),
	(00002255,00002217,0000000119,'Organiser'),
	(00002256,00002218,0000001104,'Organiser'),
	(00002257,00002218,0000002289,'Organiser'),
	(00002258,00002219,0000001047,'Organiser'),
	(00002259,00002219,0000000867,'Organiser'),
	(00002260,00002220,0000001119,'Organiser'),
	(00002261,00002221,0000000007,'Organiser'),
	(00002262,00002221,0000000374,'Organiser'),
	(00002267,00002223,0000000871,'Organiser'),
	(00002268,00002223,0000000375,'Organiser'),
	(00002269,00002223,0000001506,'Organiser'),
	(00002270,00002224,0000000144,'Organiser'),
	(00002271,00002225,0000000119,'Organiser'),
	(00002274,00002226,0000000140,'Organiser'),
	(00002277,00002227,0000000796,'Organiser'),
	(00002278,00002228,0000001778,'Organiser'),
	(00002279,00002229,0000000119,'Organiser'),
	(00002280,00002230,0000000689,'Organiser'),
	(00002281,00002231,0000000124,'Organiser'),
	(00002282,00002231,0000002027,'Organiser'),
	(00002284,00002232,0000001117,'Organiser'),
	(00002285,00002233,0000000866,'Organiser'),
	(00002286,00002234,0000000870,'Organiser'),
	(00002287,00002235,0000000119,'Organiser'),
	(00002288,00002236,0000000144,'Other'),
	(00002291,00002238,0000001776,'Organiser'),
	(00002292,00002239,0000000014,'Coach'),
	(00002293,00002239,0000000373,'Organiser'),
	(00002294,00002239,0000001119,'Assistant'),
	(00002295,00002240,0000000120,'Coach'),
	(00002296,00002240,0000000058,'Assistant'),
	(00002297,00002241,0000000869,'Coach'),
	(00002299,00002241,0000001502,'Organiser'),
	(00002302,00002243,0000001122,'Organiser'),
	(00002303,00002243,0000000866,'Organiser'),
	(00002304,00002244,0000000866,'Organiser'),
	(00002305,00002244,0000000198,'Organiser'),
	(00002306,00002245,0000000119,'Organiser'),
	(00002307,00002246,0000000866,'Organiser'),
	(00002308,00002247,0000000373,'Coach'),
	(00002309,00002247,0000000870,'Coach'),
	(00002310,00002248,0000000770,'Organiser'),
	(00002311,00002249,0000000001,'Organiser'),
	(00002312,00002250,0000000119,'Organiser'),
	(00002313,00002251,0000001110,'Organiser'),
	(00002314,00002251,0000000001,'Organiser'),
	(00002315,00002252,0000000001,'Organiser'),
	(00002316,00002253,0000001110,'Organiser'),
	(00002317,00002254,0000000867,'Organiser'),
	(00002318,00002254,0000001047,'Assistant'),
	(00002319,00002255,0000001119,'Organiser'),
	(00002321,00002256,0000000198,'Organiser'),
	(00002322,00002257,0000000069,'Organiser'),
	(00002323,00002257,0000000374,'Organiser'),
	(00002324,00002258,0000000569,'Organiser'),
	(00002327,00002259,0000001066,'Organiser'),
	(00002328,00002259,0000000719,'Organiser'),
	(00002330,00002261,0000000119,'Organiser'),
	(00002331,00002262,0000000796,'Organiser'),
	(00002332,00002183,0000000589,'Organiser'),
	(00002333,00002185,0000002326,'Organiser'),
	(00002334,00002185,0000001518,'Organiser'),
	(00002335,00002196,0000002026,'Organiser'),
	(00002336,00002199,0000002347,'Organiser'),
	(00002337,00002204,0000000119,'Organiser'),
	(00002338,00002205,0000002134,'Organiser'),
	(00002339,00002210,0000000192,'Coach'),
	(00002340,00002263,0000002289,'Organiser'),
	(00002341,00002264,0000002028,'Organiser'),
	(00002342,00002265,0000001104,'Organiser'),
	(00002343,00002266,0000000001,'Organiser'),
	(00002344,00002267,0000001123,'Coach'),
	(00002345,00002222,0000001518,'Organiser'),
	(00002346,00002222,0000002326,'Organiser'),
	(00002347,00002222,0000000870,'Organiser'),
	(00002349,00002237,0000001776,'Organiser'),
	(00002350,00002237,0000002134,'Organiser'),
	(00002351,00002268,0000002289,'Organiser'),
	(00002352,00002269,0000000373,'Organiser'),
	(00002353,00002270,0000001119,'Organiser'),
	(00002354,00002270,0000000589,'Organiser'),
	(00002355,00002271,0000000119,'Organiser'),
	(00002356,00002272,0000002028,'Organiser'),
	(00002357,00002273,0000001104,'Organiser'),
	(00002358,00002274,0000001122,'Organiser'),
	(00002359,00002275,0000002026,'Organiser'),
	(00002360,00002276,0000000375,'Organiser'),
	(00002361,00002277,0000002347,'Organiser'),
	(00002362,00002277,0000000198,'Organiser'),
	(00002363,00002278,0000001123,'Organiser'),
	(00002364,00002255,0000000589,'Organiser'),
	(00002365,00002258,0000001518,'Organiser'),
	(00002368,00002258,0000002326,'Organiser'),
	(00002369,00002279,0000002028,'Organiser'),
	(00002370,00002260,0000000144,'Organiser'),
	(00002371,00002280,0000000870,'Organiser'),
	(00002372,00002281,0000001778,'Organiser'),
	(00002373,00002282,0000000119,'Organiser'),
	(00002374,00002283,0000000689,'Organiser'),
	(00002375,00002283,0000000810,'Assistant'),
	(00002376,00002283,0000000817,'Organiser'),
	(00002377,00002284,0000001474,'Organiser'),
	(00002378,00002284,0000001086,'Organiser'),
	(00002379,00002285,0000000124,'Organiser'),
	(00002380,00002285,0000002027,'Organiser'),
	(00002381,00002286,0000001117,'Organiser'),
	(00002382,00002287,0000000866,'Organiser'),
	(00002383,00002287,0000001506,'Organiser'),
	(00002384,00002288,0000000375,'Organiser'),
	(00002387,00002289,0000000373,'Organiser'),
	(00002390,00002291,0000000095,'Organiser'),
	(00002392,00002292,0000000119,'Organiser'),
	(00002395,00002294,0000000776,'Other'),
	(00002397,00002294,0000001777,'Coach'),
	(00002398,00002294,0000000396,'Coach'),
	(00002399,00002295,0000000144,'Coach'),
	(00002400,00002295,0000001776,'Coach'),
	(00002401,00002295,0000001777,'Coach'),
	(00002402,00002295,0000000396,'Coach'),
	(00002403,00002296,0000000044,'Organiser'),
	(00002406,00002297,0000000120,'Organiser'),
	(00002407,00002297,0000000058,'Assistant'),
	(00002408,00002298,0000000869,'Coach'),
	(00002409,00002298,0000001502,'Coach'),
	(00002410,00002299,0000000119,'Organiser'),
	(00002411,00002300,0000001104,'Assistant'),
	(00002412,00002300,0000001502,'Assistant'),
	(00002413,00002301,0000000119,'Organiser'),
	(00002414,00002301,0000000373,'Organiser'),
	(00002415,00002302,0000000001,'Organiser'),
	(00002416,00002303,0000000119,'Organiser'),
	(00002417,00002303,0000001104,'Organiser'),
	(00002418,00002303,0000001502,'Organiser'),
	(00002419,00002304,0000000119,'Organiser'),
	(00002420,00002305,0000001104,'Organiser'),
	(00002421,00002290,0000000144,'Organiser'),
	(00002422,00002291,0000002347,'Organiser'),
	(00002423,00002293,0000000144,'Organiser'),
	(00002425,00002296,0000000140,'Organiser'),
	(00002427,00002306,0000000198,'Organiser'),
	(00002428,00002307,0000002289,'Organiser'),
	(00002429,00002308,0000000001,'Organiser'),
	(00002430,00002309,0000001122,'Organiser'),
	(00002431,00002310,0000002026,'Organiser'),
	(00002432,00002311,0000001123,'Coach'),
	(00002433,00002312,0000000119,'Organiser'),
	(00002434,00002313,0000001122,'Organiser'),
	(00002435,00002313,0000000866,'Organiser'),
	(00002436,00002314,0000000866,'Organiser'),
	(00002437,00002314,0000000198,'Organiser'),
	(00002438,00002315,0000000373,'Coach'),
	(00002439,00002315,0000000870,'Coach'),
	(00002440,00002242,0000001776,'Organiser'),
	(00002441,00002316,0000001776,'Coach'),
	(00002442,00002317,0000002028,'Organiser'),
	(00002443,00002318,0000002028,'Organiser'),
	(00002444,00002319,0000002028,'Organiser'),
	(00002446,00002296,0000002134,'Organiser'),
	(00002447,00002321,0000000689,'Organiser'),
	(00002448,00002322,0000000869,'Organiser'),
	(00002449,00002320,0000001474,'Organiser'),
	(00002450,00002320,0000001086,'Organiser'),
	(00002451,00002323,0000000689,'Organiser'),
	(00002452,00002324,0000000119,'Organiser'),
	(00002453,00002325,0000000119,'Organiser'),
	(00002454,00002326,0000000119,'Organiser'),
	(00002455,00002328,0000000776,'Other'),
	(00002456,00002328,0000001776,'Coach'),
	(00002458,00002328,0000000396,'Coach'),
	(00002459,00002329,0000000374,'Organiser'),
	(00002460,00002330,0000000119,'Organiser'),
	(00002461,00002330,0000002134,'Organiser'),
	(00002462,00002266,0000001008,'Assistant'),
	(00002463,00002296,0000001008,'Assistant'),
	(00002464,00002270,0000001008,'Assistant'),
	(00002465,00002331,0000000119,'Organiser'),
	(00002466,00002332,0000000119,'Organiser'),
	(00002467,00002258,0000002289,'Organiser'),
	(00002468,00002333,0000001110,'Organiser'),
	(00002469,00002333,0000002026,'Organiser'),
	(00002470,00002222,0000001777,'Organiser'),
	(00002471,00002222,0000001506,'Organiser'),
	(00002472,00002334,0000000373,'Organiser'),
	(00002473,00002334,0000000119,'Organiser'),
	(00002474,00002334,0000002134,'Organiser'),
	(00002475,00002335,0000000373,'Organiser'),
	(00002476,00002335,0000000119,'Organiser'),
	(00002477,00002335,0000002134,'Organiser'),
	(00002478,00002197,0000001777,'Organiser'),
	(00002479,00002189,0000000124,'Organiser'),
	(00002480,00002183,0000001819,'Organiser');

ALTER TABLE `gibbonActivityStaff` ENABLE KEYS;
UNLOCK TABLES;


# Dump of table gibbonCourse
# ------------------------------------------------------------

LOCK TABLES `gibbonCourse` WRITE;
ALTER TABLE `gibbonCourse` DISABLE KEYS;

INSERT INTO `gibbonCourse` (`gibbonCourseID`, `AcademicYearID`, `gibbonDepartmentID`, `name`, `nameShort`, `description`, `map`, `gibbonYearGroupIDList`, `orderBy`)
VALUES
	(00001218,025,0005,'Year 10 Art','AR10','','Y','004',0),
	(00001219,025,0008,'Year 10 Chinese','CN10','','Y','004',0),
	(00001220,025,0005,'Year 10 Drama','DR10','','Y','004',0),
	(00001221,025,0006,'Year 10 Economics','EC10','','Y','004',0),
	(00001222,025,0007,'Year 10 English','EN10','','Y','004',0),
	(00001223,025,0018,'Year 10 Enrichment & Flow','ENF10','','Y','004',0),
	(00001224,025,0004,'Year 10 Environmental Management','EV10','','Y','004',0),
	(00001225,025,0006,'Year 10 History','HI10','','Y','004',0),
	(00001226,025,0018,'Year 10 Human Technologies','HT10','','Y','004',0),
	(00001227,025,0008,'Year 10 Japanese','JP10','','Y','004',0),
	(00001228,025,0016,'Year 10 Mathematics','MA10','','Y','004',0),
	(00001229,025,0005,'Year 10 Media Studies','ME10','','Y','004',0),
	(00001230,025,0010,'Year 10 Physical Education','PE10','','Y','004',0),
	(00001231,025,0004,'Year 10 Science','SC10','','Y','004',0),
	(00001232,025,0008,'Year 10 Self Study','SS10','','Y','004',0),
	(00001233,025,0008,'Year 10 Spanish','SP10','','Y','004',0),
	(00001235,025,0005,'Year 11 Art','AR11','','Y','005',0),
	(00001236,025,0008,'Year 11 Chinese','CN11','','Y','005',0),
	(00001237,025,0005,'Year 11 Drama','DR11','','Y','005',0),
	(00001238,025,0006,'Year 11 Economics','EC11','','Y','005',0),
	(00001239,025,0007,'Year 11 English','EN11','','Y','005',0),
	(00001240,025,0018,'Year 11 Enrichment & Flow','ENF11','','Y','005',0),
	(00001241,025,0004,'Year 11 Environmental Management','EV11','','Y','005',0),
	(00001242,025,0006,'Year 11 History','HI11','','Y','005',0),
	(00001243,025,0008,'Year 11 Japanese','JP11','','Y','005',0),
	(00001244,025,0016,'Year 11 Mathematics','MA11','','Y','005',0),
	(00001245,025,0005,'Year 11 Media Studies','ME11','','Y','005',0),
	(00001246,025,0010,'Year 11 Physical Education','PE11','','Y','005',0),
	(00001247,025,0004,'Year 11 Science','SC11','','Y','005',0),
	(00001249,025,0008,'Year 11 Spanish','SP11','','Y','005',0),
	(00001251,025,0004,'Year 12 Biology (Higher)','BIHL12','','Y','006',0),
	(00001252,025,0004,'Year 12 Biology (Standard)','BISL12','','Y','006',0),
	(00001254,025,0004,'Year 12 Chemistry (Higher)','CHHL12','','Y','006',0),
	(00001255,025,0004,'Year 12 Chemistry (Standard)','CHSL12','','Y','006',0),
	(00001256,025,0008,'Year 12 Chinese Language B (Higher)','CNHL12','','Y','006',0),
	(00001257,025,0008,'Year 12 Chinese Language B (Standard)','CNSL12','','Y','006',0),
	(00001258,025,0006,'Year 12 Economics (Higher)','ECHL12','','Y','006',0),
	(00001259,025,0007,'Year 12 English A (Higher)','ENHL12','','Y','006',0),
	(00001260,025,0007,'Year 12 English A (Standard)','ENSL12','','Y','006',0),
	(00001261,025,0004,'Year 12 Envir. Systems & Societies (Standard)','ESSL12','','Y','006',0),
	(00001263,025,0005,'Year 12 Film Studies (Higher)','FSHL12','','Y','006',0),
	(00001264,025,0005,'Year 12 Film Studies (Standard)','FSSL12','','Y','006',0),
	(00001265,025,0006,'Year 12 History (Standard)','HISL12','','Y','006',0),
	(00001270,025,0008,'Year 12 Pamoja Support','PS12','','Y','006',0),
	(00001271,025,0010,'Year 12 Physical Education','PE12','','Y','006',0),
	(00001272,025,0004,'Year 12 Physics (Higher)','PHHL12','','Y','006',0),
	(00001273,025,0004,'Year 12 Physics (Standard)','PHSL12','','Y','006',0),
	(00001274,025,0006,'Year 12 Psychology (Higher)','PYHL12','','Y','006',0),
	(00001275,025,0007,'Year 12 Self Study','SS12','','Y','006',0),
	(00001276,025,0008,'Year 12 Spanish B (Higher)','SPHL12','','Y','006',0),
	(00001277,025,0008,'Year 12 Spanish B (Standard)','SPSL12','','Y','006',0),
	(00001278,025,0005,'Year 12 Theatre Arts (Higher)','TAHL12','','Y','006',0),
	(00001279,025,0005,'Year 12 Theatre Arts (Standard)','TASL12','','Y','006',0),
	(00001280,025,0018,'Year 12 Theory of Knowledge','TOK12','','Y','006',0),
	(00001282,025,0004,'Year 13 Biology (Higher)','BIHL13','','Y','007',0),
	(00001283,025,0004,'Year 13 Biology (Standard)','BISL13','','Y','007',0),
	(00001285,025,0004,'Year 13 Chemistry (Higher)','CHHL13','','Y','007',0),
	(00001286,025,0004,'Year 13 Chemistry (Standard)','CHSL13','','Y','007',0),
	(00001288,025,0008,'Year 13 Chinese Language B (Higher)','CNHL13','','Y','007',0),
	(00001289,025,0008,'Year 13 Chinese Language B (Standard)','CNSL13','','Y','007',0),
	(00001290,025,0006,'Year 13 Economics (Higher)','ECHL13','','Y','007',0),
	(00001292,025,0007,'Year 13 English A (Higher)','ENHL13','','Y','007',0),
	(00001293,025,0007,'Year 13 English A (Standard)','ENSL13','','Y','007',0),
	(00001294,025,0004,'Year 13 Envir. Systems & Societies (Standard)','ESSL13','','Y','007',0),
	(00001298,025,0016,'Year 13 Mathematics (Higher)','MAHL13','','Y','007',0),
	(00001299,025,0016,'Year 13 Mathematics (Standard)','MASL13','','Y','007',0),
	(00001300,025,0016,'Year 13 Mathematics (Studies)','MSSL13','','Y','007',0),
	(00001301,025,0008,'Year 13 Pamoja Support','PS13','','Y','007',0),
	(00001302,025,0010,'Year 13 Physical Education','PE13','','Y','007',0),
	(00001303,025,0004,'Year 13 Physics (Higher)','PHHL13','','Y','007',0),
	(00001304,025,0004,'Year 13 Physics (Standard)','PHSL13','','Y','007',0),
	(00001305,025,0006,'Year 13 Psychology (Higher)','PYHL13','','Y','007',0),
	(00001309,025,0008,'Year 13 Spanish B (Higher)','SPHL13','','Y','007',0),
	(00001310,025,0005,'Year 13 Theatre Arts (Higher)','TAHL13','','Y','007',0),
	(00001311,025,0005,'Year 13 Theatre Arts (Standard)','TASL13','','Y','007',0),
	(00001312,025,0018,'Year 13 Theory of Knowledge','TOK13','','Y','007',0),
	(00001316,025,0005,'Year 7 Art','AR07','','Y','001',0),
	(00001317,025,0006,'Year 7 Big History','BH07','','Y','001',0),
	(00001318,025,0008,'Year 7 Chinese','CN07','','Y','001',0),
	(00001319,025,0007,'Year 7 English','EN07','','Y','001',0),
	(00001320,025,0005,'Year 7 Expressive Arts','EX07','','Y','001',0),
	(00001321,025,0018,'Year 7 Free Learning','FL07','','Y','001',0),
	(00001322,025,0018,'Year 7 Human Technologies','HT07','','Y','001',0),
	(00001323,025,0008,'Year 7 Japanese','JP07','','Y','001',0),
	(00001324,025,0016,'Year 7 Mathematics','MA07','','Y','001',0),
	(00001325,025,0010,'Year 7 Physical Education','PE07','','Y','001',0),
	(00001326,025,0004,'Year 7 Science','SC07','','Y','001',0),
	(00001327,025,0008,'Year 7 Spanish','SP07','','Y','001',0),
	(00001329,025,0006,'Year 8 Big History','BH08','','Y','002',0),
	(00001330,025,0008,'Year 8 Chinese','CN08','','Y','002',0),
	(00001331,025,0018,'Year 8 Digital Creativity & Visual Thinking','DCVT08','','Y','002',0),
	(00001332,025,0007,'Year 8 English','EN08','','Y','002',0),
	(00001333,025,0005,'Year 8 Expressive Arts','EX08','','Y','002',0),
	(00001334,025,0018,'Year 8 Free Learning','FL08','','Y','002',0),
	(00001335,025,0018,'Year 8 Human Technologies','HT08','','Y','002',0),
	(00001336,025,0008,'Year 8 Japanese','JP08','','Y','002',0),
	(00001337,025,0016,'Year 8 Mathematics','MA08','','Y','002',0),
	(00001338,025,0010,'Year 8 Physical Education','PE08','','Y','002',0),
	(00001339,025,0004,'Year 8 Science','SC08','','Y','002',0),
	(00001340,025,0008,'Year 8 Spanish','SP08','','Y','002',0),
	(00001342,025,0005,'Year 9 Art','AR09','','Y','003',0),
	(00001343,025,0008,'Year 9 Chinese','CN09','','Y','003',0),
	(00001344,025,0007,'Year 9 English','EN09','','Y','003',0),
	(00001345,025,0005,'Year 9 Expressive Arts','EX09','','Y','003',0),
	(00001346,025,0018,'Year 9 Free Learning','FL09','','Y','003',0),
	(00001347,025,0018,'Year 9 Human Technologies','HT09','','Y','003',0),
	(00001348,025,0006,'Year 9 Humanities','HU09','','Y','003',0),
	(00001349,025,0008,'Year 9 Japanese','JP09','','Y','003',0),
	(00001350,025,0016,'Year 9 Mathematics','MA09','','Y','003',0),
	(00001351,025,0005,'Year 9 Media Studies','ME09','','Y','003',0),
	(00001352,025,0010,'Year 9 Physical Education','PE09','','Y','003',0),
	(00001353,025,0004,'Year 9 Science','SC09','','Y','003',0),
	(00001354,025,0008,'Year 9 Spanish','SP09','','Y','003',0),
	(00001356,025,0008,'Year 7 Chinese (Kingston Chinese Programme)','CNK07','','Y','001',0),
	(00001357,025,0006,'Year 12 Economics (Standard)','ECSL12','','Y','006',0),
	(00001358,025,0005,'Year 13 Film Studies (Higher)','FSHL13','','Y','007',0),
	(00001359,025,0005,'Year 13 Film Studies (Standard)','FSSL13','','Y','006',0),
	(00001360,025,0006,'Year 12 History (Higher)','HIHL12','','Y','006',0),
	(00001361,025,0006,'Year 13 History (Standard)','HISL13','','Y','007',0),
	(00001362,025,0016,'Year 12 Maths Analysis & Approaches (Higher)','MAAHL12','','Y','006',0),
	(00001363,025,0016,'Year 12 Maths Analysis & Approaches (Standard)','MAASL12','','Y','006',0),
	(00001364,025,0016,'Year 12 Maths Applications & Interpretation (Standard)','MAISL12','','Y','006',0),
	(00001365,025,0006,'Year 12 Psychology (Standard)','PYSL12','','Y','006',0),
	(00001366,025,0008,'Year 13 Spanish (Standard)','SPSL13','','Y','007',0),
	(00001367,025,0005,'Year 12 Visual Arts (Higher)','VAHL12','','Y','006',0),
	(00001368,025,0005,'Year 12 Visual Arts (Standard) ','VASL12','','Y','006',0);

ALTER TABLE `gibbonCourse` ENABLE KEYS;
UNLOCK TABLES;


# Dump of table gibbonCourseClass
# ------------------------------------------------------------

LOCK TABLES `gibbonCourseClass` WRITE;
ALTER TABLE `gibbonCourseClass` DISABLE KEYS;

INSERT INTO `gibbonCourseClass` (`gibbonCourseClassID`, `gibbonCourseID`, `name`, `nameShort`, `reportable`, `attendance`, `gibbonScaleIDTarget`)
VALUES
	(00002280,00001218,'1','1','Y','Y',NULL),
	(00002281,00001219,'2','2','Y','Y',NULL),
	(00002282,00001219,'1','1','Y','Y',NULL),
	(00002283,00001219,'4','4','Y','Y',NULL),
	(00002284,00001219,'3','3','Y','Y',NULL),
	(00002285,00001219,'5','5','Y','Y',NULL),
	(00002286,00001220,'1','1','Y','Y',NULL),
	(00002287,00001221,'1','1','Y','Y',NULL),
	(00002291,00001223,'2','2','Y','Y',NULL),
	(00002292,00001223,'1','1','Y','Y',NULL),
	(00002293,00001224,'1','1','Y','Y',NULL),
	(00002294,00001225,'1','1','Y','Y',NULL),
	(00002295,00001226,'2','2','Y','Y',NULL),
	(00002296,00001226,'1','1','Y','Y',NULL),
	(00002297,00001227,'1','1','Y','Y',NULL),
	(00002301,00001229,'1','1','Y','Y',NULL),
	(00002302,00001230,'2','2','Y','Y',NULL),
	(00002303,00001230,'1','1','Y','Y',NULL),
	(00002304,00001231,'2','2','Y','Y',NULL),
	(00002305,00001231,'1','1','Y','Y',NULL),
	(00002306,00001232,'1','1','Y','Y',NULL),
	(00002307,00001233,'1','1','Y','Y',NULL),
	(00002310,00001235,'1','1','Y','Y',NULL),
	(00002311,00001236,'2','2','Y','Y',NULL),
	(00002312,00001236,'1','1','Y','Y',NULL),
	(00002313,00001236,'3','3','Y','Y',NULL),
	(00002314,00001237,'1','1','Y','Y',NULL),
	(00002315,00001238,'1','1','Y','Y',NULL),
	(00002319,00001240,'1','1','Y','Y',NULL),
	(00002320,00001240,'2','2','Y','Y',NULL),
	(00002321,00001241,'1','1','Y','Y',NULL),
	(00002322,00001242,'1','1','Y','Y',NULL),
	(00002323,00001243,'1','1','Y','Y',NULL),
	(00002327,00001245,'1','1','Y','Y',NULL),
	(00002328,00001246,'1','1','Y','Y',NULL),
	(00002329,00001246,'2','2','Y','Y',NULL),
	(00002330,00001247,'2','2','Y','Y',NULL),
	(00002331,00001247,'1','1','Y','Y',NULL),
	(00002332,00001249,'1','1','Y','Y',NULL),
	(00002336,00001251,'1','1','Y','Y',NULL),
	(00002337,00001252,'1','1','Y','Y',NULL),
	(00002338,00001253,'1','1','Y','Y',NULL),
	(00002339,00001254,'1','1','Y','Y',NULL),
	(00002340,00001255,'1','1','Y','Y',NULL),
	(00002341,00001256,'1','1','Y','Y',NULL),
	(00002342,00001257,'1','1','Y','Y',NULL),
	(00002343,00001258,'1','1','Y','Y',NULL),
	(00002344,00001259,'1','1','Y','Y',NULL),
	(00002345,00001260,'1','1','Y','Y',NULL),
	(00002346,00001261,'1','1','Y','Y',NULL),
	(00002347,00001262,'1','1','Y','Y',NULL),
	(00002348,00001263,'1','1','Y','Y',NULL),
	(00002349,00001264,'1','1','Y','Y',NULL),
	(00002350,00001265,'1','1','Y','Y',NULL),
	(00002356,00001270,'1','1','Y','Y',NULL),
	(00002357,00001271,'2','2','N','Y',NULL),
	(00002358,00001271,'1','1','N','Y',NULL),
	(00002359,00001272,'1','1','Y','Y',NULL),
	(00002360,00001273,'1','1','Y','Y',NULL),
	(00002361,00001274,'1','1','Y','Y',NULL),
	(00002362,00001275,'1','1','Y','Y',NULL),
	(00002363,00001276,'1','1','Y','Y',NULL),
	(00002364,00001277,'1','1','Y','Y',NULL),
	(00002365,00001278,'1','1','Y','Y',NULL),
	(00002366,00001279,'1','1','Y','Y',NULL),
	(00002367,00001280,'1','1','Y','Y',NULL),
	(00002370,00001282,'1','1','Y','Y',NULL),
	(00002371,00001283,'1','1','Y','Y',NULL),
	(00002372,00001284,'1','1','Y','Y',NULL),
	(00002373,00001285,'1','1','Y','Y',NULL),
	(00002374,00001286,'1','1','Y','Y',NULL),
	(00002376,00001288,'1','1','Y','Y',NULL),
	(00002377,00001289,'1','1','Y','Y',NULL),
	(00002378,00001290,'1','1','Y','Y',NULL),
	(00002382,00001292,'1','1','Y','Y',NULL),
	(00002384,00001293,'1','1','Y','Y',NULL),
	(00002385,00001294,'1','1','Y','Y',NULL),
	(00002386,00001295,'1','1','Y','Y',NULL),
	(00002389,00001298,'1','1','Y','Y',NULL),
	(00002390,00001299,'1','1','Y','Y',NULL),
	(00002391,00001300,'1','1','Y','Y',NULL),
	(00002392,00001301,'1','1','Y','Y',NULL),
	(00002393,00001302,'1','1','N','Y',NULL),
	(00002394,00001303,'1','1','Y','Y',NULL),
	(00002395,00001304,'1','1','Y','Y',NULL),
	(00002396,00001305,'1','1','Y','Y',NULL),
	(00002399,00001309,'1','1','Y','Y',NULL),
	(00002400,00001310,'1','1','Y','Y',NULL),
	(00002401,00001311,'1','1','Y','Y',NULL),
	(00002402,00001312,'1','1','Y','Y',NULL),
	(00002407,00001316,'3','3','Y','Y',NULL),
	(00002408,00001316,'2','2','Y','Y',NULL),
	(00002409,00001316,'1','1','Y','Y',NULL),
	(00002410,00001317,'3','3','Y','Y',NULL),
	(00002411,00001317,'2','2','Y','Y',NULL),
	(00002412,00001317,'1','1','Y','Y',NULL),
	(00002413,00001318,'2','2','Y','Y',NULL),
	(00002414,00001318,'1','1','Y','Y',NULL),
	(00002415,00001318,'5','5','Y','Y',NULL),
	(00002416,00001318,'4','4','Y','Y',NULL),
	(00002417,00001318,'3','3','Y','Y',NULL),
	(00002421,00001320,'3','3','Y','Y',NULL),
	(00002422,00001320,'2','2','Y','Y',NULL),
	(00002423,00001320,'1','1','Y','Y',NULL),
	(00002424,00001321,'3','3','Y','Y',NULL),
	(00002425,00001321,'2','2','Y','Y',NULL),
	(00002426,00001321,'1','1','Y','Y',NULL),
	(00002427,00001322,'3','3','Y','Y',NULL),
	(00002428,00001322,'2','2','Y','Y',NULL),
	(00002429,00001322,'1','1','Y','Y',NULL),
	(00002430,00001323,'1','1','Y','Y',NULL),
	(00002435,00001325,'3','3','Y','Y',NULL),
	(00002436,00001325,'2','2','Y','Y',NULL),
	(00002437,00001325,'1','1','Y','Y',NULL),
	(00002438,00001326,'3','3','Y','Y',NULL),
	(00002439,00001326,'2','2','Y','Y',NULL),
	(00002440,00001326,'1','1','Y','Y',NULL),
	(00002441,00001327,'1','1','Y','Y',NULL),
	(00002445,00001329,'3','3','Y','Y',NULL),
	(00002446,00001329,'2','2','Y','Y',NULL),
	(00002447,00001329,'1','1','Y','Y',NULL),
	(00002448,00001330,'2','2','Y','Y',NULL),
	(00002449,00001330,'1','1','Y','Y',NULL),
	(00002450,00001330,'5','5','Y','Y',NULL),
	(00002451,00001330,'4','4','Y','Y',NULL),
	(00002452,00001330,'3','3','Y','Y',NULL),
	(00002453,00001331,'3','3','Y','Y',NULL),
	(00002454,00001331,'2','2','Y','Y',NULL),
	(00002455,00001331,'1','1','Y','Y',NULL),
	(00002460,00001333,'3','3','Y','Y',NULL),
	(00002461,00001333,'2','2','Y','Y',NULL),
	(00002462,00001333,'1','1','Y','Y',NULL),
	(00002463,00001334,'3','3','Y','Y',NULL),
	(00002464,00001334,'2','2','Y','Y',NULL),
	(00002465,00001334,'1','1','Y','Y',NULL),
	(00002466,00001335,'3','3','Y','Y',NULL),
	(00002467,00001335,'2','2','Y','Y',NULL),
	(00002468,00001335,'1','1','Y','Y',NULL),
	(00002469,00001336,'1','1','Y','Y',NULL),
	(00002474,00001338,'3','3','Y','Y',NULL),
	(00002475,00001338,'2','2','Y','Y',NULL),
	(00002476,00001338,'1','1','Y','Y',NULL),
	(00002477,00001339,'3','3','Y','Y',NULL),
	(00002478,00001339,'2','2','Y','Y',NULL),
	(00002479,00001339,'1','1','Y','Y',NULL),
	(00002480,00001340,'1','1','Y','Y',NULL),
	(00002484,00001342,'1','1','Y','Y',NULL),
	(00002485,00001343,'2','2','Y','Y',NULL),
	(00002486,00001343,'1','1','Y','Y',NULL),
	(00002487,00001343,'4','4','Y','Y',NULL),
	(00002488,00001343,'5','5','Y','Y',NULL),
	(00002489,00001343,'3','3','Y','Y',NULL),
	(00002493,00001345,'1','1','Y','Y',NULL),
	(00002494,00001346,'2','2','Y','Y',NULL),
	(00002495,00001346,'1','1','Y','Y',NULL),
	(00002496,00001346,'3','3','Y','Y',NULL),
	(00002497,00001347,'2','2','Y','Y',NULL),
	(00002498,00001347,'1','1','Y','Y',NULL),
	(00002499,00001347,'3','3','Y','Y',NULL),
	(00002500,00001348,'2','2','Y','Y',NULL),
	(00002501,00001348,'1','1','Y','Y',NULL),
	(00002502,00001348,'3','3','Y','Y',NULL),
	(00002503,00001349,'1','1','Y','Y',NULL),
	(00002507,00001351,'1','1','Y','Y',NULL),
	(00002508,00001352,'2','2','Y','Y',NULL),
	(00002509,00001352,'1','1','Y','Y',NULL),
	(00002510,00001352,'3','3','Y','Y',NULL),
	(00002511,00001353,'2','2','Y','Y',NULL),
	(00002512,00001353,'1','1','Y','Y',NULL),
	(00002513,00001353,'3','3','Y','Y',NULL),
	(00002514,00001354,'1','1','Y','Y',NULL),
	(00002518,00001316,'4','4','Y','Y',NULL),
	(00002519,00001317,'4','4','Y','Y',NULL),
	(00002520,00001236,'4','4','Y','Y',NULL),
	(00002521,00001236,'5','5','Y','Y',NULL),
	(00002522,00001356,'1','1','Y','Y',NULL),
	(00002523,00001257,'2','2','Y','Y',NULL),
	(00002524,00001221,'2','2','Y','Y',NULL),
	(00002525,00001357,'1','1','Y','Y',NULL),
	(00002526,00001319,'4','4','Y','Y',NULL),
	(00002527,00001319,'2','2','Y','Y',NULL),
	(00002528,00001319,'5','5','Y','Y',NULL),
	(00002529,00001319,'3','3','Y','Y',NULL),
	(00002530,00001319,'1','1','Y','Y',NULL),
	(00002531,00001332,'4','4','Y','Y',NULL),
	(00002532,00001332,'1','1','Y','Y',NULL),
	(00002533,00001332,'2','2','Y','Y',NULL),
	(00002534,00001332,'3','3','Y','Y',NULL),
	(00002535,00001344,'2','2','Y','Y',NULL),
	(00002536,00001344,'3','3','Y','Y',NULL),
	(00002537,00001344,'1','1','Y','Y',NULL),
	(00002538,00001344,'4','4','Y','Y',NULL),
	(00002539,00001222,'3','3','Y','Y',NULL),
	(00002540,00001222,'1','1','Y','Y',NULL),
	(00002541,00001222,'2','2','Y','Y',NULL),
	(00002542,00001239,'1','1','Y','Y',NULL),
	(00002543,00001239,'3','3','Y','Y',NULL),
	(00002544,00001239,'2','2','Y','Y',NULL),
	(00002545,00001223,'3','3','Y','Y',NULL),
	(00002546,00001259,'2','2','Y','Y',NULL),
	(00002547,00001320,'4','4','Y','Y',NULL),
	(00002548,00001321,'4','4','Y','Y',NULL),
	(00002549,00001358,'1','1','Y','Y',NULL),
	(00002550,00001359,'1','1','Y','Y',NULL),
	(00002551,00001360,'1','1','Y','Y',NULL),
	(00002552,00001361,'1','1','Y','Y',NULL),
	(00002553,00001361,'2','2','Y','Y',NULL),
	(00002554,00001322,'4','4','Y','Y',NULL),
	(00002555,00001226,'3','3','Y','Y',NULL),
	(00002556,00001324,'2','2','Y','Y',NULL),
	(00002557,00001324,'1','1','Y','Y',NULL),
	(00002558,00001324,'4','4','Y','Y',NULL),
	(00002559,00001324,'3','3','Y','Y',NULL),
	(00002560,00001324,'5','5','Y','Y',NULL),
	(00002561,00001337,'4','4','Y','Y',NULL),
	(00002562,00001337,'1','1','Y','Y',NULL),
	(00002563,00001337,'3','3','Y','Y',NULL),
	(00002564,00001337,'2','2','Y','Y',NULL),
	(00002565,00001350,'2','2','Y','Y',NULL),
	(00002566,00001350,'3','3','Y','Y',NULL),
	(00002567,00001350,'5','5','Y','Y',NULL),
	(00002568,00001350,'1','1','Y','Y',NULL),
	(00002569,00001350,'4','4','Y','Y',NULL),
	(00002570,00001228,'4','4','Y','Y',NULL),
	(00002571,00001228,'3','3','Y','Y',NULL),
	(00002572,00001228,'2','2','Y','Y',NULL),
	(00002574,00001244,'2','2','Y','Y',NULL),
	(00002575,00001244,'1','1','Y','Y',NULL),
	(00002576,00001244,'3','3','Y','Y',NULL),
	(00002577,00001362,'1','1','Y','Y',NULL),
	(00002578,00001363,'1','1','Y','Y',NULL),
	(00002579,00001364,'1','1','Y','Y',NULL),
	(00002580,00001325,'4','4','Y','Y',NULL),
	(00002581,00001230,'3','3','Y','Y',NULL),
	(00002582,00001365,'1','1','Y','Y',NULL),
	(00002583,00001326,'4','4','Y','Y',NULL),
	(00002584,00001231,'3','3','Y','Y',NULL),
	(00002585,00001366,'1','1','Y','Y',NULL),
	(00002586,00001280,'2','2','Y','Y',NULL),
	(00002587,00001367,'1','1','Y','Y',NULL),
	(00002588,00001368,'1','1','Y','Y',NULL),
	(00002590,00001228,'1','1','Y','Y',NULL);

ALTER TABLE `gibbonCourseClass` ENABLE KEYS;
UNLOCK TABLES;


# Dump of table gibbonCourseClassPerson
# ------------------------------------------------------------

LOCK TABLES `gibbonCourseClassPerson` WRITE;
ALTER TABLE `gibbonCourseClassPerson` DISABLE KEYS;

INSERT INTO `gibbonCourseClassPerson` (`gibbonCourseClassPersonID`, `gibbonCourseClassID`, `gibbonPersonID`, `role`, `reportable`)
VALUES
	(0000048161,00002409,0000002363,'Teacher','Y'),
	(0000048162,00002408,0000002363,'Teacher','Y'),
	(0000048163,00002407,0000002363,'Teacher','Y'),
	(0000048164,00002518,0000002363,'Teacher','Y'),
	(0000048165,00002484,0000002363,'Teacher','Y'),
	(0000048166,00002280,0000000374,'Teacher','Y'),
	(0000048167,00002310,0000000374,'Teacher','Y'),
	(0000048168,00002412,0000001110,'Teacher','Y'),
	(0000048169,00002411,0000002722,'Teacher','Y'),
	(0000048170,00002410,0000002722,'Teacher','Y'),
	(0000048171,00002519,0000002722,'Teacher','Y'),
	(0000048172,00002447,0000001110,'Teacher','Y'),
	(0000048173,00002446,0000002733,'Teacher','Y'),
	(0000048174,00002445,0000002733,'Teacher','Y'),
	(0000048175,00002336,0000000870,'Teacher','Y'),
	(0000048176,00002370,0000000870,'Teacher','Y'),
	(0000048177,00002337,0000000589,'Teacher','Y'),
	(0000048178,00002371,0000000870,'Teacher','Y'),
	(0000048179,00002339,0000002026,'Teacher','Y'),
	(0000048180,00002373,0000002026,'Teacher','Y'),
	(0000048181,00002340,0000002026,'Teacher','Y'),
	(0000048182,00002374,0000002026,'Teacher','Y'),
	(0000048183,00002414,0000001119,'Teacher','Y'),
	(0000048184,00002413,0000000140,'Teacher','Y'),
	(0000048185,00002417,0000000869,'Teacher','Y'),
	(0000048186,00002416,0000000198,'Teacher','Y'),
	(0000048187,00002449,0000001119,'Teacher','Y'),
	(0000048188,00002448,0000002347,'Teacher','Y'),
	(0000048189,00002452,0000000869,'Teacher','Y'),
	(0000048190,00002451,0000000198,'Teacher','Y'),
	(0000048191,00002450,0000000140,'Teacher','Y'),
	(0000048192,00002486,0000000869,'Teacher','Y'),
	(0000048193,00002485,0000000198,'Teacher','Y'),
	(0000048194,00002489,0000002347,'Teacher','Y'),
	(0000048198,00002281,0000000869,'Teacher','Y'),
	(0000048199,00002284,0000000198,'Teacher','Y'),
	(0000048200,00002283,0000001119,'Teacher','Y'),
	(0000048202,00002312,0000002347,'Teacher','Y'),
	(0000048203,00002311,0000000198,'Teacher','Y'),
	(0000048204,00002313,0000001119,'Teacher','Y'),
	(0000048205,00002520,0000000140,'Teacher','Y'),
	(0000048206,00002521,0000000869,'Teacher','Y'),
	(0000048207,00002341,0000000869,'Teacher','Y'),
	(0000048208,00002376,0000002347,'Teacher','Y'),
	(0000048209,00002522,0000000140,'Teacher','Y'),
	(0000048210,00002522,0000002347,'Teacher','Y'),
	(0000048211,00002342,0000000198,'Teacher','Y'),
	(0000048212,00002523,0000001119,'Teacher','Y'),
	(0000048213,00002377,0000000198,'Teacher','Y'),
	(0000048214,00002455,0000002363,'Teacher','Y'),
	(0000048215,00002454,0000002363,'Teacher','Y'),
	(0000048216,00002453,0000002363,'Teacher','Y'),
	(0000048217,00002286,0000001506,'Teacher','Y'),
	(0000048218,00002314,0000001506,'Teacher','Y'),
	(0000048219,00002287,0000000124,'Teacher','Y'),
	(0000048220,00002524,0000002722,'Teacher','Y'),
	(0000048221,00002315,0000000124,'Teacher','Y'),
	(0000048222,00002343,0000000124,'Teacher','Y'),
	(0000048223,00002378,0000000124,'Teacher','Y'),
	(0000048224,00002525,0000000124,'Teacher','Y'),
	(0000048225,00002526,0000001777,'Teacher','Y'),
	(0000048226,00002527,0000001778,'Teacher','Y'),
	(0000048227,00002528,0000000373,'Teacher','Y'),
	(0000048228,00002529,0000000151,'Teacher','Y'),
	(0000048229,00002530,0000002562,'Teacher','Y'),
	(0000048230,00002531,0000000867,'Teacher','Y'),
	(0000048231,00002532,0000001502,'Teacher','Y'),
	(0000048232,00002532,0000002562,'Teacher','Y'),
	(0000048233,00002533,0000001777,'Teacher','Y'),
	(0000048234,00002534,0000000151,'Teacher','Y'),
	(0000048235,00002535,0000001778,'Teacher','Y'),
	(0000048236,00002536,0000002562,'Teacher','Y'),
	(0000048237,00002537,0000001777,'Teacher','Y'),
	(0000048238,00002538,0000000867,'Teacher','Y'),
	(0000048239,00002539,0000001778,'Teacher','Y'),
	(0000048240,00002540,0000001777,'Teacher','Y'),
	(0000048241,00002541,0000001123,'Teacher','Y'),
	(0000048242,00002542,0000001502,'Teacher','Y'),
	(0000048243,00002542,0000002562,'Teacher','Y'),
	(0000048244,00002543,0000000867,'Teacher','Y'),
	(0000048245,00002544,0000001123,'Teacher','Y'),
	(0000048246,00002292,0000002363,'Teacher','Y'),
	(0000048247,00002291,0000001123,'Teacher','Y'),
	(0000048248,00002291,0000001122,'Teacher','Y'),
	(0000048249,00002545,0000000374,'Teacher','Y'),
	(0000048250,00002545,0000000119,'Teacher','Y'),
	(0000048251,00002319,0000002363,'Teacher','Y'),
	(0000048252,00002319,0000000373,'Teacher','Y'),
	(0000048253,00002320,0000000374,'Teacher','Y'),
	(0000048254,00002320,0000001110,'Teacher','Y'),
	(0000048255,00002320,0000001122,'Teacher','Y'),
	(0000048256,00002344,0000001502,'Teacher','Y'),
	(0000048257,00002344,0000002562,'Teacher','Y'),
	(0000048258,00002546,0000000867,'Teacher','Y'),
	(0000048259,00002382,0000000867,'Teacher','Y'),
	(0000048260,00002345,0000001123,'Teacher','Y'),
	(0000048261,00002384,0000001777,'Teacher','Y'),
	(0000048262,00002346,0000000589,'Teacher','Y'),
	(0000048263,00002346,0000000124,'Teacher','Y'),
	(0000048264,00002385,0000000589,'Teacher','Y'),
	(0000048265,00002293,0000000589,'Teacher','Y'),
	(0000048266,00002321,0000000589,'Teacher','Y'),
	(0000048267,00002423,0000000375,'Teacher','Y'),
	(0000048268,00002422,0000000375,'Teacher','Y'),
	(0000048269,00002421,0000001506,'Teacher','Y'),
	(0000048270,00002547,0000001506,'Teacher','Y'),
	(0000048271,00002462,0000001506,'Teacher','Y'),
	(0000048272,00002461,0000001506,'Teacher','Y'),
	(0000048273,00002460,0000001506,'Teacher','Y'),
	(0000048274,00002493,0000001506,'Teacher','Y'),
	(0000048275,00002426,0000000001,'Teacher','Y'),
	(0000048276,00002425,0000000001,'Teacher','Y'),
	(0000048277,00002424,0000000001,'Teacher','Y'),
	(0000048278,00002548,0000000001,'Teacher','Y'),
	(0000048279,00002465,0000002733,'Teacher','Y'),
	(0000048280,00002464,0000001502,'Teacher','Y'),
	(0000048282,00002495,0000001502,'Teacher','Y'),
	(0000048283,00002495,0000002562,'Teacher','Y'),
	(0000048284,00002494,0000000119,'Teacher','Y'),
	(0000048285,00002496,0000000119,'Teacher','Y'),
	(0000048286,00002348,0000001776,'Teacher','Y'),
	(0000048287,00002549,0000001776,'Teacher','Y'),
	(0000048288,00002349,0000001776,'Teacher','Y'),
	(0000048289,00002550,0000001776,'Teacher','Y'),
	(0000048290,00002294,0000002027,'Teacher','Y'),
	(0000048291,00002322,0000002027,'Teacher','Y'),
	(0000048292,00002551,0000002027,'Teacher','Y'),
	(0000048293,00002350,0000002027,'Teacher','Y'),
	(0000048294,00002552,0000002027,'Teacher','Y'),
	(0000048295,00002553,0000002027,'Teacher','Y'),
	(0000048296,00002429,0000001110,'Teacher','Y'),
	(0000048297,00002428,0000000373,'Teacher','Y'),
	(0000048298,00002427,0000001778,'Teacher','Y'),
	(0000048299,00002554,0000001123,'Teacher','Y'),
	(0000048300,00002468,0000001110,'Teacher','Y'),
	(0000048301,00002467,0000001778,'Teacher','Y'),
	(0000048302,00002466,0000001123,'Teacher','Y'),
	(0000048303,00002498,0000001123,'Teacher','Y'),
	(0000048304,00002497,0000000375,'Teacher','Y'),
	(0000048305,00002499,0000000373,'Teacher','Y'),
	(0000048306,00002296,0000001778,'Teacher','Y'),
	(0000048307,00002295,0000001506,'Teacher','Y'),
	(0000048308,00002555,0000001123,'Teacher','Y'),
	(0000048309,00002501,0000000124,'Teacher','Y'),
	(0000048310,00002501,0000002722,'Teacher','Y'),
	(0000048311,00002500,0000002722,'Teacher','Y'),
	(0000048312,00002502,0000002722,'Teacher','Y'),
	(0000048313,00002430,0000001122,'Teacher','Y'),
	(0000048314,00002469,0000001122,'Teacher','Y'),
	(0000048315,00002503,0000001122,'Teacher','Y'),
	(0000048316,00002297,0000001122,'Teacher','Y'),
	(0000048317,00002323,0000001122,'Teacher','Y'),
	(0000048318,00002556,0000000866,'Teacher','Y'),
	(0000048319,00002557,0000001104,'Teacher','Y'),
	(0000048320,00002558,0000001601,'Teacher','Y'),
	(0000048321,00002559,0000000120,'Teacher','Y'),
	(0000048322,00002560,0000002732,'Teacher','Y'),
	(0000048323,00002561,0000002732,'Teacher','Y'),
	(0000048324,00002562,0000001104,'Teacher','Y'),
	(0000048325,00002563,0000000866,'Teacher','Y'),
	(0000048326,00002564,0000001117,'Teacher','Y'),
	(0000048327,00002564,0000001601,'Teacher','Y'),
	(0000048328,00002565,0000001117,'Teacher','Y'),
	(0000048329,00002566,0000000866,'Teacher','Y'),
	(0000048330,00002567,0000002732,'Teacher','Y'),
	(0000048331,00002568,0000001104,'Teacher','Y'),
	(0000048332,00002569,0000001601,'Teacher','Y'),
	(0000048333,00002570,0000002732,'Teacher','Y'),
	(0000048334,00002571,0000000120,'Teacher','Y'),
	(0000048335,00002572,0000000866,'Teacher','Y'),
	(0000048336,00002572,0000001601,'Teacher','Y'),
	(0000048338,00002574,0000000120,'Teacher','Y'),
	(0000048339,00002575,0000001117,'Teacher','Y'),
	(0000048340,00002576,0000002732,'Teacher','Y'),
	(0000048341,00002577,0000000120,'Teacher','Y'),
	(0000048342,00002578,0000000866,'Teacher','Y'),
	(0000048343,00002389,0000000120,'Teacher','Y'),
	(0000048344,00002579,0000000866,'Teacher','Y'),
	(0000048345,00002390,0000002732,'Teacher','Y'),
	(0000048346,00002507,0000000375,'Teacher','Y'),
	(0000048347,00002301,0000000375,'Teacher','Y'),
	(0000048348,00002327,0000000001,'Teacher','Y'),
	(0000048349,00002391,0000000866,'Teacher','Y'),
	(0000048350,00002437,0000000373,'Teacher','Y'),
	(0000048351,00002436,0000000373,'Teacher','Y'),
	(0000048352,00002436,0000001104,'Teacher','Y'),
	(0000048353,00002435,0000000373,'Teacher','Y'),
	(0000048354,00002435,0000001104,'Teacher','Y'),
	(0000048355,00002580,0000000373,'Teacher','Y'),
	(0000048356,00002580,0000001104,'Teacher','Y'),
	(0000048357,00002476,0000002134,'Teacher','Y'),
	(0000048358,00002475,0000001104,'Teacher','Y'),
	(0000048359,00002474,0000000373,'Teacher','Y'),
	(0000048360,00002474,0000001104,'Teacher','Y'),
	(0000048361,00002509,0000000119,'Teacher','Y'),
	(0000048362,00002508,0000002134,'Teacher','Y'),
	(0000048363,00002510,0000002134,'Teacher','Y'),
	(0000048364,00002303,0000000373,'Teacher','Y'),
	(0000048365,00002302,0000002134,'Teacher','Y'),
	(0000048366,00002581,0000000119,'Teacher','Y'),
	(0000048367,00002328,0000002134,'Teacher','Y'),
	(0000048368,00002329,0000000119,'Teacher','Y'),
	(0000048369,00002359,0000002326,'Teacher','Y'),
	(0000048370,00002394,0000002326,'Teacher','Y'),
	(0000048371,00002360,0000002326,'Teacher','Y'),
	(0000048372,00002395,0000002326,'Teacher','Y'),
	(0000048373,00002356,0000000144,'Teacher','Y'),
	(0000048374,00002392,0000000144,'Teacher','Y'),
	(0000048375,00002361,0000002096,'Teacher','Y'),
	(0000048376,00002396,0000002027,'Teacher','Y'),
	(0000048377,00002582,0000002096,'Teacher','Y'),
	(0000048378,00002440,0000000870,'Teacher','Y'),
	(0000048379,00002439,0000001117,'Teacher','Y'),
	(0000048380,00002438,0000001104,'Teacher','Y'),
	(0000048381,00002583,0000002134,'Teacher','Y'),
	(0000048382,00002479,0000000589,'Teacher','Y'),
	(0000048383,00002478,0000000589,'Teacher','Y'),
	(0000048384,00002478,0000002134,'Teacher','Y'),
	(0000048385,00002477,0000002134,'Teacher','Y'),
	(0000048386,00002512,0000000870,'Teacher','Y'),
	(0000048387,00002511,0000002326,'Teacher','Y'),
	(0000048388,00002513,0000002026,'Teacher','Y'),
	(0000048389,00002305,0000000870,'Teacher','Y'),
	(0000048390,00002304,0000002326,'Teacher','Y'),
	(0000048391,00002584,0000002026,'Teacher','Y'),
	(0000048392,00002331,0000002326,'Teacher','Y'),
	(0000048393,00002330,0000002026,'Teacher','Y'),
	(0000048394,00002441,0000001776,'Teacher','Y'),
	(0000048395,00002441,0000000144,'Teacher','Y'),
	(0000048396,00002480,0000001776,'Teacher','Y'),
	(0000048397,00002480,0000000144,'Teacher','Y'),
	(0000048398,00002514,0000001776,'Teacher','Y'),
	(0000048399,00002307,0000001776,'Teacher','Y'),
	(0000048400,00002332,0000001776,'Teacher','Y'),
	(0000048401,00002332,0000000144,'Teacher','Y'),
	(0000048402,00002363,0000000144,'Teacher','Y'),
	(0000048403,00002399,0000000144,'Teacher','Y'),
	(0000048404,00002364,0000000144,'Teacher','Y'),
	(0000048405,00002585,0000000144,'Teacher','Y'),
	(0000048406,00002362,0000000151,'Teacher','Y'),
	(0000048407,00002365,0000000375,'Teacher','Y'),
	(0000048408,00002366,0000000375,'Teacher','Y'),
	(0000048409,00002367,0000002027,'Teacher','Y'),
	(0000048410,00002586,0000001777,'Teacher','Y'),
	(0000048411,00002402,0000001777,'Teacher','Y'),
	(0000048412,00002587,0000000374,'Teacher','Y'),
	(0000048413,00002588,0000000374,'Teacher','Y'),
	(0000048420,00002385,0000000124,'Teacher','Y'),
	(0000048582,00002463,0000002733,'Teacher','Y'),
	(0000048583,00002589,0000002735,'Student','Y'),
	(0000048584,00002589,0000002734,'Student','Y'),
	(0000048585,00002589,0000001110,'Teacher','Y'),
	(0000048586,00002590,0000001117,'Teacher','Y'),
	(0000048587,00002487,0000000140,'Teacher','Y'),
	(0000048588,00002488,0000001119,'Teacher','Y'),
	(0000048593,00002464,0000002562,'Teacher','Y'),
	(0000048594,00002464,0000002363,'Teacher','Y'),
	(0000048595,00002446,0000002371,'Student','Y'),
	(0000048596,00002454,0000002371,'Student','Y'),
	(0000048597,00002461,0000002371,'Student','Y'),
	(0000048598,00002464,0000002371,'Student','Y'),
	(0000048599,00002467,0000002371,'Student','Y'),
	(0000048600,00002475,0000002371,'Student','Y'),
	(0000048601,00002478,0000002371,'Student','Y'),
	(0000048602,00002446,0000002190,'Student','Y'),
	(0000048603,00002454,0000002190,'Student','Y'),
	(0000048604,00002461,0000002190,'Student','Y'),
	(0000048605,00002464,0000002190,'Student','Y'),
	(0000048606,00002467,0000002190,'Student','Y'),
	(0000048607,00002475,0000002190,'Student','Y'),
	(0000048608,00002478,0000002190,'Student','Y'),
	(0000048609,00002446,0000002334,'Student','Y'),
	(0000048610,00002454,0000002334,'Student','Y'),
	(0000048611,00002461,0000002334,'Student','Y'),
	(0000048612,00002464,0000002334,'Student','Y'),
	(0000048613,00002467,0000002334,'Student','Y'),
	(0000048614,00002475,0000002334,'Student','Y'),
	(0000048615,00002478,0000002334,'Student','Y'),
	(0000048616,00002446,0000002236,'Student','Y'),
	(0000048617,00002454,0000002236,'Student','Y'),
	(0000048618,00002461,0000002236,'Student','Y'),
	(0000048619,00002464,0000002236,'Student','Y'),
	(0000048620,00002467,0000002236,'Student','Y'),
	(0000048621,00002475,0000002236,'Student','Y'),
	(0000048622,00002478,0000002236,'Student','Y'),
	(0000048623,00002446,0000002520,'Student','Y'),
	(0000048624,00002454,0000002520,'Student','Y'),
	(0000048625,00002461,0000002520,'Student','Y'),
	(0000048626,00002464,0000002520,'Student','Y'),
	(0000048627,00002467,0000002520,'Student','Y'),
	(0000048628,00002475,0000002520,'Student','Y'),
	(0000048629,00002478,0000002520,'Student','Y'),
	(0000048630,00002446,0000002150,'Student','Y'),
	(0000048631,00002454,0000002150,'Student','Y'),
	(0000048632,00002461,0000002150,'Student','Y'),
	(0000048633,00002464,0000002150,'Student','Y'),
	(0000048634,00002467,0000002150,'Student','Y'),
	(0000048635,00002475,0000002150,'Student','Y'),
	(0000048636,00002478,0000002150,'Student','Y'),
	(0000048637,00002446,0000002239,'Student','Y'),
	(0000048638,00002454,0000002239,'Student','Y'),
	(0000048639,00002461,0000002239,'Student','Y'),
	(0000048640,00002464,0000002239,'Student','Y'),
	(0000048641,00002467,0000002239,'Student','Y'),
	(0000048642,00002475,0000002239,'Student','Y'),
	(0000048643,00002478,0000002239,'Student','Y'),
	(0000048644,00002446,0000002501,'Student','Y'),
	(0000048645,00002454,0000002501,'Student','Y'),
	(0000048646,00002461,0000002501,'Student','Y'),
	(0000048647,00002464,0000002501,'Student','Y'),
	(0000048648,00002467,0000002501,'Student','Y'),
	(0000048649,00002475,0000002501,'Student','Y'),
	(0000048650,00002478,0000002501,'Student','Y'),
	(0000048651,00002446,0000002523,'Student','Y'),
	(0000048652,00002454,0000002523,'Student','Y'),
	(0000048653,00002461,0000002523,'Student','Y'),
	(0000048654,00002464,0000002523,'Student','Y'),
	(0000048655,00002467,0000002523,'Student','Y'),
	(0000048656,00002475,0000002523,'Student','Y'),
	(0000048657,00002478,0000002523,'Student','Y'),
	(0000048658,00002446,0000002178,'Student','Y'),
	(0000048659,00002454,0000002178,'Student','Y'),
	(0000048660,00002461,0000002178,'Student','Y'),
	(0000048661,00002464,0000002178,'Student','Y'),
	(0000048662,00002467,0000002178,'Student','Y'),
	(0000048663,00002475,0000002178,'Student','Y'),
	(0000048664,00002478,0000002178,'Student','Y'),
	(0000048665,00002446,0000002206,'Student','Y'),
	(0000048666,00002454,0000002206,'Student','Y'),
	(0000048667,00002461,0000002206,'Student','Y'),
	(0000048668,00002464,0000002206,'Student','Y'),
	(0000048669,00002467,0000002206,'Student','Y'),
	(0000048670,00002475,0000002206,'Student','Y'),
	(0000048671,00002478,0000002206,'Student','Y'),
	(0000048672,00002446,0000002529,'Student','Y'),
	(0000048673,00002454,0000002529,'Student','Y'),
	(0000048674,00002461,0000002529,'Student','Y'),
	(0000048675,00002464,0000002529,'Student','Y'),
	(0000048676,00002467,0000002529,'Student','Y'),
	(0000048677,00002475,0000002529,'Student','Y'),
	(0000048678,00002478,0000002529,'Student','Y'),
	(0000048679,00002446,0000002271,'Student','Y'),
	(0000048680,00002454,0000002271,'Student','Y'),
	(0000048681,00002461,0000002271,'Student','Y'),
	(0000048682,00002464,0000002271,'Student','Y'),
	(0000048683,00002467,0000002271,'Student','Y'),
	(0000048684,00002475,0000002271,'Student','Y'),
	(0000048685,00002478,0000002271,'Student','Y'),
	(0000048686,00002446,0000002420,'Student','Y'),
	(0000048687,00002454,0000002420,'Student','Y'),
	(0000048688,00002461,0000002420,'Student','Y'),
	(0000048689,00002464,0000002420,'Student','Y'),
	(0000048690,00002467,0000002420,'Student','Y'),
	(0000048691,00002475,0000002420,'Student','Y'),
	(0000048692,00002478,0000002420,'Student','Y'),
	(0000048693,00002446,0000002175,'Student','Y'),
	(0000048694,00002454,0000002175,'Student','Y'),
	(0000048695,00002461,0000002175,'Student','Y'),
	(0000048696,00002464,0000002175,'Student','Y'),
	(0000048697,00002467,0000002175,'Student','Y'),
	(0000048698,00002475,0000002175,'Student','Y'),
	(0000048699,00002478,0000002175,'Student','Y'),
	(0000048700,00002446,0000002253,'Student','Y'),
	(0000048701,00002454,0000002253,'Student','Y'),
	(0000048702,00002461,0000002253,'Student','Y'),
	(0000048703,00002464,0000002253,'Student','Y'),
	(0000048704,00002467,0000002253,'Student','Y'),
	(0000048705,00002475,0000002253,'Student','Y'),
	(0000048706,00002478,0000002253,'Student','Y'),
	(0000048707,00002446,0000002383,'Student','Y'),
	(0000048708,00002454,0000002383,'Student','Y'),
	(0000048709,00002461,0000002383,'Student','Y'),
	(0000048710,00002464,0000002383,'Student','Y'),
	(0000048711,00002467,0000002383,'Student','Y'),
	(0000048712,00002475,0000002383,'Student','Y'),
	(0000048713,00002478,0000002383,'Student','Y'),
	(0000048714,00002446,0000002535,'Student','Y'),
	(0000048715,00002454,0000002535,'Student','Y'),
	(0000048716,00002461,0000002535,'Student','Y'),
	(0000048717,00002464,0000002535,'Student','Y'),
	(0000048718,00002467,0000002535,'Student','Y'),
	(0000048719,00002475,0000002535,'Student','Y'),
	(0000048720,00002478,0000002535,'Student','Y'),
	(0000048721,00002446,0000002360,'Student','Y'),
	(0000048722,00002454,0000002360,'Student','Y'),
	(0000048723,00002461,0000002360,'Student','Y'),
	(0000048724,00002464,0000002360,'Student','Y'),
	(0000048725,00002467,0000002360,'Student','Y'),
	(0000048726,00002475,0000002360,'Student','Y'),
	(0000048727,00002478,0000002360,'Student','Y'),
	(0000048728,00002446,0000002166,'Student','Y'),
	(0000048729,00002454,0000002166,'Student','Y'),
	(0000048730,00002461,0000002166,'Student','Y'),
	(0000048731,00002464,0000002166,'Student','Y'),
	(0000048732,00002467,0000002166,'Student','Y'),
	(0000048733,00002475,0000002166,'Student','Y'),
	(0000048734,00002478,0000002166,'Student','Y'),
	(0000048735,00002447,0000002169,'Student','Y'),
	(0000048736,00002455,0000002169,'Student','Y'),
	(0000048737,00002462,0000002169,'Student','Y'),
	(0000048738,00002465,0000002169,'Student','Y'),
	(0000048739,00002468,0000002169,'Student','Y'),
	(0000048740,00002476,0000002169,'Student','Y'),
	(0000048741,00002479,0000002169,'Student','Y'),
	(0000048742,00002447,0000002505,'Student','Y'),
	(0000048743,00002455,0000002505,'Student','Y'),
	(0000048744,00002462,0000002505,'Student','Y'),
	(0000048745,00002465,0000002505,'Student','Y'),
	(0000048746,00002468,0000002505,'Student','Y'),
	(0000048747,00002476,0000002505,'Student','Y'),
	(0000048748,00002479,0000002505,'Student','Y'),
	(0000048749,00002447,0000002283,'Student','Y'),
	(0000048750,00002455,0000002283,'Student','Y'),
	(0000048751,00002462,0000002283,'Student','Y'),
	(0000048752,00002465,0000002283,'Student','Y'),
	(0000048753,00002468,0000002283,'Student','Y'),
	(0000048754,00002476,0000002283,'Student','Y'),
	(0000048755,00002479,0000002283,'Student','Y'),
	(0000048756,00002447,0000002511,'Student','Y'),
	(0000048757,00002455,0000002511,'Student','Y'),
	(0000048758,00002462,0000002511,'Student','Y'),
	(0000048759,00002465,0000002511,'Student','Y'),
	(0000048760,00002468,0000002511,'Student','Y'),
	(0000048761,00002476,0000002511,'Student','Y'),
	(0000048762,00002479,0000002511,'Student','Y'),
	(0000048763,00002447,0000002498,'Student','Y'),
	(0000048764,00002455,0000002498,'Student','Y'),
	(0000048765,00002462,0000002498,'Student','Y'),
	(0000048766,00002465,0000002498,'Student','Y'),
	(0000048767,00002468,0000002498,'Student','Y'),
	(0000048768,00002476,0000002498,'Student','Y'),
	(0000048769,00002479,0000002498,'Student','Y'),
	(0000048770,00002447,0000002193,'Student','Y'),
	(0000048771,00002455,0000002193,'Student','Y'),
	(0000048772,00002462,0000002193,'Student','Y'),
	(0000048773,00002465,0000002193,'Student','Y'),
	(0000048774,00002468,0000002193,'Student','Y'),
	(0000048775,00002476,0000002193,'Student','Y'),
	(0000048776,00002479,0000002193,'Student','Y'),
	(0000048777,00002447,0000002537,'Student','Y'),
	(0000048778,00002455,0000002537,'Student','Y'),
	(0000048779,00002462,0000002537,'Student','Y'),
	(0000048780,00002465,0000002537,'Student','Y'),
	(0000048781,00002468,0000002537,'Student','Y'),
	(0000048782,00002476,0000002537,'Student','Y'),
	(0000048783,00002479,0000002537,'Student','Y'),
	(0000048784,00002447,0000002212,'Student','Y'),
	(0000048785,00002455,0000002212,'Student','Y'),
	(0000048786,00002462,0000002212,'Student','Y'),
	(0000048787,00002465,0000002212,'Student','Y'),
	(0000048788,00002468,0000002212,'Student','Y'),
	(0000048789,00002476,0000002212,'Student','Y'),
	(0000048790,00002479,0000002212,'Student','Y'),
	(0000048791,00002447,0000002374,'Student','Y'),
	(0000048792,00002455,0000002374,'Student','Y'),
	(0000048793,00002462,0000002374,'Student','Y'),
	(0000048794,00002465,0000002374,'Student','Y'),
	(0000048795,00002468,0000002374,'Student','Y'),
	(0000048796,00002476,0000002374,'Student','Y'),
	(0000048797,00002479,0000002374,'Student','Y'),
	(0000048798,00002447,0000002323,'Student','Y'),
	(0000048799,00002455,0000002323,'Student','Y'),
	(0000048800,00002462,0000002323,'Student','Y'),
	(0000048801,00002465,0000002323,'Student','Y'),
	(0000048802,00002468,0000002323,'Student','Y'),
	(0000048803,00002476,0000002323,'Student','Y'),
	(0000048804,00002479,0000002323,'Student','Y'),
	(0000048805,00002447,0000002364,'Student','Y'),
	(0000048806,00002455,0000002364,'Student','Y'),
	(0000048807,00002462,0000002364,'Student','Y'),
	(0000048808,00002465,0000002364,'Student','Y'),
	(0000048809,00002468,0000002364,'Student','Y'),
	(0000048810,00002476,0000002364,'Student','Y'),
	(0000048811,00002479,0000002364,'Student','Y'),
	(0000048812,00002447,0000002333,'Student','Y'),
	(0000048813,00002455,0000002333,'Student','Y'),
	(0000048814,00002462,0000002333,'Student','Y'),
	(0000048815,00002465,0000002333,'Student','Y'),
	(0000048816,00002468,0000002333,'Student','Y'),
	(0000048817,00002476,0000002333,'Student','Y'),
	(0000048818,00002479,0000002333,'Student','Y'),
	(0000048819,00002447,0000002233,'Student','Y'),
	(0000048820,00002455,0000002233,'Student','Y'),
	(0000048821,00002462,0000002233,'Student','Y'),
	(0000048822,00002465,0000002233,'Student','Y'),
	(0000048823,00002468,0000002233,'Student','Y'),
	(0000048824,00002476,0000002233,'Student','Y'),
	(0000048825,00002479,0000002233,'Student','Y'),
	(0000048826,00002447,0000002243,'Student','Y'),
	(0000048827,00002455,0000002243,'Student','Y'),
	(0000048828,00002462,0000002243,'Student','Y'),
	(0000048829,00002465,0000002243,'Student','Y'),
	(0000048830,00002468,0000002243,'Student','Y'),
	(0000048831,00002476,0000002243,'Student','Y'),
	(0000048832,00002479,0000002243,'Student','Y'),
	(0000048833,00002447,0000002216,'Student','Y'),
	(0000048834,00002455,0000002216,'Student','Y'),
	(0000048835,00002462,0000002216,'Student','Y'),
	(0000048836,00002465,0000002216,'Student','Y'),
	(0000048837,00002468,0000002216,'Student','Y'),
	(0000048838,00002476,0000002216,'Student','Y'),
	(0000048839,00002479,0000002216,'Student','Y'),
	(0000048840,00002447,0000002330,'Student','Y'),
	(0000048841,00002455,0000002330,'Student','Y'),
	(0000048842,00002462,0000002330,'Student','Y'),
	(0000048843,00002465,0000002330,'Student','Y'),
	(0000048844,00002468,0000002330,'Student','Y'),
	(0000048845,00002476,0000002330,'Student','Y'),
	(0000048846,00002479,0000002330,'Student','Y'),
	(0000048847,00002447,0000002514,'Student','Y'),
	(0000048848,00002455,0000002514,'Student','Y'),
	(0000048849,00002462,0000002514,'Student','Y'),
	(0000048850,00002465,0000002514,'Student','Y'),
	(0000048851,00002468,0000002514,'Student','Y'),
	(0000048852,00002476,0000002514,'Student','Y'),
	(0000048853,00002479,0000002514,'Student','Y'),
	(0000048854,00002447,0000002215,'Student','Y'),
	(0000048855,00002455,0000002215,'Student','Y'),
	(0000048856,00002462,0000002215,'Student','Y'),
	(0000048857,00002465,0000002215,'Student','Y'),
	(0000048858,00002468,0000002215,'Student','Y'),
	(0000048859,00002476,0000002215,'Student','Y'),
	(0000048860,00002479,0000002215,'Student','Y'),
	(0000048861,00002447,0000002302,'Student','Y'),
	(0000048862,00002455,0000002302,'Student','Y'),
	(0000048863,00002462,0000002302,'Student','Y'),
	(0000048864,00002465,0000002302,'Student','Y'),
	(0000048865,00002468,0000002302,'Student','Y'),
	(0000048866,00002476,0000002302,'Student','Y'),
	(0000048867,00002479,0000002302,'Student','Y'),
	(0000048868,00002447,0000002517,'Student','Y'),
	(0000048869,00002455,0000002517,'Student','Y'),
	(0000048870,00002462,0000002517,'Student','Y'),
	(0000048871,00002465,0000002517,'Student','Y'),
	(0000048872,00002468,0000002517,'Student','Y'),
	(0000048873,00002476,0000002517,'Student','Y'),
	(0000048874,00002479,0000002517,'Student','Y'),
	(0000048875,00002447,0000002340,'Student','Y'),
	(0000048876,00002455,0000002340,'Student','Y'),
	(0000048877,00002462,0000002340,'Student','Y'),
	(0000048878,00002465,0000002340,'Student','Y'),
	(0000048879,00002468,0000002340,'Student','Y'),
	(0000048880,00002476,0000002340,'Student','Y'),
	(0000048881,00002479,0000002340,'Student','Y'),
	(0000048882,00002445,0000002247,'Student','Y'),
	(0000048883,00002453,0000002247,'Student','Y'),
	(0000048884,00002460,0000002247,'Student','Y'),
	(0000048885,00002463,0000002247,'Student','Y'),
	(0000048886,00002466,0000002247,'Student','Y'),
	(0000048887,00002474,0000002247,'Student','Y'),
	(0000048888,00002477,0000002247,'Student','Y'),
	(0000048889,00002445,0000002194,'Student','Y'),
	(0000048890,00002453,0000002194,'Student','Y'),
	(0000048891,00002460,0000002194,'Student','Y'),
	(0000048892,00002463,0000002194,'Student','Y'),
	(0000048893,00002466,0000002194,'Student','Y'),
	(0000048894,00002474,0000002194,'Student','Y'),
	(0000048895,00002477,0000002194,'Student','Y'),
	(0000048896,00002445,0000002172,'Student','Y'),
	(0000048897,00002453,0000002172,'Student','Y'),
	(0000048898,00002460,0000002172,'Student','Y'),
	(0000048899,00002463,0000002172,'Student','Y'),
	(0000048900,00002466,0000002172,'Student','Y'),
	(0000048901,00002474,0000002172,'Student','Y'),
	(0000048902,00002477,0000002172,'Student','Y'),
	(0000048903,00002445,0000002293,'Student','Y'),
	(0000048904,00002453,0000002293,'Student','Y'),
	(0000048905,00002460,0000002293,'Student','Y'),
	(0000048906,00002463,0000002293,'Student','Y'),
	(0000048907,00002466,0000002293,'Student','Y'),
	(0000048908,00002474,0000002293,'Student','Y'),
	(0000048909,00002477,0000002293,'Student','Y'),
	(0000048910,00002445,0000002250,'Student','Y'),
	(0000048911,00002453,0000002250,'Student','Y'),
	(0000048912,00002460,0000002250,'Student','Y'),
	(0000048913,00002463,0000002250,'Student','Y'),
	(0000048914,00002466,0000002250,'Student','Y'),
	(0000048915,00002474,0000002250,'Student','Y'),
	(0000048916,00002477,0000002250,'Student','Y'),
	(0000048917,00002445,0000002277,'Student','Y'),
	(0000048918,00002453,0000002277,'Student','Y'),
	(0000048919,00002460,0000002277,'Student','Y'),
	(0000048920,00002463,0000002277,'Student','Y'),
	(0000048921,00002466,0000002277,'Student','Y'),
	(0000048922,00002474,0000002277,'Student','Y'),
	(0000048923,00002477,0000002277,'Student','Y'),
	(0000048924,00002445,0000002319,'Student','Y'),
	(0000048925,00002453,0000002319,'Student','Y'),
	(0000048926,00002460,0000002319,'Student','Y'),
	(0000048927,00002463,0000002319,'Student','Y'),
	(0000048928,00002466,0000002319,'Student','Y'),
	(0000048929,00002474,0000002319,'Student','Y'),
	(0000048930,00002477,0000002319,'Student','Y'),
	(0000048931,00002445,0000002299,'Student','Y'),
	(0000048932,00002453,0000002299,'Student','Y'),
	(0000048933,00002460,0000002299,'Student','Y'),
	(0000048934,00002463,0000002299,'Student','Y'),
	(0000048935,00002466,0000002299,'Student','Y'),
	(0000048936,00002474,0000002299,'Student','Y'),
	(0000048937,00002477,0000002299,'Student','Y'),
	(0000048938,00002445,0000002508,'Student','Y'),
	(0000048939,00002453,0000002508,'Student','Y'),
	(0000048940,00002460,0000002508,'Student','Y'),
	(0000048941,00002463,0000002508,'Student','Y'),
	(0000048942,00002466,0000002508,'Student','Y'),
	(0000048943,00002474,0000002508,'Student','Y'),
	(0000048944,00002477,0000002508,'Student','Y'),
	(0000048945,00002445,0000002504,'Student','Y'),
	(0000048946,00002453,0000002504,'Student','Y'),
	(0000048947,00002460,0000002504,'Student','Y'),
	(0000048948,00002463,0000002504,'Student','Y'),
	(0000048949,00002466,0000002504,'Student','Y'),
	(0000048950,00002474,0000002504,'Student','Y'),
	(0000048951,00002477,0000002504,'Student','Y'),
	(0000048952,00002445,0000002187,'Student','Y'),
	(0000048953,00002453,0000002187,'Student','Y'),
	(0000048954,00002460,0000002187,'Student','Y'),
	(0000048955,00002463,0000002187,'Student','Y'),
	(0000048956,00002466,0000002187,'Student','Y'),
	(0000048957,00002474,0000002187,'Student','Y'),
	(0000048958,00002477,0000002187,'Student','Y'),
	(0000048959,00002445,0000002200,'Student','Y'),
	(0000048960,00002453,0000002200,'Student','Y'),
	(0000048961,00002460,0000002200,'Student','Y'),
	(0000048962,00002463,0000002200,'Student','Y'),
	(0000048963,00002466,0000002200,'Student','Y'),
	(0000048964,00002474,0000002200,'Student','Y'),
	(0000048965,00002477,0000002200,'Student','Y'),
	(0000048966,00002445,0000002545,'Student','Y'),
	(0000048967,00002453,0000002545,'Student','Y'),
	(0000048968,00002460,0000002545,'Student','Y'),
	(0000048969,00002463,0000002545,'Student','Y'),
	(0000048970,00002466,0000002545,'Student','Y'),
	(0000048971,00002474,0000002545,'Student','Y'),
	(0000048972,00002477,0000002545,'Student','Y'),
	(0000048973,00002445,0000002163,'Student','Y'),
	(0000048974,00002453,0000002163,'Student','Y'),
	(0000048975,00002460,0000002163,'Student','Y'),
	(0000048976,00002463,0000002163,'Student','Y'),
	(0000048977,00002466,0000002163,'Student','Y'),
	(0000048978,00002474,0000002163,'Student','Y'),
	(0000048979,00002477,0000002163,'Student','Y'),
	(0000048980,00002445,0000002348,'Student','Y'),
	(0000048981,00002453,0000002348,'Student','Y'),
	(0000048982,00002460,0000002348,'Student','Y'),
	(0000048983,00002463,0000002348,'Student','Y'),
	(0000048984,00002466,0000002348,'Student','Y'),
	(0000048985,00002474,0000002348,'Student','Y'),
	(0000048986,00002477,0000002348,'Student','Y'),
	(0000048987,00002445,0000002231,'Student','Y'),
	(0000048988,00002453,0000002231,'Student','Y'),
	(0000048989,00002460,0000002231,'Student','Y'),
	(0000048990,00002463,0000002231,'Student','Y'),
	(0000048991,00002466,0000002231,'Student','Y'),
	(0000048992,00002474,0000002231,'Student','Y'),
	(0000048993,00002477,0000002231,'Student','Y'),
	(0000048994,00002445,0000002160,'Student','Y'),
	(0000048995,00002453,0000002160,'Student','Y'),
	(0000048996,00002460,0000002160,'Student','Y'),
	(0000048997,00002463,0000002160,'Student','Y'),
	(0000048998,00002466,0000002160,'Student','Y'),
	(0000048999,00002474,0000002160,'Student','Y'),
	(0000049000,00002477,0000002160,'Student','Y'),
	(0000049001,00002445,0000002203,'Student','Y'),
	(0000049002,00002453,0000002203,'Student','Y'),
	(0000049003,00002460,0000002203,'Student','Y'),
	(0000049004,00002463,0000002203,'Student','Y'),
	(0000049005,00002466,0000002203,'Student','Y'),
	(0000049006,00002474,0000002203,'Student','Y'),
	(0000049007,00002477,0000002203,'Student','Y'),
	(0000049008,00002445,0000002526,'Student','Y'),
	(0000049009,00002453,0000002526,'Student','Y'),
	(0000049010,00002460,0000002526,'Student','Y'),
	(0000049011,00002463,0000002526,'Student','Y'),
	(0000049012,00002466,0000002526,'Student','Y'),
	(0000049013,00002474,0000002526,'Student','Y'),
	(0000049014,00002477,0000002526,'Student','Y'),
	(0000049015,00002445,0000002296,'Student','Y'),
	(0000049016,00002453,0000002296,'Student','Y'),
	(0000049017,00002460,0000002296,'Student','Y'),
	(0000049018,00002463,0000002296,'Student','Y'),
	(0000049019,00002466,0000002296,'Student','Y'),
	(0000049020,00002474,0000002296,'Student','Y'),
	(0000049021,00002477,0000002296,'Student','Y'),
	(0000049118,00002367,0000001276,'Student','Y'),
	(0000049119,00002367,0000001157,'Student','Y'),
	(0000049120,00002367,0000001275,'Student','Y'),
	(0000049121,00002367,0000002100,'Student','Y'),
	(0000049122,00002367,0000001251,'Student','Y'),
	(0000049123,00002367,0000001236,'Student','Y'),
	(0000049124,00002367,0000001257,'Student','Y'),
	(0000049125,00002367,0000001163,'Student','Y'),
	(0000049126,00002367,0000001191,'Student','Y'),
	(0000049127,00002367,0000001226,'Student','Y'),
	(0000049128,00002367,0000002138,'Student','Y'),
	(0000049129,00002367,0000001160,'Student','Y'),
	(0000049130,00002367,0000002145,'Student','Y'),
	(0000049131,00002367,0000001178,'Student','Y'),
	(0000049132,00002367,0000002411,'Student','Y'),
	(0000049133,00002367,0000001214,'Student','Y'),
	(0000049134,00002367,0000001204,'Student','Y'),
	(0000049135,00002586,0000001245,'Student','Y'),
	(0000049136,00002586,0000002120,'Student','Y'),
	(0000049137,00002586,0000001200,'Student','Y'),
	(0000049138,00002586,0000001680,'Student','Y'),
	(0000049139,00002586,0000001193,'Student','Y'),
	(0000049140,00002586,0000001154,'Student','Y'),
	(0000049141,00002586,0000001259,'Student','Y'),
	(0000049142,00002586,0000001233,'Student','Y'),
	(0000049143,00002586,0000001548,'Student','Y'),
	(0000049144,00002586,0000001814,'Student','Y'),
	(0000049145,00002586,0000001254,'Student','Y'),
	(0000049146,00002586,0000001242,'Student','Y'),
	(0000049147,00002586,0000001528,'Student','Y'),
	(0000049148,00002586,0000001201,'Student','Y'),
	(0000049149,00002586,0000002103,'Student','Y'),
	(0000049150,00002586,0000002090,'Student','Y'),
	(0000049151,00002586,0000001179,'Student','Y'),
	(0000049152,00002310,0000001364,'Student','Y'),
	(0000049153,00002310,0000001710,'Student','Y'),
	(0000049154,00002310,0000001477,'Student','Y'),
	(0000049155,00002310,0000001403,'Student','Y'),
	(0000049156,00002310,0000001355,'Student','Y'),
	(0000049157,00002310,0000001867,'Student','Y'),
	(0000049158,00002310,0000002380,'Student','Y'),
	(0000049159,00002310,0000002286,'Student','Y'),
	(0000049160,00002310,0000001631,'Student','Y'),
	(0000049161,00002310,0000002490,'Student','Y'),
	(0000049162,00002501,0000001915,'Student','Y'),
	(0000049163,00002501,0000001934,'Student','Y'),
	(0000049164,00002501,0000002009,'Student','Y'),
	(0000049165,00002501,0000001992,'Student','Y'),
	(0000049166,00002501,0000001974,'Student','Y'),
	(0000049167,00002501,0000001995,'Student','Y'),
	(0000049168,00002501,0000001983,'Student','Y'),
	(0000049169,00002501,0000001870,'Student','Y'),
	(0000049170,00002501,0000001901,'Student','Y'),
	(0000049171,00002501,0000001914,'Student','Y'),
	(0000049172,00002501,0000001980,'Student','Y'),
	(0000049173,00002501,0000001864,'Student','Y'),
	(0000049174,00002501,0000002006,'Student','Y'),
	(0000049175,00002501,0000001878,'Student','Y'),
	(0000049176,00002501,0000001882,'Student','Y'),
	(0000049177,00002501,0000001897,'Student','Y'),
	(0000049178,00002501,0000002113,'Student','Y'),
	(0000049179,00002501,0000002280,'Student','Y'),
	(0000049180,00002501,0000002327,'Student','Y'),
	(0000049181,00002501,0000002491,'Student','Y'),
	(0000049182,00002501,0000002532,'Student','Y'),
	(0000049183,00002501,0000002495,'Student','Y'),
	(0000049184,00002500,0000002012,'Student','Y'),
	(0000049185,00002500,0000001891,'Student','Y'),
	(0000049186,00002500,0000001888,'Student','Y'),
	(0000049187,00002500,0000001924,'Student','Y'),
	(0000049188,00002500,0000002056,'Student','Y'),
	(0000049189,00002500,0000001977,'Student','Y'),
	(0000049190,00002500,0000001885,'Student','Y'),
	(0000049191,00002500,0000001955,'Student','Y'),
	(0000049192,00002500,0000001986,'Student','Y'),
	(0000049193,00002500,0000002000,'Student','Y'),
	(0000049194,00002500,0000001913,'Student','Y'),
	(0000049195,00002500,0000001898,'Student','Y'),
	(0000049196,00002500,0000002037,'Student','Y'),
	(0000049197,00002500,0000001921,'Student','Y'),
	(0000049198,00002500,0000001918,'Student','Y'),
	(0000049199,00002500,0000001964,'Student','Y'),
	(0000049200,00002500,0000001946,'Student','Y'),
	(0000049201,00002500,0000002135,'Student','Y'),
	(0000049202,00002500,0000002141,'Student','Y'),
	(0000049203,00002500,0000002389,'Student','Y'),
	(0000049204,00002500,0000001937,'Student','Y'),
	(0000049205,00002500,0000002555,'Student','Y'),
	(0000049206,00002502,0000002116,'Student','Y'),
	(0000049207,00002502,0000001928,'Student','Y'),
	(0000049208,00002502,0000001894,'Student','Y'),
	(0000049209,00002502,0000001875,'Student','Y'),
	(0000049210,00002502,0000002093,'Student','Y'),
	(0000049211,00002502,0000001904,'Student','Y'),
	(0000049212,00002502,0000001989,'Student','Y'),
	(0000049213,00002502,0000002019,'Student','Y'),
	(0000049214,00002502,0000002022,'Student','Y'),
	(0000049215,00002502,0000002040,'Student','Y'),
	(0000049216,00002502,0000001911,'Student','Y'),
	(0000049217,00002502,0000001970,'Student','Y'),
	(0000049218,00002502,0000001960,'Student','Y'),
	(0000049219,00002502,0000002029,'Student','Y'),
	(0000049220,00002502,0000001879,'Student','Y'),
	(0000049221,00002502,0000002079,'Student','Y'),
	(0000049222,00002502,0000002076,'Student','Y'),
	(0000049223,00002502,0000002123,'Student','Y'),
	(0000049224,00002502,0000002129,'Student','Y'),
	(0000049225,00002502,0000001931,'Student','Y'),
	(0000049226,00002502,0000002404,'Student','Y'),
	(0000049227,00002502,0000001925,'Student','Y'),
	(0000049228,00002370,0000000928,'Student','Y'),
	(0000049229,00002370,0000000922,'Student','Y'),
	(0000049230,00002370,0000000897,'Student','Y'),
	(0000049231,00002370,0000000937,'Student','Y'),
	(0000049232,00002370,0000001819,'Student','Y'),
	(0000049233,00002370,0000000934,'Student','Y'),
	(0000049234,00002370,0000000925,'Student','Y'),
	(0000049235,00002371,0000000928,'Student','Y'),
	(0000049236,00002371,0000000922,'Student','Y'),
	(0000049237,00002371,0000000925,'Student','Y'),
	(0000049238,00002371,0000000897,'Student','Y'),
	(0000049239,00002371,0000000934,'Student','Y'),
	(0000049240,00002371,0000000937,'Student','Y'),
	(0000049241,00002371,0000001819,'Student','Y'),
	(0000049242,00002372,0000000876,'Student','Y'),
	(0000049243,00002372,0000001016,'Student','Y'),
	(0000049244,00002372,0000000905,'Student','Y'),
	(0000049245,00002372,0000000922,'Student','Y'),
	(0000049246,00002372,0000000928,'Student','Y'),
	(0000049247,00002372,0000000931,'Student','Y'),
	(0000049248,00002372,0000000964,'Student','Y'),
	(0000049249,00002372,0000002392,'Student','Y'),
	(0000049250,00002372,0000001019,'Student','Y'),
	(0000049251,00002372,0000001819,'Student','Y'),
	(0000049252,00002372,0000000897,'Student','Y'),
	(0000049253,00002372,0000001022,'Student','Y'),
	(0000049254,00002372,0000002184,'Student','Y'),
	(0000049255,00002372,0000000913,'Student','Y'),
	(0000049256,00002372,0000000934,'Student','Y'),
	(0000049257,00002372,0000001008,'Student','Y'),
	(0000049258,00002372,0000000925,'Student','Y'),
	(0000049259,00002372,0000000937,'Student','Y'),
	(0000049260,00002373,0000000905,'Student','Y'),
	(0000049261,00002373,0000000928,'Student','Y'),
	(0000049262,00002373,0000000925,'Student','Y'),
	(0000049263,00002373,0000000937,'Student','Y'),
	(0000049264,00002373,0000001022,'Student','Y'),
	(0000049265,00002374,0000000905,'Student','Y'),
	(0000049266,00002374,0000000928,'Student','Y'),
	(0000049267,00002374,0000000931,'Student','Y'),
	(0000049268,00002374,0000001022,'Student','Y'),
	(0000049269,00002374,0000000925,'Student','Y'),
	(0000049270,00002374,0000000937,'Student','Y'),
	(0000049271,00002449,0000002330,'Student','Y'),
	(0000049272,00002449,0000002340,'Student','Y'),
	(0000049273,00002449,0000002334,'Student','Y'),
	(0000049274,00002449,0000002187,'Student','Y'),
	(0000049275,00002449,0000002319,'Student','Y'),
	(0000049276,00002449,0000002215,'Student','Y'),
	(0000049277,00002449,0000002302,'Student','Y'),
	(0000049278,00002449,0000002383,'Student','Y'),
	(0000049279,00002449,0000002420,'Student','Y'),
	(0000049280,00002449,0000002526,'Student','Y'),
	(0000049281,00002449,0000002520,'Student','Y'),
	(0000049282,00002449,0000002498,'Student','Y'),
	(0000049283,00002449,0000002508,'Student','Y'),
	(0000049284,00002449,0000002505,'Student','Y'),
	(0000049285,00002449,0000002535,'Student','Y'),
	(0000049286,00002449,0000002545,'Student','Y'),
	(0000049287,00002448,0000002194,'Student','Y'),
	(0000049288,00002448,0000002172,'Student','Y'),
	(0000049289,00002448,0000002250,'Student','Y'),
	(0000049290,00002448,0000002160,'Student','Y'),
	(0000049291,00002448,0000002166,'Student','Y'),
	(0000049292,00002448,0000002501,'Student','Y'),
	(0000049293,00002448,0000002277,'Student','Y'),
	(0000049294,00002448,0000002293,'Student','Y'),
	(0000049295,00002452,0000002348,'Student','Y'),
	(0000049296,00002452,0000002178,'Student','Y'),
	(0000049297,00002452,0000002262,'Student','Y'),
	(0000049298,00002452,0000002206,'Student','Y'),
	(0000049299,00002452,0000002175,'Student','Y'),
	(0000049300,00002452,0000002150,'Student','Y'),
	(0000049301,00002452,0000002233,'Student','Y'),
	(0000049302,00002452,0000002268,'Student','Y'),
	(0000049303,00002452,0000002371,'Student','Y'),
	(0000049304,00002452,0000002504,'Student','Y'),
	(0000049305,00002452,0000002514,'Student','Y'),
	(0000049306,00002452,0000002517,'Student','Y'),
	(0000049307,00002451,0000002212,'Student','Y'),
	(0000049308,00002451,0000002333,'Student','Y'),
	(0000049309,00002451,0000002232,'Student','Y'),
	(0000049310,00002451,0000002243,'Student','Y'),
	(0000049311,00002451,0000002239,'Student','Y'),
	(0000049312,00002451,0000002395,'Student','Y'),
	(0000049313,00002451,0000002236,'Student','Y'),
	(0000049314,00002451,0000002169,'Student','Y'),
	(0000049315,00002450,0000002193,'Student','Y'),
	(0000049316,00002450,0000002323,'Student','Y'),
	(0000049317,00002450,0000002190,'Student','Y'),
	(0000049318,00002450,0000002283,'Student','Y'),
	(0000049319,00002450,0000002537,'Student','Y'),
	(0000049320,00002486,0000001992,'Student','Y'),
	(0000049321,00002486,0000001870,'Student','Y'),
	(0000049322,00002486,0000001980,'Student','Y'),
	(0000049323,00002486,0000002012,'Student','Y'),
	(0000049324,00002486,0000001888,'Student','Y'),
	(0000049325,00002486,0000001898,'Student','Y'),
	(0000049326,00002486,0000002037,'Student','Y'),
	(0000049327,00002486,0000001970,'Student','Y'),
	(0000049328,00002486,0000002135,'Student','Y'),
	(0000049329,00002486,0000002116,'Student','Y'),
	(0000049330,00002486,0000002280,'Student','Y'),
	(0000049331,00002486,0000002389,'Student','Y'),
	(0000049332,00002486,0000002404,'Student','Y'),
	(0000049333,00002486,0000002532,'Student','Y'),
	(0000049334,00002486,0000002495,'Student','Y'),
	(0000049335,00002486,0000002555,'Student','Y'),
	(0000049336,00002485,0000001924,'Student','Y'),
	(0000049337,00002485,0000002056,'Student','Y'),
	(0000049338,00002485,0000001894,'Student','Y'),
	(0000049339,00002485,0000001931,'Student','Y'),
	(0000049340,00002485,0000001879,'Student','Y'),
	(0000049341,00002485,0000002079,'Student','Y'),
	(0000049342,00002485,0000002040,'Student','Y'),
	(0000049343,00002485,0000001864,'Student','Y'),
	(0000049344,00002485,0000001925,'Student','Y'),
	(0000049345,00002485,0000001897,'Student','Y'),
	(0000049346,00002485,0000001891,'Student','Y'),
	(0000049347,00002485,0000002000,'Student','Y'),
	(0000049348,00002485,0000002093,'Student','Y'),
	(0000049349,00002489,0000001915,'Student','Y'),
	(0000049350,00002489,0000001974,'Student','Y'),
	(0000049351,00002489,0000001901,'Student','Y'),
	(0000049352,00002489,0000001914,'Student','Y'),
	(0000049353,00002489,0000002327,'Student','Y'),
	(0000049354,00002489,0000001905,'Student','Y'),
	(0000049355,00002489,0000001977,'Student','Y'),
	(0000049356,00002489,0000001885,'Student','Y'),
	(0000049357,00002489,0000001964,'Student','Y'),
	(0000049358,00002489,0000001911,'Student','Y'),
	(0000049359,00002489,0000002009,'Student','Y'),
	(0000049360,00002489,0000001934,'Student','Y'),
	(0000049361,00002489,0000001955,'Student','Y'),
	(0000049362,00002487,0000001995,'Student','Y'),
	(0000049363,00002487,0000001921,'Student','Y'),
	(0000049364,00002487,0000002129,'Student','Y'),
	(0000049365,00002487,0000002029,'Student','Y'),
	(0000049366,00002487,0000002141,'Student','Y'),
	(0000049367,00002487,0000001875,'Student','Y'),
	(0000049368,00002487,0000001983,'Student','Y'),
	(0000049369,00002487,0000002491,'Student','Y'),
	(0000049370,00002487,0000001946,'Student','Y'),
	(0000049371,00002488,0000001913,'Student','Y'),
	(0000049372,00002488,0000001928,'Student','Y'),
	(0000049373,00002488,0000001904,'Student','Y'),
	(0000049374,00002488,0000001989,'Student','Y'),
	(0000049375,00002282,0000001642,'Student','Y'),
	(0000049376,00002282,0000001639,'Student','Y'),
	(0000049377,00002282,0000001700,'Student','Y'),
	(0000049378,00002282,0000001617,'Student','Y'),
	(0000049379,00002282,0000001654,'Student','Y'),
	(0000049380,00002282,0000001657,'Student','Y'),
	(0000049381,00002282,0000001603,'Student','Y'),
	(0000049382,00002282,0000001779,'Student','Y'),
	(0000049383,00002282,0000001744,'Student','Y'),
	(0000049384,00002282,0000002097,'Student','Y'),
	(0000049385,00002282,0000002156,'Student','Y'),
	(0000049386,00002282,0000002386,'Student','Y'),
	(0000049387,00002282,0000002035,'Student','Y'),
	(0000049388,00002282,0000002441,'Student','Y'),
	(0000049389,00002282,0000002673,'Student','Y'),
	(0000049390,00002282,0000002737,'Student','Y'),
	(0000049391,00002281,0000001848,'Student','Y'),
	(0000049392,00002281,0000001612,'Student','Y'),
	(0000049393,00002281,0000001645,'Student','Y'),
	(0000049394,00002281,0000001713,'Student','Y'),
	(0000049395,00002281,0000001739,'Student','Y'),
	(0000049396,00002281,0000002066,'Student','Y'),
	(0000049397,00002281,0000001828,'Student','Y'),
	(0000049398,00002281,0000001677,'Student','Y'),
	(0000049399,00002281,0000002548,'Student','Y'),
	(0000049400,00002281,0000002719,'Student','Y'),
	(0000049401,00002281,0000002723,'Student','Y'),
	(0000049402,00002284,0000001721,'Student','Y'),
	(0000049403,00002284,0000002309,'Student','Y'),
	(0000049404,00002284,0000001735,'Student','Y'),
	(0000049405,00002284,0000001791,'Student','Y'),
	(0000049406,00002284,0000001621,'Student','Y'),
	(0000049407,00002283,0000001593,'Student','Y'),
	(0000049408,00002283,0000001761,'Student','Y'),
	(0000049409,00002283,0000001773,'Student','Y'),
	(0000049410,00002283,0000001753,'Student','Y'),
	(0000049411,00002283,0000001796,'Student','Y'),
	(0000049412,00002283,0000001628,'Student','Y'),
	(0000049413,00002283,0000002081,'Student','Y'),
	(0000049414,00002283,0000001801,'Student','Y'),
	(0000049415,00002285,0000001591,'Student','Y'),
	(0000049416,00002285,0000001706,'Student','Y'),
	(0000049417,00002285,0000002063,'Student','Y'),
	(0000049418,00002285,0000001600,'Student','Y'),
	(0000049419,00002285,0000002401,'Student','Y'),
	(0000049420,00002285,0000002488,'Student','Y'),
	(0000049421,00002312,0000001445,'Student','Y'),
	(0000049422,00002312,0000001403,'Student','Y'),
	(0000049423,00002312,0000001477,'Student','Y'),
	(0000049424,00002312,0000001364,'Student','Y'),
	(0000049425,00002312,0000001571,'Student','Y'),
	(0000049426,00002312,0000001427,'Student','Y'),
	(0000049427,00002312,0000001585,'Student','Y'),
	(0000049428,00002312,0000001631,'Student','Y'),
	(0000049429,00002312,0000001867,'Student','Y'),
	(0000049430,00002312,0000002084,'Student','Y'),
	(0000049431,00002312,0000001400,'Student','Y'),
	(0000049432,00002312,0000002286,'Student','Y'),
	(0000049433,00002312,0000002306,'Student','Y'),
	(0000049434,00002312,0000002398,'Student','Y'),
	(0000049435,00002312,0000002380,'Student','Y'),
	(0000049436,00002312,0000002444,'Student','Y'),
	(0000049437,00002312,0000002729,'Student','Y'),
	(0000049438,00002311,0000001352,'Student','Y'),
	(0000049439,00002311,0000001358,'Student','Y'),
	(0000049440,00002311,0000001486,'Student','Y'),
	(0000049441,00002311,0000001355,'Student','Y'),
	(0000049442,00002311,0000001492,'Student','Y'),
	(0000049443,00002311,0000001483,'Student','Y'),
	(0000049444,00002311,0000001377,'Student','Y'),
	(0000049445,00002311,0000001845,'Student','Y'),
	(0000049446,00002313,0000001393,'Student','Y'),
	(0000049447,00002313,0000001391,'Student','Y'),
	(0000049448,00002313,0000001465,'Student','Y'),
	(0000049449,00002313,0000001424,'Student','Y'),
	(0000049450,00002313,0000001538,'Student','Y'),
	(0000049451,00002313,0000001507,'Student','Y'),
	(0000049452,00002313,0000001396,'Student','Y'),
	(0000049453,00002520,0000001520,'Student','Y'),
	(0000049454,00002520,0000001430,'Student','Y'),
	(0000049455,00002520,0000001367,'Student','Y'),
	(0000049456,00002520,0000001440,'Student','Y'),
	(0000049457,00002520,0000002407,'Student','Y'),
	(0000049458,00002520,0000001410,'Student','Y'),
	(0000049459,00002521,0000002316,'Student','Y'),
	(0000049460,00002521,0000002357,'Student','Y'),
	(0000049461,00002521,0000002490,'Student','Y'),
	(0000049462,00002376,0000001016,'Student','Y'),
	(0000049463,00002376,0000001008,'Student','Y'),
	(0000049464,00002376,0000001819,'Student','Y'),
	(0000049465,00002376,0000001019,'Student','Y'),
	(0000049466,00002376,0000002392,'Student','Y'),
	(0000049467,00002377,0000000905,'Student','Y'),
	(0000049468,00002377,0000000928,'Student','Y'),
	(0000049469,00002377,0000000931,'Student','Y'),
	(0000049470,00002377,0000000922,'Student','Y'),
	(0000049471,00002377,0000000925,'Student','Y'),
	(0000049472,00002377,0000000964,'Student','Y'),
	(0000049473,00002377,0000000897,'Student','Y'),
	(0000049474,00002377,0000000913,'Student','Y'),
	(0000049475,00002377,0000000937,'Student','Y'),
	(0000049476,00002377,0000000934,'Student','Y'),
	(0000049477,00002314,0000001692,'Student','Y'),
	(0000049478,00002314,0000001430,'Student','Y'),
	(0000049479,00002314,0000002084,'Student','Y'),
	(0000049480,00002314,0000001416,'Student','Y'),
	(0000049481,00002314,0000001445,'Student','Y'),
	(0000049482,00002314,0000001486,'Student','Y'),
	(0000049483,00002314,0000001367,'Student','Y'),
	(0000049484,00002314,0000001440,'Student','Y'),
	(0000049485,00002314,0000001507,'Student','Y'),
	(0000049486,00002314,0000001520,'Student','Y'),
	(0000049487,00002314,0000001410,'Student','Y'),
	(0000049488,00002314,0000001538,'Student','Y'),
	(0000049489,00002314,0000001393,'Student','Y'),
	(0000049490,00002314,0000001377,'Student','Y'),
	(0000049491,00002314,0000001492,'Student','Y'),
	(0000049492,00002314,0000001465,'Student','Y'),
	(0000049493,00002314,0000001585,'Student','Y'),
	(0000049494,00002314,0000001424,'Student','Y'),
	(0000049495,00002314,0000002316,'Student','Y'),
	(0000049496,00002315,0000001364,'Student','Y'),
	(0000049497,00002315,0000001424,'Student','Y'),
	(0000049498,00002315,0000002084,'Student','Y'),
	(0000049499,00002315,0000001710,'Student','Y'),
	(0000049500,00002315,0000001396,'Student','Y'),
	(0000049501,00002315,0000001358,'Student','Y'),
	(0000049502,00002315,0000001440,'Student','Y'),
	(0000049503,00002315,0000001507,'Student','Y'),
	(0000049504,00002315,0000001374,'Student','Y'),
	(0000049505,00002315,0000001403,'Student','Y'),
	(0000049506,00002315,0000001538,'Student','Y'),
	(0000049507,00002315,0000001393,'Student','Y'),
	(0000049508,00002315,0000001355,'Student','Y'),
	(0000049509,00002315,0000001492,'Student','Y'),
	(0000049510,00002315,0000001465,'Student','Y'),
	(0000049511,00002315,0000001585,'Student','Y'),
	(0000049512,00002315,0000001692,'Student','Y'),
	(0000049513,00002315,0000001391,'Student','Y'),
	(0000049514,00002315,0000002357,'Student','Y'),
	(0000049515,00002315,0000002398,'Student','Y'),
	(0000049516,00002315,0000002407,'Student','Y'),
	(0000049517,00002315,0000001631,'Student','Y'),
	(0000049518,00002315,0000001867,'Student','Y'),
	(0000049519,00002315,0000002380,'Student','Y'),
	(0000049520,00002378,0000000905,'Student','Y'),
	(0000049521,00002378,0000000931,'Student','Y'),
	(0000049522,00002378,0000001016,'Student','Y'),
	(0000049523,00002378,0000001022,'Student','Y'),
	(0000049524,00002378,0000000964,'Student','Y'),
	(0000049525,00002378,0000002184,'Student','Y'),
	(0000049526,00002378,0000001008,'Student','Y'),
	(0000049527,00002386,0000000876,'Student','Y'),
	(0000049528,00002386,0000001016,'Student','Y'),
	(0000049529,00002386,0000000905,'Student','Y'),
	(0000049530,00002386,0000000922,'Student','Y'),
	(0000049531,00002386,0000000928,'Student','Y'),
	(0000049532,00002386,0000000931,'Student','Y'),
	(0000049533,00002386,0000000964,'Student','Y'),
	(0000049534,00002386,0000002392,'Student','Y'),
	(0000049535,00002386,0000001019,'Student','Y'),
	(0000049536,00002386,0000001819,'Student','Y'),
	(0000049537,00002386,0000000897,'Student','Y'),
	(0000049538,00002386,0000001022,'Student','Y'),
	(0000049539,00002386,0000002184,'Student','Y'),
	(0000049540,00002386,0000000913,'Student','Y'),
	(0000049541,00002386,0000000934,'Student','Y'),
	(0000049542,00002386,0000001008,'Student','Y'),
	(0000049543,00002386,0000000925,'Student','Y'),
	(0000049544,00002386,0000000937,'Student','Y'),
	(0000049545,00002532,0000002283,'Student','Y'),
	(0000049546,00002532,0000002193,'Student','Y'),
	(0000049547,00002532,0000002212,'Student','Y'),
	(0000049548,00002532,0000002299,'Student','Y'),
	(0000049549,00002532,0000002323,'Student','Y'),
	(0000049550,00002532,0000002333,'Student','Y'),
	(0000049551,00002532,0000002232,'Student','Y'),
	(0000049552,00002532,0000002243,'Student','Y'),
	(0000049553,00002532,0000002216,'Student','Y'),
	(0000049554,00002532,0000002330,'Student','Y'),
	(0000049555,00002532,0000002340,'Student','Y'),
	(0000049556,00002532,0000002215,'Student','Y'),
	(0000049557,00002532,0000002233,'Student','Y'),
	(0000049558,00002532,0000002169,'Student','Y'),
	(0000049559,00002532,0000002175,'Student','Y'),
	(0000049560,00002532,0000002374,'Student','Y'),
	(0000049561,00002532,0000002364,'Student','Y'),
	(0000049562,00002532,0000002395,'Student','Y'),
	(0000049563,00002532,0000002514,'Student','Y'),
	(0000049564,00002532,0000002511,'Student','Y'),
	(0000049565,00002532,0000002505,'Student','Y'),
	(0000049566,00002532,0000002529,'Student','Y'),
	(0000049567,00002533,0000002190,'Student','Y'),
	(0000049568,00002533,0000002334,'Student','Y'),
	(0000049569,00002533,0000002236,'Student','Y'),
	(0000049570,00002533,0000002239,'Student','Y'),
	(0000049571,00002533,0000002187,'Student','Y'),
	(0000049572,00002533,0000002178,'Student','Y'),
	(0000049573,00002533,0000002206,'Student','Y'),
	(0000049574,00002533,0000002274,'Student','Y'),
	(0000049575,00002533,0000002271,'Student','Y'),
	(0000049576,00002533,0000002253,'Student','Y'),
	(0000049577,00002533,0000002166,'Student','Y'),
	(0000049578,00002533,0000002348,'Student','Y'),
	(0000049579,00002533,0000002150,'Student','Y'),
	(0000049580,00002533,0000002163,'Student','Y'),
	(0000049581,00002533,0000002360,'Student','Y'),
	(0000049582,00002533,0000002371,'Student','Y'),
	(0000049583,00002533,0000002383,'Student','Y'),
	(0000049584,00002533,0000002420,'Student','Y'),
	(0000049585,00002533,0000002523,'Student','Y'),
	(0000049586,00002533,0000002517,'Student','Y'),
	(0000049587,00002533,0000002501,'Student','Y'),
	(0000049588,00002533,0000002520,'Student','Y'),
	(0000049589,00002533,0000002526,'Student','Y'),
	(0000049590,00002531,0000002247,'Student','Y'),
	(0000049591,00002531,0000002194,'Student','Y'),
	(0000049592,00002531,0000002293,'Student','Y'),
	(0000049593,00002531,0000002250,'Student','Y'),
	(0000049594,00002531,0000002277,'Student','Y'),
	(0000049595,00002531,0000002319,'Student','Y'),
	(0000049596,00002531,0000002200,'Student','Y'),
	(0000049597,00002531,0000002231,'Student','Y'),
	(0000049598,00002531,0000002268,'Student','Y'),
	(0000049599,00002531,0000002262,'Student','Y'),
	(0000049600,00002531,0000002203,'Student','Y'),
	(0000049601,00002531,0000002296,'Student','Y'),
	(0000049602,00002531,0000002302,'Student','Y'),
	(0000049603,00002531,0000002265,'Student','Y'),
	(0000049604,00002531,0000002160,'Student','Y'),
	(0000049605,00002531,0000002172,'Student','Y'),
	(0000049606,00002531,0000002508,'Student','Y'),
	(0000049607,00002531,0000002504,'Student','Y'),
	(0000049608,00002531,0000002498,'Student','Y'),
	(0000049609,00002531,0000002535,'Student','Y'),
	(0000049610,00002531,0000002537,'Student','Y'),
	(0000049611,00002531,0000002545,'Student','Y'),
	(0000049612,00002537,0000001964,'Student','Y'),
	(0000049613,00002537,0000001918,'Student','Y'),
	(0000049614,00002537,0000001898,'Student','Y'),
	(0000049615,00002537,0000001913,'Student','Y'),
	(0000049616,00002537,0000001885,'Student','Y'),
	(0000049617,00002537,0000001875,'Student','Y'),
	(0000049618,00002537,0000002029,'Student','Y'),
	(0000049619,00002537,0000002009,'Student','Y'),
	(0000049620,00002537,0000001974,'Student','Y'),
	(0000049621,00002537,0000001870,'Student','Y'),
	(0000049622,00002537,0000001980,'Student','Y'),
	(0000049623,00002537,0000001925,'Student','Y'),
	(0000049624,00002537,0000002280,'Student','Y'),
	(0000049625,00002537,0000001864,'Student','Y'),
	(0000049626,00002537,0000002006,'Student','Y'),
	(0000049627,00002537,0000002491,'Student','Y'),
	(0000049628,00002537,0000002532,'Student','Y'),
	(0000049629,00002536,0000001888,'Student','Y'),
	(0000049630,00002536,0000002056,'Student','Y'),
	(0000049631,00002536,0000001977,'Student','Y'),
	(0000049632,00002536,0000002141,'Student','Y'),
	(0000049633,00002536,0000001921,'Student','Y'),
	(0000049634,00002536,0000002135,'Student','Y'),
	(0000049635,00002536,0000001934,'Student','Y'),
	(0000049636,00002536,0000001983,'Student','Y'),
	(0000049637,00002536,0000002327,'Student','Y'),
	(0000049638,00002536,0000001937,'Student','Y'),
	(0000049639,00002536,0000001882,'Student','Y'),
	(0000049640,00002536,0000001897,'Student','Y'),
	(0000049641,00002536,0000001904,'Student','Y'),
	(0000049642,00002536,0000002019,'Student','Y'),
	(0000049643,00002536,0000001970,'Student','Y'),
	(0000049644,00002536,0000002116,'Student','Y'),
	(0000049645,00002536,0000002040,'Student','Y'),
	(0000049646,00002535,0000002079,'Student','Y'),
	(0000049647,00002535,0000001960,'Student','Y'),
	(0000049648,00002535,0000001911,'Student','Y'),
	(0000049649,00002535,0000002093,'Student','Y'),
	(0000049650,00002535,0000002129,'Student','Y'),
	(0000049651,00002535,0000001928,'Student','Y'),
	(0000049652,00002535,0000002113,'Student','Y'),
	(0000049653,00002535,0000001989,'Student','Y'),
	(0000049654,00002535,0000001931,'Student','Y'),
	(0000049655,00002535,0000002012,'Student','Y'),
	(0000049656,00002535,0000001905,'Student','Y'),
	(0000049657,00002535,0000001924,'Student','Y'),
	(0000049658,00002535,0000002037,'Student','Y'),
	(0000049659,00002535,0000002000,'Student','Y'),
	(0000049660,00002535,0000002389,'Student','Y'),
	(0000049661,00002535,0000002404,'Student','Y'),
	(0000049662,00002535,0000002555,'Student','Y'),
	(0000049663,00002538,0000001878,'Student','Y'),
	(0000049664,00002538,0000001914,'Student','Y'),
	(0000049665,00002538,0000001901,'Student','Y'),
	(0000049666,00002538,0000001995,'Student','Y'),
	(0000049667,00002538,0000001915,'Student','Y'),
	(0000049668,00002538,0000001992,'Student','Y'),
	(0000049669,00002538,0000001894,'Student','Y'),
	(0000049670,00002538,0000002123,'Student','Y'),
	(0000049671,00002538,0000002022,'Student','Y'),
	(0000049672,00002538,0000001879,'Student','Y'),
	(0000049673,00002538,0000002076,'Student','Y'),
	(0000049674,00002538,0000001891,'Student','Y'),
	(0000049675,00002538,0000001955,'Student','Y'),
	(0000049676,00002538,0000001986,'Student','Y'),
	(0000049677,00002538,0000001946,'Student','Y'),
	(0000049678,00002538,0000002495,'Student','Y'),
	(0000049679,00002540,0000001627,'Student','Y'),
	(0000049680,00002540,0000001730,'Student','Y'),
	(0000049681,00002540,0000001791,'Student','Y'),
	(0000049682,00002540,0000001642,'Student','Y'),
	(0000049683,00002540,0000001612,'Student','Y'),
	(0000049684,00002540,0000002035,'Student','Y'),
	(0000049685,00002540,0000002097,'Student','Y'),
	(0000049686,00002540,0000001773,'Student','Y'),
	(0000049687,00002540,0000001828,'Student','Y'),
	(0000049688,00002540,0000001654,'Student','Y'),
	(0000049689,00002540,0000001831,'Student','Y'),
	(0000049690,00002540,0000001616,'Student','Y'),
	(0000049691,00002540,0000001609,'Student','Y'),
	(0000049692,00002540,0000001628,'Student','Y'),
	(0000049693,00002540,0000002066,'Student','Y'),
	(0000049694,00002540,0000002309,'Student','Y'),
	(0000049695,00002540,0000002386,'Student','Y'),
	(0000049696,00002540,0000002401,'Student','Y'),
	(0000049697,00002540,0000002723,'Student','Y'),
	(0000049698,00002541,0000001801,'Student','Y'),
	(0000049699,00002541,0000001621,'Student','Y'),
	(0000049700,00002541,0000001617,'Student','Y'),
	(0000049701,00002541,0000001735,'Student','Y'),
	(0000049702,00002541,0000001858,'Student','Y'),
	(0000049703,00002541,0000001639,'Student','Y'),
	(0000049704,00002541,0000001744,'Student','Y'),
	(0000049705,00002541,0000002033,'Student','Y'),
	(0000049706,00002541,0000001796,'Student','Y'),
	(0000049707,00002541,0000001761,'Student','Y'),
	(0000049708,00002541,0000001779,'Student','Y'),
	(0000049709,00002541,0000001645,'Student','Y'),
	(0000049710,00002541,0000001706,'Student','Y'),
	(0000049711,00002541,0000001667,'Student','Y'),
	(0000049712,00002541,0000002087,'Student','Y'),
	(0000049713,00002541,0000002156,'Student','Y'),
	(0000049714,00002541,0000002441,'Student','Y'),
	(0000049715,00002541,0000002548,'Student','Y'),
	(0000049716,00002541,0000002060,'Student','Y'),
	(0000049717,00002541,0000002737,'Student','Y'),
	(0000049718,00002539,0000001686,'Student','Y'),
	(0000049719,00002539,0000001591,'Student','Y'),
	(0000049720,00002539,0000001848,'Student','Y'),
	(0000049721,00002539,0000001593,'Student','Y'),
	(0000049722,00002539,0000001600,'Student','Y'),
	(0000049723,00002539,0000001700,'Student','Y'),
	(0000049724,00002539,0000001739,'Student','Y'),
	(0000049725,00002539,0000001677,'Student','Y'),
	(0000049726,00002539,0000001753,'Student','Y'),
	(0000049727,00002539,0000001713,'Student','Y'),
	(0000049728,00002539,0000001657,'Student','Y'),
	(0000049729,00002539,0000001603,'Student','Y'),
	(0000049730,00002539,0000002081,'Student','Y'),
	(0000049731,00002539,0000002063,'Student','Y'),
	(0000049732,00002539,0000001721,'Student','Y'),
	(0000049733,00002539,0000002488,'Student','Y'),
	(0000049734,00002539,0000002673,'Student','Y'),
	(0000049735,00002539,0000002719,'Student','Y'),
	(0000049736,00002542,0000001364,'Student','Y'),
	(0000049737,00002542,0000001396,'Student','Y'),
	(0000049738,00002542,0000001486,'Student','Y'),
	(0000049739,00002542,0000001483,'Student','Y'),
	(0000049740,00002542,0000001477,'Student','Y'),
	(0000049741,00002542,0000001374,'Student','Y'),
	(0000049742,00002542,0000001352,'Student','Y'),
	(0000049743,00002542,0000001355,'Student','Y'),
	(0000049744,00002542,0000001440,'Student','Y'),
	(0000049745,00002542,0000001410,'Student','Y'),
	(0000049746,00002542,0000002306,'Student','Y'),
	(0000049747,00002542,0000002316,'Student','Y'),
	(0000049748,00002542,0000002357,'Student','Y'),
	(0000049749,00002542,0000002398,'Student','Y'),
	(0000049750,00002542,0000002407,'Student','Y'),
	(0000049751,00002542,0000002444,'Student','Y'),
	(0000049752,00002542,0000002490,'Student','Y'),
	(0000049753,00002544,0000001424,'Student','Y'),
	(0000049754,00002544,0000001571,'Student','Y'),
	(0000049755,00002544,0000001585,'Student','Y'),
	(0000049756,00002544,0000001430,'Student','Y'),
	(0000049757,00002544,0000001427,'Student','Y'),
	(0000049758,00002544,0000001507,'Student','Y'),
	(0000049759,00002544,0000001492,'Student','Y'),
	(0000049760,00002544,0000001465,'Student','Y'),
	(0000049761,00002544,0000001692,'Student','Y'),
	(0000049762,00002544,0000001845,'Student','Y'),
	(0000049763,00002544,0000001867,'Student','Y'),
	(0000049764,00002544,0000001631,'Student','Y'),
	(0000049765,00002544,0000001377,'Student','Y'),
	(0000049766,00002544,0000001471,'Student','Y'),
	(0000049767,00002544,0000001416,'Student','Y'),
	(0000049768,00002544,0000002084,'Student','Y'),
	(0000049769,00002543,0000001399,'Student','Y'),
	(0000049770,00002543,0000001367,'Student','Y'),
	(0000049771,00002543,0000001388,'Student','Y'),
	(0000049772,00002543,0000001393,'Student','Y'),
	(0000049773,00002543,0000001358,'Student','Y'),
	(0000049774,00002543,0000001400,'Student','Y'),
	(0000049775,00002543,0000001520,'Student','Y'),
	(0000049776,00002543,0000001445,'Student','Y'),
	(0000049777,00002543,0000001710,'Student','Y'),
	(0000049778,00002543,0000001538,'Student','Y'),
	(0000049779,00002543,0000001391,'Student','Y'),
	(0000049780,00002543,0000001403,'Student','Y'),
	(0000049781,00002543,0000002286,'Student','Y'),
	(0000049782,00002543,0000002380,'Student','Y'),
	(0000049783,00002543,0000002729,'Student','Y'),
	(0000049822,00002382,0000000876,'Student','Y'),
	(0000049823,00002382,0000000922,'Student','Y'),
	(0000049824,00002382,0000000964,'Student','Y'),
	(0000049825,00002382,0000000897,'Student','Y'),
	(0000049826,00002382,0000000913,'Student','Y'),
	(0000049827,00002382,0000002184,'Student','Y'),
	(0000049828,00002382,0000001019,'Student','Y'),
	(0000049829,00002384,0000000905,'Student','Y'),
	(0000049830,00002384,0000000928,'Student','Y'),
	(0000049831,00002384,0000000931,'Student','Y'),
	(0000049832,00002384,0000001016,'Student','Y'),
	(0000049833,00002384,0000001022,'Student','Y'),
	(0000049834,00002384,0000000925,'Student','Y'),
	(0000049835,00002384,0000000934,'Student','Y'),
	(0000049836,00002384,0000001008,'Student','Y'),
	(0000049837,00002384,0000001819,'Student','Y'),
	(0000049838,00002384,0000000937,'Student','Y'),
	(0000049839,00002384,0000002392,'Student','Y'),
	(0000049840,00002385,0000001016,'Student','Y'),
	(0000049841,00002385,0000000922,'Student','Y'),
	(0000049842,00002385,0000000964,'Student','Y'),
	(0000049843,00002385,0000000897,'Student','Y'),
	(0000049844,00002385,0000001008,'Student','Y'),
	(0000049845,00002385,0000002184,'Student','Y'),
	(0000049846,00002385,0000001019,'Student','Y'),
	(0000049847,00002385,0000002392,'Student','Y'),
	(0000049848,00002385,0000002541,'Student','Y'),
	(0000049849,00002321,0000001352,'Student','Y'),
	(0000049850,00002321,0000001430,'Student','Y'),
	(0000049851,00002321,0000001845,'Student','Y'),
	(0000049852,00002321,0000001477,'Student','Y'),
	(0000049853,00002321,0000001571,'Student','Y'),
	(0000049854,00002321,0000001486,'Student','Y'),
	(0000049855,00002321,0000001367,'Student','Y'),
	(0000049856,00002321,0000001520,'Student','Y'),
	(0000049857,00002321,0000001471,'Student','Y'),
	(0000049858,00002321,0000001410,'Student','Y'),
	(0000049859,00002321,0000001377,'Student','Y'),
	(0000049860,00002321,0000002286,'Student','Y'),
	(0000049861,00002321,0000001400,'Student','Y'),
	(0000049862,00002321,0000002444,'Student','Y'),
	(0000049863,00002495,0000001897,'Student','Y'),
	(0000049864,00002495,0000001882,'Student','Y'),
	(0000049865,00002495,0000001878,'Student','Y'),
	(0000049866,00002495,0000002006,'Student','Y'),
	(0000049867,00002495,0000001980,'Student','Y'),
	(0000049868,00002495,0000001914,'Student','Y'),
	(0000049869,00002495,0000001995,'Student','Y'),
	(0000049870,00002495,0000001974,'Student','Y'),
	(0000049871,00002495,0000001992,'Student','Y'),
	(0000049872,00002495,0000002009,'Student','Y'),
	(0000049873,00002495,0000001864,'Student','Y'),
	(0000049874,00002495,0000001901,'Student','Y'),
	(0000049875,00002495,0000001870,'Student','Y'),
	(0000049876,00002495,0000001983,'Student','Y'),
	(0000049877,00002495,0000001934,'Student','Y'),
	(0000049878,00002495,0000001915,'Student','Y'),
	(0000049879,00002495,0000002113,'Student','Y'),
	(0000049880,00002495,0000002280,'Student','Y'),
	(0000049881,00002495,0000002327,'Student','Y'),
	(0000049882,00002495,0000002491,'Student','Y'),
	(0000049883,00002495,0000002532,'Student','Y'),
	(0000049884,00002495,0000002495,'Student','Y'),
	(0000049885,00002494,0000001946,'Student','Y'),
	(0000049886,00002494,0000001964,'Student','Y'),
	(0000049887,00002494,0000001918,'Student','Y'),
	(0000049888,00002494,0000001921,'Student','Y'),
	(0000049889,00002494,0000002037,'Student','Y'),
	(0000049890,00002494,0000001898,'Student','Y'),
	(0000049891,00002494,0000001913,'Student','Y'),
	(0000049892,00002494,0000001986,'Student','Y'),
	(0000049893,00002494,0000001955,'Student','Y'),
	(0000049894,00002494,0000001885,'Student','Y'),
	(0000049895,00002494,0000001977,'Student','Y'),
	(0000049896,00002494,0000002056,'Student','Y'),
	(0000049897,00002494,0000001924,'Student','Y'),
	(0000049898,00002494,0000001888,'Student','Y'),
	(0000049899,00002494,0000001891,'Student','Y'),
	(0000049900,00002494,0000002012,'Student','Y'),
	(0000049901,00002494,0000002135,'Student','Y'),
	(0000049902,00002494,0000002141,'Student','Y'),
	(0000049903,00002494,0000002389,'Student','Y'),
	(0000049904,00002494,0000001937,'Student','Y'),
	(0000049905,00002494,0000002555,'Student','Y'),
	(0000049906,00002496,0000002079,'Student','Y'),
	(0000049907,00002496,0000001879,'Student','Y'),
	(0000049908,00002496,0000002040,'Student','Y'),
	(0000049909,00002496,0000001904,'Student','Y'),
	(0000049910,00002496,0000002093,'Student','Y'),
	(0000049911,00002496,0000001875,'Student','Y'),
	(0000049912,00002496,0000001894,'Student','Y'),
	(0000049913,00002496,0000002076,'Student','Y'),
	(0000049914,00002496,0000002029,'Student','Y'),
	(0000049915,00002496,0000001960,'Student','Y'),
	(0000049916,00002496,0000001970,'Student','Y'),
	(0000049917,00002496,0000001911,'Student','Y'),
	(0000049918,00002496,0000002022,'Student','Y'),
	(0000049919,00002496,0000002019,'Student','Y'),
	(0000049920,00002496,0000001989,'Student','Y'),
	(0000049921,00002496,0000001928,'Student','Y'),
	(0000049922,00002496,0000002116,'Student','Y'),
	(0000049923,00002496,0000002123,'Student','Y'),
	(0000049924,00002496,0000002129,'Student','Y'),
	(0000049925,00002496,0000001931,'Student','Y'),
	(0000049926,00002496,0000002404,'Student','Y'),
	(0000049927,00002496,0000001925,'Student','Y'),
	(0000049928,00002549,0000001008,'Student','Y'),
	(0000049929,00002549,0000002392,'Student','Y'),
	(0000049930,00002550,0000001008,'Student','Y'),
	(0000049931,00002550,0000002392,'Student','Y'),
	(0000049932,00002322,0000001427,'Student','Y'),
	(0000049933,00002322,0000001416,'Student','Y'),
	(0000049934,00002322,0000001445,'Student','Y'),
	(0000049935,00002322,0000001399,'Student','Y'),
	(0000049936,00002322,0000001483,'Student','Y'),
	(0000049937,00002322,0000001388,'Student','Y'),
	(0000049938,00002322,0000002306,'Student','Y'),
	(0000049939,00002322,0000002316,'Student','Y'),
	(0000049940,00002322,0000002729,'Student','Y'),
	(0000049941,00002552,0000001819,'Student','Y'),
	(0000049942,00002553,0000001019,'Student','Y'),
	(0000049943,00002498,0000001915,'Student','Y'),
	(0000049944,00002498,0000001934,'Student','Y'),
	(0000049945,00002498,0000002009,'Student','Y'),
	(0000049946,00002498,0000001992,'Student','Y'),
	(0000049947,00002498,0000001974,'Student','Y'),
	(0000049948,00002498,0000001995,'Student','Y'),
	(0000049949,00002498,0000001983,'Student','Y'),
	(0000049950,00002498,0000001870,'Student','Y'),
	(0000049951,00002498,0000001901,'Student','Y'),
	(0000049952,00002498,0000001914,'Student','Y'),
	(0000049953,00002498,0000001980,'Student','Y'),
	(0000049954,00002498,0000001864,'Student','Y'),
	(0000049955,00002498,0000002006,'Student','Y'),
	(0000049956,00002498,0000001878,'Student','Y'),
	(0000049957,00002498,0000001882,'Student','Y'),
	(0000049958,00002498,0000001897,'Student','Y'),
	(0000049959,00002498,0000002113,'Student','Y'),
	(0000049960,00002498,0000002280,'Student','Y'),
	(0000049961,00002498,0000002327,'Student','Y'),
	(0000049962,00002498,0000002491,'Student','Y'),
	(0000049963,00002498,0000002532,'Student','Y'),
	(0000049964,00002498,0000002495,'Student','Y'),
	(0000049965,00002497,0000002012,'Student','Y'),
	(0000049966,00002497,0000001891,'Student','Y'),
	(0000049967,00002497,0000001888,'Student','Y'),
	(0000049968,00002497,0000001924,'Student','Y'),
	(0000049969,00002497,0000002056,'Student','Y'),
	(0000049970,00002497,0000001977,'Student','Y'),
	(0000049971,00002497,0000001885,'Student','Y'),
	(0000049972,00002497,0000001955,'Student','Y'),
	(0000049973,00002497,0000001986,'Student','Y'),
	(0000049974,00002497,0000002000,'Student','Y'),
	(0000049975,00002497,0000001913,'Student','Y'),
	(0000049976,00002497,0000001898,'Student','Y'),
	(0000049977,00002497,0000002037,'Student','Y'),
	(0000049978,00002497,0000001921,'Student','Y'),
	(0000049979,00002497,0000001918,'Student','Y'),
	(0000049980,00002497,0000001964,'Student','Y'),
	(0000049981,00002497,0000001946,'Student','Y'),
	(0000049982,00002497,0000002135,'Student','Y'),
	(0000049983,00002497,0000002141,'Student','Y'),
	(0000049984,00002497,0000002389,'Student','Y'),
	(0000049985,00002497,0000001937,'Student','Y'),
	(0000049986,00002497,0000002555,'Student','Y'),
	(0000049987,00002499,0000002116,'Student','Y'),
	(0000049988,00002499,0000001928,'Student','Y'),
	(0000049989,00002499,0000001894,'Student','Y'),
	(0000049990,00002499,0000001875,'Student','Y'),
	(0000049991,00002499,0000002093,'Student','Y'),
	(0000049992,00002499,0000001904,'Student','Y'),
	(0000049993,00002499,0000001989,'Student','Y'),
	(0000049994,00002499,0000002019,'Student','Y'),
	(0000049995,00002499,0000002022,'Student','Y'),
	(0000049996,00002499,0000002040,'Student','Y'),
	(0000049997,00002499,0000001911,'Student','Y'),
	(0000049998,00002499,0000001970,'Student','Y'),
	(0000049999,00002499,0000001960,'Student','Y'),
	(0000050000,00002499,0000002029,'Student','Y'),
	(0000050001,00002499,0000001879,'Student','Y'),
	(0000050002,00002499,0000002079,'Student','Y'),
	(0000050003,00002499,0000002076,'Student','Y'),
	(0000050004,00002499,0000002123,'Student','Y'),
	(0000050005,00002499,0000002129,'Student','Y'),
	(0000050006,00002499,0000001931,'Student','Y'),
	(0000050007,00002499,0000002404,'Student','Y'),
	(0000050008,00002499,0000001925,'Student','Y'),
	(0000050009,00002296,0000001593,'Student','Y'),
	(0000050010,00002296,0000001642,'Student','Y'),
	(0000050011,00002296,0000001639,'Student','Y'),
	(0000050012,00002296,0000001744,'Student','Y'),
	(0000050013,00002296,0000001686,'Student','Y'),
	(0000050014,00002296,0000001591,'Student','Y'),
	(0000050015,00002296,0000001600,'Student','Y'),
	(0000050016,00002296,0000001791,'Student','Y'),
	(0000050017,00002296,0000001730,'Student','Y'),
	(0000050018,00002296,0000001761,'Student','Y'),
	(0000050019,00002296,0000001779,'Student','Y'),
	(0000050020,00002296,0000001721,'Student','Y'),
	(0000050021,00002296,0000002097,'Student','Y'),
	(0000050022,00002296,0000002309,'Student','Y'),
	(0000050023,00002296,0000002156,'Student','Y'),
	(0000050024,00002296,0000002719,'Student','Y'),
	(0000050025,00002296,0000002737,'Student','Y'),
	(0000050026,00002295,0000001645,'Student','Y'),
	(0000050027,00002295,0000001677,'Student','Y'),
	(0000050028,00002295,0000001739,'Student','Y'),
	(0000050029,00002295,0000001773,'Student','Y'),
	(0000050030,00002295,0000001627,'Student','Y'),
	(0000050031,00002295,0000001706,'Student','Y'),
	(0000050032,00002295,0000001612,'Student','Y'),
	(0000050033,00002295,0000001735,'Student','Y'),
	(0000050034,00002295,0000001617,'Student','Y'),
	(0000050035,00002295,0000001700,'Student','Y'),
	(0000050036,00002295,0000001828,'Student','Y'),
	(0000050037,00002295,0000001848,'Student','Y'),
	(0000050038,00002295,0000002035,'Student','Y'),
	(0000050039,00002295,0000002087,'Student','Y'),
	(0000050040,00002295,0000002081,'Student','Y'),
	(0000050041,00002295,0000002401,'Student','Y'),
	(0000050042,00002295,0000002488,'Student','Y'),
	(0000050043,00002295,0000002060,'Student','Y'),
	(0000050044,00002295,0000002673,'Student','Y'),
	(0000050045,00002555,0000001858,'Student','Y'),
	(0000050046,00002555,0000001667,'Student','Y'),
	(0000050047,00002555,0000001753,'Student','Y'),
	(0000050048,00002555,0000001713,'Student','Y'),
	(0000050049,00002555,0000001654,'Student','Y'),
	(0000050050,00002555,0000001616,'Student','Y'),
	(0000050051,00002555,0000001609,'Student','Y'),
	(0000050052,00002555,0000001657,'Student','Y'),
	(0000050053,00002555,0000001621,'Student','Y'),
	(0000050054,00002555,0000001628,'Student','Y'),
	(0000050055,00002555,0000001603,'Student','Y'),
	(0000050056,00002555,0000001796,'Student','Y'),
	(0000050057,00002555,0000001831,'Student','Y'),
	(0000050058,00002555,0000002063,'Student','Y'),
	(0000050059,00002555,0000002386,'Student','Y'),
	(0000050060,00002555,0000002441,'Student','Y'),
	(0000050061,00002555,0000002548,'Student','Y'),
	(0000050062,00002555,0000002723,'Student','Y'),
	(0000050063,00002469,0000002299,'Student','Y'),
	(0000050064,00002469,0000002216,'Student','Y'),
	(0000050065,00002469,0000002253,'Student','Y'),
	(0000050066,00002503,0000001878,'Student','Y'),
	(0000050067,00002503,0000001918,'Student','Y'),
	(0000050068,00002503,0000002022,'Student','Y'),
	(0000050069,00002297,0000001667,'Student','Y'),
	(0000050070,00002297,0000001616,'Student','Y'),
	(0000050071,00002323,0000001388,'Student','Y'),
	(0000050072,00002562,0000002212,'Student','Y'),
	(0000050073,00002562,0000002299,'Student','Y'),
	(0000050074,00002562,0000002175,'Student','Y'),
	(0000050075,00002562,0000002330,'Student','Y'),
	(0000050076,00002562,0000002340,'Student','Y'),
	(0000050077,00002562,0000002262,'Student','Y'),
	(0000050078,00002562,0000002296,'Student','Y'),
	(0000050079,00002562,0000002194,'Student','Y'),
	(0000050080,00002562,0000002250,'Student','Y'),
	(0000050081,00002562,0000002293,'Student','Y'),
	(0000050082,00002562,0000002268,'Student','Y'),
	(0000050083,00002562,0000002247,'Student','Y'),
	(0000050084,00002562,0000002200,'Student','Y'),
	(0000050085,00002562,0000002190,'Student','Y'),
	(0000050086,00002562,0000002160,'Student','Y'),
	(0000050087,00002562,0000002420,'Student','Y'),
	(0000050088,00002562,0000002523,'Student','Y'),
	(0000050089,00002562,0000002271,'Student','Y'),
	(0000050090,00002562,0000002514,'Student','Y'),
	(0000050091,00002562,0000002520,'Student','Y'),
	(0000050092,00002564,0000002206,'Student','Y'),
	(0000050093,00002564,0000002253,'Student','Y'),
	(0000050094,00002564,0000002166,'Student','Y'),
	(0000050095,00002564,0000002383,'Student','Y'),
	(0000050096,00002564,0000002333,'Student','Y'),
	(0000050097,00002564,0000002233,'Student','Y'),
	(0000050098,00002564,0000002232,'Student','Y'),
	(0000050099,00002564,0000002374,'Student','Y'),
	(0000050100,00002564,0000002265,'Student','Y'),
	(0000050101,00002564,0000002511,'Student','Y'),
	(0000050102,00002564,0000002501,'Student','Y'),
	(0000050103,00002564,0000002215,'Student','Y'),
	(0000050104,00002564,0000002243,'Student','Y'),
	(0000050105,00002564,0000002203,'Student','Y'),
	(0000050106,00002564,0000002283,'Student','Y'),
	(0000050107,00002563,0000002231,'Student','Y'),
	(0000050108,00002563,0000002169,'Student','Y'),
	(0000050109,00002563,0000002150,'Student','Y'),
	(0000050110,00002563,0000002323,'Student','Y'),
	(0000050111,00002563,0000002395,'Student','Y'),
	(0000050112,00002563,0000002216,'Student','Y'),
	(0000050113,00002563,0000002334,'Student','Y'),
	(0000050114,00002563,0000002239,'Student','Y'),
	(0000050115,00002563,0000002236,'Student','Y'),
	(0000050116,00002563,0000002529,'Student','Y'),
	(0000050117,00002563,0000002517,'Student','Y'),
	(0000050118,00002563,0000002504,'Student','Y'),
	(0000050119,00002561,0000002360,'Student','Y'),
	(0000050120,00002561,0000002364,'Student','Y'),
	(0000050121,00002561,0000002277,'Student','Y'),
	(0000050122,00002561,0000002498,'Student','Y'),
	(0000050123,00002561,0000002348,'Student','Y'),
	(0000050124,00002561,0000002193,'Student','Y'),
	(0000050125,00002561,0000002187,'Student','Y'),
	(0000050126,00002561,0000002302,'Student','Y'),
	(0000050127,00002561,0000002178,'Student','Y'),
	(0000050128,00002561,0000002172,'Student','Y'),
	(0000050129,00002561,0000002319,'Student','Y'),
	(0000050130,00002561,0000002526,'Student','Y'),
	(0000050131,00002561,0000002508,'Student','Y'),
	(0000050132,00002561,0000002505,'Student','Y'),
	(0000050133,00002561,0000002371,'Student','Y'),
	(0000050134,00002561,0000002163,'Student','Y'),
	(0000050135,00002561,0000002535,'Student','Y'),
	(0000050136,00002561,0000002537,'Student','Y'),
	(0000050137,00002561,0000002545,'Student','Y'),
	(0000050138,00002568,0000002129,'Student','Y'),
	(0000050139,00002568,0000002012,'Student','Y'),
	(0000050140,00002568,0000001934,'Student','Y'),
	(0000050141,00002568,0000001875,'Student','Y'),
	(0000050142,00002568,0000001888,'Student','Y'),
	(0000050143,00002568,0000002056,'Student','Y'),
	(0000050144,00002568,0000002019,'Student','Y'),
	(0000050145,00002568,0000001986,'Student','Y'),
	(0000050146,00002568,0000001870,'Student','Y'),
	(0000050147,00002568,0000002022,'Student','Y'),
	(0000050148,00002568,0000001901,'Student','Y'),
	(0000050149,00002568,0000001914,'Student','Y'),
	(0000050150,00002568,0000001864,'Student','Y'),
	(0000050151,00002568,0000002029,'Student','Y'),
	(0000050152,00002568,0000001882,'Student','Y'),
	(0000050153,00002568,0000002389,'Student','Y'),
	(0000050154,00002568,0000001928,'Student','Y'),
	(0000050155,00002568,0000002280,'Student','Y'),
	(0000050156,00002568,0000002404,'Student','Y'),
	(0000050157,00002568,0000002491,'Student','Y'),
	(0000050158,00002565,0000001898,'Student','Y'),
	(0000050159,00002565,0000001921,'Student','Y'),
	(0000050160,00002565,0000001894,'Student','Y'),
	(0000050161,00002565,0000002123,'Student','Y'),
	(0000050162,00002565,0000002009,'Student','Y'),
	(0000050163,00002565,0000001992,'Student','Y'),
	(0000050164,00002565,0000001924,'Student','Y'),
	(0000050165,00002565,0000001995,'Student','Y'),
	(0000050166,00002565,0000001989,'Student','Y'),
	(0000050167,00002565,0000001980,'Student','Y'),
	(0000050168,00002565,0000001925,'Student','Y'),
	(0000050169,00002565,0000002037,'Student','Y'),
	(0000050170,00002565,0000002006,'Student','Y'),
	(0000050171,00002565,0000001918,'Student','Y'),
	(0000050172,00002565,0000001964,'Student','Y'),
	(0000050173,00002565,0000001878,'Student','Y'),
	(0000050174,00002565,0000002135,'Student','Y'),
	(0000050175,00002565,0000001897,'Student','Y'),
	(0000050176,00002565,0000002076,'Student','Y'),
	(0000050177,00002565,0000002555,'Student','Y'),
	(0000050178,00002566,0000002093,'Student','Y'),
	(0000050179,00002566,0000001977,'Student','Y'),
	(0000050180,00002566,0000001974,'Student','Y'),
	(0000050181,00002566,0000001885,'Student','Y'),
	(0000050182,00002566,0000001913,'Student','Y'),
	(0000050183,00002566,0000001937,'Student','Y'),
	(0000050184,00002566,0000002116,'Student','Y'),
	(0000050185,00002566,0000002079,'Student','Y'),
	(0000050186,00002566,0000001946,'Student','Y'),
	(0000050187,00002567,0000001904,'Student','Y'),
	(0000050188,00002567,0000002040,'Student','Y'),
	(0000050189,00002567,0000001911,'Student','Y'),
	(0000050190,00002567,0000001970,'Student','Y'),
	(0000050191,00002567,0000001960,'Student','Y'),
	(0000050192,00002567,0000001879,'Student','Y'),
	(0000050193,00002567,0000001891,'Student','Y'),
	(0000050194,00002567,0000001955,'Student','Y'),
	(0000050195,00002567,0000001905,'Student','Y'),
	(0000050196,00002567,0000001983,'Student','Y'),
	(0000050197,00002567,0000001931,'Student','Y'),
	(0000050198,00002567,0000002141,'Student','Y'),
	(0000050199,00002567,0000001915,'Student','Y'),
	(0000050200,00002567,0000002000,'Student','Y'),
	(0000050201,00002567,0000002327,'Student','Y'),
	(0000050202,00002567,0000002113,'Student','Y'),
	(0000050203,00002567,0000002532,'Student','Y'),
	(0000050204,00002567,0000002495,'Student','Y'),
	(0000050205,00002571,0000002386,'Student','Y'),
	(0000050206,00002571,0000001593,'Student','Y'),
	(0000050207,00002571,0000001744,'Student','Y'),
	(0000050208,00002571,0000001591,'Student','Y'),
	(0000050209,00002571,0000001713,'Student','Y'),
	(0000050210,00002571,0000001753,'Student','Y'),
	(0000050211,00002571,0000001617,'Student','Y'),
	(0000050212,00002571,0000001654,'Student','Y'),
	(0000050213,00002571,0000001612,'Student','Y'),
	(0000050214,00002571,0000001796,'Student','Y'),
	(0000050215,00002571,0000001627,'Student','Y'),
	(0000050216,00002571,0000001616,'Student','Y'),
	(0000050217,00002571,0000001773,'Student','Y'),
	(0000050218,00002571,0000001761,'Student','Y'),
	(0000050219,00002571,0000001739,'Student','Y'),
	(0000050220,00002571,0000001628,'Student','Y'),
	(0000050221,00002571,0000001828,'Student','Y'),
	(0000050222,00002571,0000001779,'Student','Y'),
	(0000050223,00002571,0000001657,'Student','Y'),
	(0000050224,00002571,0000002156,'Student','Y'),
	(0000050225,00002571,0000001603,'Student','Y'),
	(0000050226,00002571,0000002548,'Student','Y'),
	(0000050227,00002571,0000002719,'Student','Y'),
	(0000050228,00002571,0000002723,'Student','Y'),
	(0000050229,00002590,0000002063,'Student','Y'),
	(0000050230,00002590,0000001706,'Student','Y'),
	(0000050231,00002590,0000001645,'Student','Y'),
	(0000050232,00002590,0000001721,'Student','Y'),
	(0000050233,00002590,0000001848,'Student','Y'),
	(0000050234,00002590,0000001858,'Student','Y'),
	(0000050235,00002590,0000001735,'Student','Y'),
	(0000050236,00002590,0000001831,'Student','Y'),
	(0000050237,00002590,0000001609,'Student','Y'),
	(0000050238,00002590,0000001801,'Student','Y'),
	(0000050239,00002590,0000001621,'Student','Y'),
	(0000050240,00002590,0000002401,'Student','Y'),
	(0000050241,00002590,0000002488,'Student','Y'),
	(0000050242,00002572,0000001639,'Student','Y'),
	(0000050243,00002572,0000001642,'Student','Y'),
	(0000050244,00002572,0000002081,'Student','Y'),
	(0000050245,00002572,0000001686,'Student','Y'),
	(0000050246,00002572,0000002033,'Student','Y'),
	(0000050247,00002572,0000002309,'Student','Y'),
	(0000050248,00002572,0000001700,'Student','Y'),
	(0000050249,00002572,0000001600,'Student','Y'),
	(0000050250,00002572,0000001791,'Student','Y'),
	(0000050251,00002572,0000001730,'Student','Y'),
	(0000050252,00002572,0000001667,'Student','Y'),
	(0000050253,00002572,0000002097,'Student','Y'),
	(0000050254,00002572,0000002066,'Student','Y'),
	(0000050255,00002572,0000001677,'Student','Y'),
	(0000050256,00002572,0000002035,'Student','Y'),
	(0000050257,00002572,0000002087,'Student','Y'),
	(0000050258,00002572,0000002060,'Student','Y'),
	(0000050259,00002572,0000002673,'Student','Y'),
	(0000050260,00002572,0000002441,'Student','Y'),
	(0000050261,00002572,0000002737,'Student','Y'),
	(0000050262,00002575,0000001486,'Student','Y'),
	(0000050263,00002575,0000001430,'Student','Y'),
	(0000050264,00002575,0000001367,'Student','Y'),
	(0000050265,00002575,0000001440,'Student','Y'),
	(0000050266,00002575,0000001520,'Student','Y'),
	(0000050267,00002575,0000001845,'Student','Y'),
	(0000050268,00002575,0000002490,'Student','Y'),
	(0000050269,00002575,0000002541,'Student','Y'),
	(0000050270,00002575,0000002407,'Student','Y'),
	(0000050271,00002575,0000000876,'Student','Y'),
	(0000050272,00002576,0000001355,'Student','Y'),
	(0000050273,00002576,0000001410,'Student','Y'),
	(0000050274,00002576,0000001471,'Student','Y'),
	(0000050275,00002576,0000001416,'Student','Y'),
	(0000050276,00002576,0000001393,'Student','Y'),
	(0000050277,00002576,0000001399,'Student','Y'),
	(0000050278,00002576,0000001483,'Student','Y'),
	(0000050279,00002576,0000001631,'Student','Y'),
	(0000050280,00002576,0000001374,'Student','Y'),
	(0000050281,00002576,0000001507,'Student','Y'),
	(0000050282,00002576,0000001388,'Student','Y'),
	(0000050283,00002576,0000001571,'Student','Y'),
	(0000050284,00002576,0000001396,'Student','Y'),
	(0000050285,00002576,0000002286,'Student','Y'),
	(0000050286,00002576,0000002306,'Student','Y'),
	(0000050287,00002576,0000001352,'Student','Y'),
	(0000050288,00002576,0000002316,'Student','Y'),
	(0000050289,00002576,0000002398,'Student','Y'),
	(0000050290,00002576,0000001358,'Student','Y'),
	(0000050291,00002576,0000002357,'Student','Y'),
	(0000050292,00002574,0000001377,'Student','Y'),
	(0000050293,00002574,0000001391,'Student','Y'),
	(0000050294,00002574,0000001424,'Student','Y'),
	(0000050295,00002574,0000001400,'Student','Y'),
	(0000050296,00002574,0000001492,'Student','Y'),
	(0000050297,00002574,0000001403,'Student','Y'),
	(0000050298,00002574,0000001445,'Student','Y'),
	(0000050299,00002574,0000001477,'Student','Y'),
	(0000050300,00002574,0000001538,'Student','Y'),
	(0000050301,00002574,0000001692,'Student','Y'),
	(0000050302,00002574,0000001585,'Student','Y'),
	(0000050303,00002574,0000001427,'Student','Y'),
	(0000050304,00002574,0000002084,'Student','Y'),
	(0000050305,00002574,0000001710,'Student','Y'),
	(0000050306,00002574,0000002380,'Student','Y'),
	(0000050307,00002574,0000002444,'Student','Y'),
	(0000050308,00002574,0000001364,'Student','Y'),
	(0000050309,00002574,0000001465,'Student','Y'),
	(0000050310,00002574,0000001867,'Student','Y'),
	(0000050311,00002574,0000002729,'Student','Y'),
	(0000050312,00002389,0000000905,'Student','Y'),
	(0000050313,00002389,0000000931,'Student','Y'),
	(0000050314,00002389,0000001016,'Student','Y'),
	(0000050315,00002389,0000001022,'Student','Y'),
	(0000050316,00002389,0000000925,'Student','Y'),
	(0000050317,00002389,0000001019,'Student','Y'),
	(0000050318,00002390,0000000928,'Student','Y'),
	(0000050319,00002390,0000000897,'Student','Y'),
	(0000050320,00002390,0000000937,'Student','Y'),
	(0000050321,00002390,0000002392,'Student','Y'),
	(0000050322,00002390,0000001008,'Student','Y'),
	(0000050323,00002390,0000002184,'Student','Y'),
	(0000050324,00002327,0000001352,'Student','Y'),
	(0000050325,00002327,0000001400,'Student','Y'),
	(0000050326,00002327,0000001571,'Student','Y'),
	(0000050327,00002327,0000001396,'Student','Y'),
	(0000050328,00002327,0000001358,'Student','Y'),
	(0000050329,00002327,0000001374,'Student','Y'),
	(0000050330,00002327,0000001471,'Student','Y'),
	(0000050331,00002327,0000001391,'Student','Y'),
	(0000050332,00002327,0000001483,'Student','Y'),
	(0000050333,00002327,0000001388,'Student','Y'),
	(0000050334,00002327,0000002357,'Student','Y'),
	(0000050335,00002327,0000002306,'Student','Y'),
	(0000050336,00002327,0000001845,'Student','Y'),
	(0000050337,00002327,0000001427,'Student','Y'),
	(0000050338,00002327,0000001399,'Student','Y'),
	(0000050339,00002327,0000002407,'Student','Y'),
	(0000050340,00002327,0000002444,'Student','Y'),
	(0000050341,00002391,0000000964,'Student','Y'),
	(0000050342,00002391,0000000934,'Student','Y'),
	(0000050343,00002391,0000001819,'Student','Y'),
	(0000050344,00002391,0000000913,'Student','Y'),
	(0000050345,00002391,0000000922,'Student','Y'),
	(0000050346,00002509,0000001915,'Student','Y'),
	(0000050347,00002509,0000001934,'Student','Y'),
	(0000050348,00002509,0000002009,'Student','Y'),
	(0000050349,00002509,0000001992,'Student','Y'),
	(0000050350,00002509,0000001974,'Student','Y'),
	(0000050351,00002509,0000001995,'Student','Y'),
	(0000050352,00002509,0000001983,'Student','Y'),
	(0000050353,00002509,0000001870,'Student','Y'),
	(0000050354,00002509,0000001901,'Student','Y'),
	(0000050355,00002509,0000001914,'Student','Y'),
	(0000050356,00002509,0000001980,'Student','Y'),
	(0000050357,00002509,0000001864,'Student','Y'),
	(0000050358,00002509,0000002006,'Student','Y'),
	(0000050359,00002509,0000001878,'Student','Y'),
	(0000050360,00002509,0000001882,'Student','Y'),
	(0000050361,00002509,0000001897,'Student','Y'),
	(0000050362,00002509,0000002113,'Student','Y'),
	(0000050363,00002509,0000002280,'Student','Y'),
	(0000050364,00002509,0000002327,'Student','Y'),
	(0000050365,00002509,0000002491,'Student','Y'),
	(0000050366,00002509,0000002532,'Student','Y'),
	(0000050367,00002509,0000002495,'Student','Y'),
	(0000050368,00002508,0000002012,'Student','Y'),
	(0000050369,00002508,0000001891,'Student','Y'),
	(0000050370,00002508,0000001888,'Student','Y'),
	(0000050371,00002508,0000001905,'Student','Y'),
	(0000050372,00002508,0000001924,'Student','Y'),
	(0000050373,00002508,0000002056,'Student','Y'),
	(0000050374,00002508,0000001977,'Student','Y'),
	(0000050375,00002508,0000001885,'Student','Y'),
	(0000050376,00002508,0000001955,'Student','Y'),
	(0000050377,00002508,0000001986,'Student','Y'),
	(0000050378,00002508,0000002000,'Student','Y'),
	(0000050379,00002508,0000001913,'Student','Y'),
	(0000050380,00002508,0000001898,'Student','Y'),
	(0000050381,00002508,0000002037,'Student','Y'),
	(0000050382,00002508,0000001921,'Student','Y'),
	(0000050383,00002508,0000001918,'Student','Y'),
	(0000050384,00002508,0000001964,'Student','Y'),
	(0000050385,00002508,0000001946,'Student','Y'),
	(0000050386,00002508,0000002135,'Student','Y'),
	(0000050387,00002508,0000002141,'Student','Y'),
	(0000050388,00002508,0000002389,'Student','Y'),
	(0000050389,00002508,0000001937,'Student','Y'),
	(0000050390,00002508,0000002555,'Student','Y'),
	(0000050391,00002510,0000002116,'Student','Y'),
	(0000050392,00002510,0000001928,'Student','Y'),
	(0000050393,00002510,0000001894,'Student','Y'),
	(0000050394,00002510,0000001875,'Student','Y'),
	(0000050395,00002510,0000002093,'Student','Y'),
	(0000050396,00002510,0000001904,'Student','Y'),
	(0000050397,00002510,0000001989,'Student','Y'),
	(0000050398,00002510,0000002019,'Student','Y'),
	(0000050399,00002510,0000002022,'Student','Y'),
	(0000050400,00002510,0000002040,'Student','Y'),
	(0000050401,00002510,0000001911,'Student','Y'),
	(0000050402,00002510,0000001970,'Student','Y'),
	(0000050403,00002510,0000001960,'Student','Y'),
	(0000050404,00002510,0000002029,'Student','Y'),
	(0000050405,00002510,0000001879,'Student','Y'),
	(0000050406,00002510,0000002079,'Student','Y'),
	(0000050407,00002510,0000002076,'Student','Y'),
	(0000050408,00002510,0000002123,'Student','Y'),
	(0000050409,00002510,0000002129,'Student','Y'),
	(0000050410,00002510,0000001931,'Student','Y'),
	(0000050411,00002510,0000002404,'Student','Y'),
	(0000050412,00002510,0000001925,'Student','Y'),
	(0000050413,00002303,0000001593,'Student','Y'),
	(0000050414,00002303,0000001642,'Student','Y'),
	(0000050415,00002303,0000001639,'Student','Y'),
	(0000050416,00002303,0000001744,'Student','Y'),
	(0000050417,00002303,0000001686,'Student','Y'),
	(0000050418,00002303,0000001591,'Student','Y'),
	(0000050419,00002303,0000001600,'Student','Y'),
	(0000050420,00002303,0000001791,'Student','Y'),
	(0000050421,00002303,0000001730,'Student','Y'),
	(0000050422,00002303,0000001801,'Student','Y'),
	(0000050423,00002303,0000001761,'Student','Y'),
	(0000050424,00002303,0000001779,'Student','Y'),
	(0000050425,00002303,0000001721,'Student','Y'),
	(0000050426,00002303,0000002033,'Student','Y'),
	(0000050427,00002303,0000002097,'Student','Y'),
	(0000050428,00002303,0000002309,'Student','Y'),
	(0000050429,00002303,0000002156,'Student','Y'),
	(0000050430,00002303,0000002719,'Student','Y'),
	(0000050431,00002303,0000002737,'Student','Y'),
	(0000050432,00002302,0000001645,'Student','Y'),
	(0000050433,00002302,0000001700,'Student','Y'),
	(0000050434,00002302,0000001617,'Student','Y'),
	(0000050435,00002302,0000001735,'Student','Y'),
	(0000050436,00002302,0000001612,'Student','Y'),
	(0000050437,00002302,0000001706,'Student','Y'),
	(0000050438,00002302,0000001627,'Student','Y'),
	(0000050439,00002302,0000001773,'Student','Y'),
	(0000050440,00002302,0000001739,'Student','Y'),
	(0000050441,00002302,0000001677,'Student','Y'),
	(0000050442,00002302,0000001828,'Student','Y'),
	(0000050443,00002302,0000001848,'Student','Y'),
	(0000050444,00002302,0000002035,'Student','Y'),
	(0000050445,00002302,0000002066,'Student','Y'),
	(0000050446,00002302,0000002087,'Student','Y'),
	(0000050447,00002302,0000002081,'Student','Y'),
	(0000050448,00002302,0000002401,'Student','Y'),
	(0000050449,00002302,0000002488,'Student','Y'),
	(0000050450,00002302,0000002060,'Student','Y'),
	(0000050451,00002302,0000002673,'Student','Y'),
	(0000050452,00002581,0000001858,'Student','Y'),
	(0000050453,00002581,0000001796,'Student','Y'),
	(0000050454,00002581,0000001667,'Student','Y'),
	(0000050455,00002581,0000001753,'Student','Y'),
	(0000050456,00002581,0000001713,'Student','Y'),
	(0000050457,00002581,0000001654,'Student','Y'),
	(0000050458,00002581,0000001616,'Student','Y'),
	(0000050459,00002581,0000001609,'Student','Y'),
	(0000050460,00002581,0000001657,'Student','Y'),
	(0000050461,00002581,0000001621,'Student','Y'),
	(0000050462,00002581,0000001628,'Student','Y'),
	(0000050463,00002581,0000001603,'Student','Y'),
	(0000050464,00002581,0000001831,'Student','Y'),
	(0000050465,00002581,0000002063,'Student','Y'),
	(0000050466,00002581,0000002386,'Student','Y'),
	(0000050467,00002581,0000002441,'Student','Y'),
	(0000050468,00002581,0000002548,'Student','Y'),
	(0000050469,00002581,0000002723,'Student','Y'),
	(0000050508,00002358,0000001276,'Student','Y'),
	(0000050509,00002358,0000001275,'Student','Y'),
	(0000050510,00002358,0000001251,'Student','Y'),
	(0000050511,00002358,0000001163,'Student','Y'),
	(0000050512,00002358,0000001226,'Student','Y'),
	(0000050513,00002358,0000001222,'Student','Y'),
	(0000050514,00002358,0000001182,'Student','Y'),
	(0000050515,00002358,0000001166,'Student','Y'),
	(0000050516,00002358,0000001178,'Student','Y'),
	(0000050517,00002358,0000001263,'Student','Y'),
	(0000050518,00002358,0000001214,'Student','Y'),
	(0000050519,00002358,0000001204,'Student','Y'),
	(0000050520,00002358,0000001245,'Student','Y'),
	(0000050521,00002358,0000001200,'Student','Y'),
	(0000050522,00002358,0000001680,'Student','Y'),
	(0000050523,00002358,0000001193,'Student','Y'),
	(0000050524,00002358,0000001154,'Student','Y'),
	(0000050525,00002358,0000001259,'Student','Y'),
	(0000050526,00002358,0000001233,'Student','Y'),
	(0000050527,00002358,0000002109,'Student','Y'),
	(0000050528,00002358,0000002100,'Student','Y'),
	(0000050529,00002357,0000001548,'Student','Y'),
	(0000050530,00002357,0000001814,'Student','Y'),
	(0000050531,00002357,0000001254,'Student','Y'),
	(0000050532,00002357,0000001528,'Student','Y'),
	(0000050533,00002357,0000001201,'Student','Y'),
	(0000050534,00002357,0000002090,'Student','Y'),
	(0000050535,00002357,0000001157,'Student','Y'),
	(0000050536,00002357,0000001236,'Student','Y'),
	(0000050537,00002357,0000001257,'Student','Y'),
	(0000050538,00002357,0000001191,'Student','Y'),
	(0000050539,00002357,0000001160,'Student','Y'),
	(0000050540,00002357,0000001207,'Student','Y'),
	(0000050541,00002357,0000001242,'Student','Y'),
	(0000050542,00002357,0000001179,'Student','Y'),
	(0000050543,00002357,0000002120,'Student','Y'),
	(0000050544,00002357,0000002103,'Student','Y'),
	(0000050545,00002357,0000002138,'Student','Y'),
	(0000050546,00002357,0000002145,'Student','Y'),
	(0000050547,00002393,0000000922,'Student','Y'),
	(0000050548,00002393,0000001008,'Student','Y'),
	(0000050549,00002393,0000000934,'Student','Y'),
	(0000050550,00002393,0000000931,'Student','Y'),
	(0000050551,00002393,0000000913,'Student','Y'),
	(0000050552,00002393,0000000925,'Student','Y'),
	(0000050553,00002393,0000000905,'Student','Y'),
	(0000050554,00002393,0000001016,'Student','Y'),
	(0000050555,00002394,0000000931,'Student','Y'),
	(0000050556,00002395,0000000905,'Student','Y'),
	(0000050557,00002395,0000000931,'Student','Y'),
	(0000050558,00002395,0000001016,'Student','Y'),
	(0000050559,00002395,0000001022,'Student','Y'),
	(0000050560,00002395,0000001019,'Student','Y'),
	(0000050561,00002392,0000002184,'Student','Y'),
	(0000050562,00002396,0000000928,'Student','Y'),
	(0000050563,00002396,0000000922,'Student','Y'),
	(0000050564,00002396,0000000925,'Student','Y'),
	(0000050565,00002396,0000000897,'Student','Y'),
	(0000050566,00002396,0000000913,'Student','Y'),
	(0000050567,00002396,0000000934,'Student','Y'),
	(0000050568,00002396,0000000937,'Student','Y'),
	(0000050569,00002396,0000001819,'Student','Y'),
	(0000050570,00002396,0000002392,'Student','Y'),
	(0000050571,00002396,0000000876,'Student','Y'),
	(0000050572,00002396,0000000964,'Student','Y'),
	(0000050573,00002512,0000001915,'Student','Y'),
	(0000050574,00002512,0000001934,'Student','Y'),
	(0000050575,00002512,0000002009,'Student','Y'),
	(0000050576,00002512,0000001992,'Student','Y'),
	(0000050577,00002512,0000001974,'Student','Y'),
	(0000050578,00002512,0000001995,'Student','Y'),
	(0000050579,00002512,0000001983,'Student','Y'),
	(0000050580,00002512,0000001870,'Student','Y'),
	(0000050581,00002512,0000001901,'Student','Y'),
	(0000050582,00002512,0000001914,'Student','Y'),
	(0000050583,00002512,0000001980,'Student','Y'),
	(0000050584,00002512,0000001864,'Student','Y'),
	(0000050585,00002512,0000002006,'Student','Y'),
	(0000050586,00002512,0000001878,'Student','Y'),
	(0000050587,00002512,0000001882,'Student','Y'),
	(0000050588,00002512,0000001897,'Student','Y'),
	(0000050589,00002512,0000002113,'Student','Y'),
	(0000050590,00002512,0000002280,'Student','Y'),
	(0000050591,00002512,0000002327,'Student','Y'),
	(0000050592,00002512,0000002491,'Student','Y'),
	(0000050593,00002512,0000002532,'Student','Y'),
	(0000050594,00002512,0000002495,'Student','Y'),
	(0000050595,00002511,0000002012,'Student','Y'),
	(0000050596,00002511,0000001891,'Student','Y'),
	(0000050597,00002511,0000001888,'Student','Y'),
	(0000050598,00002511,0000001905,'Student','Y'),
	(0000050599,00002511,0000001924,'Student','Y'),
	(0000050600,00002511,0000002056,'Student','Y'),
	(0000050601,00002511,0000001977,'Student','Y'),
	(0000050602,00002511,0000001885,'Student','Y'),
	(0000050603,00002511,0000001955,'Student','Y'),
	(0000050604,00002511,0000001986,'Student','Y'),
	(0000050605,00002511,0000002000,'Student','Y'),
	(0000050606,00002511,0000001913,'Student','Y'),
	(0000050607,00002511,0000001898,'Student','Y'),
	(0000050608,00002511,0000002037,'Student','Y'),
	(0000050609,00002511,0000001921,'Student','Y'),
	(0000050610,00002511,0000001918,'Student','Y'),
	(0000050611,00002511,0000001964,'Student','Y'),
	(0000050612,00002511,0000001946,'Student','Y'),
	(0000050613,00002511,0000002135,'Student','Y'),
	(0000050614,00002511,0000002141,'Student','Y'),
	(0000050615,00002511,0000002389,'Student','Y'),
	(0000050616,00002511,0000001937,'Student','Y'),
	(0000050617,00002511,0000002555,'Student','Y'),
	(0000050618,00002513,0000002116,'Student','Y'),
	(0000050619,00002513,0000001928,'Student','Y'),
	(0000050620,00002513,0000001894,'Student','Y'),
	(0000050621,00002513,0000001875,'Student','Y'),
	(0000050622,00002513,0000002093,'Student','Y'),
	(0000050623,00002513,0000001904,'Student','Y'),
	(0000050624,00002513,0000001989,'Student','Y'),
	(0000050625,00002513,0000002019,'Student','Y'),
	(0000050626,00002513,0000002022,'Student','Y'),
	(0000050627,00002513,0000002040,'Student','Y'),
	(0000050628,00002513,0000001911,'Student','Y'),
	(0000050629,00002513,0000001970,'Student','Y'),
	(0000050630,00002513,0000001960,'Student','Y'),
	(0000050631,00002513,0000002029,'Student','Y'),
	(0000050632,00002513,0000001879,'Student','Y'),
	(0000050633,00002513,0000002079,'Student','Y'),
	(0000050634,00002513,0000002076,'Student','Y'),
	(0000050635,00002513,0000002123,'Student','Y'),
	(0000050636,00002513,0000002129,'Student','Y'),
	(0000050637,00002513,0000001931,'Student','Y'),
	(0000050638,00002513,0000002404,'Student','Y'),
	(0000050639,00002513,0000001925,'Student','Y'),
	(0000050640,00002305,0000001593,'Student','Y'),
	(0000050641,00002305,0000001642,'Student','Y'),
	(0000050642,00002305,0000001639,'Student','Y'),
	(0000050643,00002305,0000001744,'Student','Y'),
	(0000050644,00002305,0000001686,'Student','Y'),
	(0000050645,00002305,0000001591,'Student','Y'),
	(0000050646,00002305,0000001600,'Student','Y'),
	(0000050647,00002305,0000001791,'Student','Y'),
	(0000050648,00002305,0000001730,'Student','Y'),
	(0000050649,00002305,0000001801,'Student','Y'),
	(0000050650,00002305,0000001761,'Student','Y'),
	(0000050651,00002305,0000001779,'Student','Y'),
	(0000050652,00002305,0000001721,'Student','Y'),
	(0000050653,00002305,0000002033,'Student','Y'),
	(0000050654,00002305,0000002097,'Student','Y'),
	(0000050655,00002305,0000002309,'Student','Y'),
	(0000050656,00002305,0000002156,'Student','Y'),
	(0000050657,00002305,0000002719,'Student','Y'),
	(0000050658,00002305,0000002737,'Student','Y'),
	(0000050659,00002304,0000001645,'Student','Y'),
	(0000050660,00002304,0000001700,'Student','Y'),
	(0000050661,00002304,0000001617,'Student','Y'),
	(0000050662,00002304,0000001735,'Student','Y'),
	(0000050663,00002304,0000001612,'Student','Y'),
	(0000050664,00002304,0000001706,'Student','Y'),
	(0000050665,00002304,0000001627,'Student','Y'),
	(0000050666,00002304,0000001773,'Student','Y'),
	(0000050667,00002304,0000001739,'Student','Y'),
	(0000050668,00002304,0000001677,'Student','Y'),
	(0000050669,00002304,0000001828,'Student','Y'),
	(0000050670,00002304,0000001848,'Student','Y'),
	(0000050671,00002304,0000002035,'Student','Y'),
	(0000050672,00002304,0000002066,'Student','Y'),
	(0000050673,00002304,0000002087,'Student','Y'),
	(0000050674,00002304,0000002081,'Student','Y'),
	(0000050675,00002304,0000002401,'Student','Y'),
	(0000050676,00002304,0000002488,'Student','Y'),
	(0000050677,00002304,0000002060,'Student','Y'),
	(0000050678,00002304,0000002673,'Student','Y'),
	(0000050679,00002584,0000001858,'Student','Y'),
	(0000050680,00002584,0000001796,'Student','Y'),
	(0000050681,00002584,0000001667,'Student','Y'),
	(0000050682,00002584,0000001753,'Student','Y'),
	(0000050683,00002584,0000001713,'Student','Y'),
	(0000050684,00002584,0000001654,'Student','Y'),
	(0000050685,00002584,0000001616,'Student','Y'),
	(0000050686,00002584,0000001609,'Student','Y'),
	(0000050687,00002584,0000001657,'Student','Y'),
	(0000050688,00002584,0000001621,'Student','Y'),
	(0000050689,00002584,0000001628,'Student','Y'),
	(0000050690,00002584,0000001603,'Student','Y'),
	(0000050691,00002584,0000001831,'Student','Y'),
	(0000050692,00002584,0000002063,'Student','Y'),
	(0000050693,00002584,0000002386,'Student','Y'),
	(0000050694,00002584,0000002441,'Student','Y'),
	(0000050695,00002584,0000002548,'Student','Y'),
	(0000050696,00002584,0000002723,'Student','Y'),
	(0000050734,00002480,0000002163,'Student','Y'),
	(0000050735,00002480,0000002360,'Student','Y'),
	(0000050736,00002480,0000002247,'Student','Y'),
	(0000050737,00002480,0000002200,'Student','Y'),
	(0000050738,00002480,0000002203,'Student','Y'),
	(0000050739,00002480,0000002296,'Student','Y'),
	(0000050740,00002480,0000002271,'Student','Y'),
	(0000050741,00002480,0000002231,'Student','Y'),
	(0000050742,00002480,0000002265,'Student','Y'),
	(0000050743,00002480,0000002364,'Student','Y'),
	(0000050744,00002480,0000002374,'Student','Y'),
	(0000050745,00002480,0000002529,'Student','Y'),
	(0000050746,00002480,0000002511,'Student','Y'),
	(0000050747,00002480,0000002523,'Student','Y'),
	(0000050748,00002514,0000002123,'Student','Y'),
	(0000050749,00002514,0000002019,'Student','Y'),
	(0000050750,00002514,0000001882,'Student','Y'),
	(0000050751,00002514,0000001937,'Student','Y'),
	(0000050752,00002514,0000001960,'Student','Y'),
	(0000050753,00002514,0000002076,'Student','Y'),
	(0000050754,00002514,0000002006,'Student','Y'),
	(0000050755,00002514,0000001986,'Student','Y'),
	(0000050756,00002307,0000001858,'Student','Y'),
	(0000050757,00002307,0000001686,'Student','Y'),
	(0000050758,00002307,0000001730,'Student','Y'),
	(0000050759,00002307,0000001627,'Student','Y'),
	(0000050760,00002307,0000001831,'Student','Y'),
	(0000050761,00002307,0000002087,'Student','Y'),
	(0000050762,00002307,0000002060,'Student','Y'),
	(0000050763,00002332,0000001692,'Student','Y'),
	(0000050764,00002332,0000001710,'Student','Y'),
	(0000050765,00002332,0000001471,'Student','Y'),
	(0000050766,00002332,0000001399,'Student','Y'),
	(0000050767,00002332,0000001374,'Student','Y'),
	(0000050768,00002332,0000001416,'Student','Y'),
	(0000050769,00002399,0000002184,'Student','Y'),
	(0000050770,00002585,0000001022,'Student','Y'),
	(0000050771,00002585,0000002184,'Student','Y'),
	(0000050772,00002400,0000000614,'Student','Y'),
	(0000050773,00002400,0000000640,'Student','Y'),
	(0000050774,00002400,0000000649,'Student','Y'),
	(0000050775,00002400,0000001514,'Student','Y'),
	(0000050776,00002400,0000000934,'Student','Y'),
	(0000050777,00002401,0000000678,'Student','Y'),
	(0000050778,00002401,0000001066,'Student','Y'),
	(0000050779,00002401,0000000681,'Student','Y'),
	(0000050780,00002401,0000000614,'Student','Y'),
	(0000050781,00002401,0000000640,'Student','Y'),
	(0000050782,00002401,0000000649,'Student','Y'),
	(0000050783,00002401,0000001514,'Student','Y'),
	(0000050784,00002401,0000000934,'Student','Y'),
	(0000050785,00002402,0000000905,'Student','Y'),
	(0000050786,00002402,0000000928,'Student','Y'),
	(0000050787,00002402,0000000931,'Student','Y'),
	(0000050788,00002402,0000000876,'Student','Y'),
	(0000050789,00002402,0000001016,'Student','Y'),
	(0000050790,00002402,0000001022,'Student','Y'),
	(0000050791,00002402,0000000922,'Student','Y'),
	(0000050792,00002402,0000000925,'Student','Y'),
	(0000050793,00002402,0000000964,'Student','Y'),
	(0000050794,00002402,0000002184,'Student','Y'),
	(0000050795,00002402,0000000897,'Student','Y'),
	(0000050796,00002402,0000001819,'Student','Y'),
	(0000050797,00002402,0000001008,'Student','Y'),
	(0000050798,00002402,0000000937,'Student','Y'),
	(0000050799,00002402,0000002392,'Student','Y'),
	(0000050800,00002402,0000001019,'Student','Y'),
	(0000050801,00002402,0000000934,'Student','Y'),
	(0000050802,00002402,0000000913,'Student','Y'),
	(0000050803,00002319,0000001424,'Student','Y'),
	(0000050804,00002331,0000001424,'Student','Y'),
	(0000050806,00002319,0000001520,'Student','Y'),
	(0000050807,00002331,0000001520,'Student','Y'),
	(0000050809,00002319,0000001471,'Student','Y'),
	(0000050810,00002331,0000001471,'Student','Y'),
	(0000050812,00002319,0000001538,'Student','Y'),
	(0000050813,00002331,0000001538,'Student','Y'),
	(0000050815,00002319,0000001358,'Student','Y'),
	(0000050816,00002331,0000001358,'Student','Y'),
	(0000050818,00002319,0000001352,'Student','Y'),
	(0000050819,00002331,0000001352,'Student','Y'),
	(0000050821,00002319,0000001486,'Student','Y'),
	(0000050822,00002331,0000001486,'Student','Y'),
	(0000050824,00002319,0000001393,'Student','Y'),
	(0000050825,00002331,0000001393,'Student','Y'),
	(0000050827,00002319,0000001367,'Student','Y'),
	(0000050828,00002331,0000001367,'Student','Y'),
	(0000050830,00002319,0000001845,'Student','Y'),
	(0000050831,00002331,0000001845,'Student','Y'),
	(0000050833,00002319,0000002357,'Student','Y'),
	(0000050834,00002331,0000002357,'Student','Y'),
	(0000050836,00002319,0000001355,'Student','Y'),
	(0000050837,00002331,0000001355,'Student','Y'),
	(0000050839,00002319,0000002407,'Student','Y'),
	(0000050840,00002331,0000002407,'Student','Y'),
	(0000050842,00002319,0000001465,'Student','Y'),
	(0000050843,00002331,0000001465,'Student','Y'),
	(0000050845,00002319,0000001692,'Student','Y'),
	(0000050846,00002331,0000001692,'Student','Y'),
	(0000050848,00002319,0000001416,'Student','Y'),
	(0000050849,00002331,0000001416,'Student','Y'),
	(0000050851,00002320,0000001427,'Student','Y'),
	(0000050852,00002330,0000001427,'Student','Y'),
	(0000050854,00002320,0000001430,'Student','Y'),
	(0000050855,00002330,0000001430,'Student','Y'),
	(0000050857,00002320,0000001440,'Student','Y'),
	(0000050858,00002330,0000001440,'Student','Y'),
	(0000050860,00002320,0000001492,'Student','Y'),
	(0000050861,00002330,0000001492,'Student','Y'),
	(0000050863,00002320,0000001391,'Student','Y'),
	(0000050864,00002330,0000001391,'Student','Y'),
	(0000050866,00002320,0000001477,'Student','Y'),
	(0000050867,00002330,0000001477,'Student','Y'),
	(0000050869,00002320,0000001585,'Student','Y'),
	(0000050870,00002330,0000001585,'Student','Y'),
	(0000050872,00002320,0000001377,'Student','Y'),
	(0000050873,00002330,0000001377,'Student','Y'),
	(0000050875,00002320,0000002444,'Student','Y'),
	(0000050876,00002330,0000002444,'Student','Y'),
	(0000050878,00002320,0000002490,'Student','Y'),
	(0000050879,00002330,0000002490,'Student','Y'),
	(0000050881,00002320,0000001410,'Student','Y'),
	(0000050882,00002330,0000001410,'Student','Y'),
	(0000050884,00002320,0000002316,'Student','Y'),
	(0000050885,00002330,0000002316,'Student','Y'),
	(0000050887,00002320,0000002306,'Student','Y'),
	(0000050888,00002330,0000002306,'Student','Y'),
	(0000050890,00002320,0000001374,'Student','Y'),
	(0000050891,00002330,0000001374,'Student','Y'),
	(0000050893,00002320,0000002286,'Student','Y'),
	(0000050894,00002330,0000002286,'Student','Y'),
	(0000050896,00002320,0000002084,'Student','Y'),
	(0000050897,00002330,0000002084,'Student','Y'),
	(0000050899,00002328,0000001424,'Student','Y'),
	(0000050900,00002328,0000001520,'Student','Y'),
	(0000050901,00002328,0000001471,'Student','Y'),
	(0000050902,00002328,0000001538,'Student','Y'),
	(0000050903,00002328,0000001358,'Student','Y'),
	(0000050904,00002328,0000001352,'Student','Y'),
	(0000050905,00002328,0000001486,'Student','Y'),
	(0000050906,00002328,0000001393,'Student','Y'),
	(0000050907,00002328,0000001367,'Student','Y'),
	(0000050908,00002328,0000001845,'Student','Y'),
	(0000050909,00002328,0000002357,'Student','Y'),
	(0000050910,00002328,0000001355,'Student','Y'),
	(0000050911,00002328,0000002407,'Student','Y'),
	(0000050912,00002328,0000001465,'Student','Y'),
	(0000050913,00002328,0000001692,'Student','Y'),
	(0000050914,00002328,0000001416,'Student','Y'),
	(0000050915,00002329,0000001427,'Student','Y'),
	(0000050916,00002329,0000001430,'Student','Y'),
	(0000050917,00002329,0000001440,'Student','Y'),
	(0000050918,00002329,0000001492,'Student','Y'),
	(0000050919,00002329,0000001391,'Student','Y'),
	(0000050920,00002329,0000001477,'Student','Y'),
	(0000050921,00002329,0000001585,'Student','Y'),
	(0000050922,00002329,0000001377,'Student','Y'),
	(0000050923,00002329,0000002444,'Student','Y'),
	(0000050924,00002329,0000002490,'Student','Y'),
	(0000050925,00002329,0000001410,'Student','Y'),
	(0000050926,00002329,0000002316,'Student','Y'),
	(0000050927,00002329,0000002306,'Student','Y'),
	(0000050928,00002329,0000001374,'Student','Y'),
	(0000050929,00002329,0000002286,'Student','Y'),
	(0000050930,00002329,0000002084,'Student','Y'),
	(0000050933,00002285,0000002347,'Teacher','Y'),
	(0000050934,00002282,0000000140,'Teacher','Y'),
	(0000050935,00002409,0000002469,'Student','Y'),
	(0000050936,00002412,0000002469,'Student','Y'),
	(0000050937,00002423,0000002469,'Student','Y'),
	(0000050938,00002426,0000002469,'Student','Y'),
	(0000050939,00002429,0000002469,'Student','Y'),
	(0000050940,00002437,0000002469,'Student','Y'),
	(0000050941,00002440,0000002469,'Student','Y'),
	(0000050942,00002526,0000002469,'Student','Y'),
	(0000050950,00002409,0000002695,'Student','Y'),
	(0000050951,00002412,0000002695,'Student','Y'),
	(0000050952,00002423,0000002695,'Student','Y'),
	(0000050953,00002426,0000002695,'Student','Y'),
	(0000050954,00002429,0000002695,'Student','Y'),
	(0000050955,00002437,0000002695,'Student','Y'),
	(0000050956,00002440,0000002695,'Student','Y'),
	(0000050957,00002526,0000002695,'Student','Y'),
	(0000050965,00002409,0000002450,'Student','Y'),
	(0000050966,00002412,0000002450,'Student','Y'),
	(0000050967,00002423,0000002450,'Student','Y'),
	(0000050968,00002426,0000002450,'Student','Y'),
	(0000050969,00002429,0000002450,'Student','Y'),
	(0000050970,00002437,0000002450,'Student','Y'),
	(0000050971,00002440,0000002450,'Student','Y'),
	(0000050972,00002526,0000002450,'Student','Y'),
	(0000050980,00002409,0000002459,'Student','Y'),
	(0000050981,00002412,0000002459,'Student','Y'),
	(0000050982,00002423,0000002459,'Student','Y'),
	(0000050983,00002426,0000002459,'Student','Y'),
	(0000050984,00002429,0000002459,'Student','Y'),
	(0000050985,00002437,0000002459,'Student','Y'),
	(0000050986,00002440,0000002459,'Student','Y'),
	(0000050987,00002526,0000002459,'Student','Y'),
	(0000050995,00002409,0000002611,'Student','Y'),
	(0000050996,00002412,0000002611,'Student','Y'),
	(0000050997,00002423,0000002611,'Student','Y'),
	(0000050998,00002426,0000002611,'Student','Y'),
	(0000050999,00002429,0000002611,'Student','Y'),
	(0000051000,00002437,0000002611,'Student','Y'),
	(0000051001,00002440,0000002611,'Student','Y'),
	(0000051002,00002526,0000002611,'Student','Y'),
	(0000051010,00002409,0000002679,'Student','Y'),
	(0000051011,00002412,0000002679,'Student','Y'),
	(0000051012,00002423,0000002679,'Student','Y'),
	(0000051013,00002426,0000002679,'Student','Y'),
	(0000051014,00002429,0000002679,'Student','Y'),
	(0000051015,00002437,0000002679,'Student','Y'),
	(0000051016,00002440,0000002679,'Student','Y'),
	(0000051017,00002526,0000002679,'Student','Y'),
	(0000051025,00002409,0000002447,'Student','Y'),
	(0000051026,00002412,0000002447,'Student','Y'),
	(0000051027,00002423,0000002447,'Student','Y'),
	(0000051028,00002426,0000002447,'Student','Y'),
	(0000051029,00002429,0000002447,'Student','Y'),
	(0000051030,00002437,0000002447,'Student','Y'),
	(0000051031,00002440,0000002447,'Student','Y'),
	(0000051032,00002526,0000002447,'Student','Y'),
	(0000051040,00002409,0000002683,'Student','Y'),
	(0000051041,00002412,0000002683,'Student','Y'),
	(0000051042,00002423,0000002683,'Student','Y'),
	(0000051043,00002426,0000002683,'Student','Y'),
	(0000051044,00002429,0000002683,'Student','Y'),
	(0000051045,00002437,0000002683,'Student','Y'),
	(0000051046,00002440,0000002683,'Student','Y'),
	(0000051047,00002526,0000002683,'Student','Y'),
	(0000051055,00002409,0000002760,'Student','Y'),
	(0000051056,00002412,0000002760,'Student','Y'),
	(0000051057,00002423,0000002760,'Student','Y'),
	(0000051058,00002426,0000002760,'Student','Y'),
	(0000051059,00002429,0000002760,'Student','Y'),
	(0000051060,00002437,0000002760,'Student','Y'),
	(0000051061,00002440,0000002760,'Student','Y'),
	(0000051062,00002526,0000002760,'Student','Y'),
	(0000051070,00002409,0000002614,'Student','Y'),
	(0000051071,00002412,0000002614,'Student','Y'),
	(0000051072,00002423,0000002614,'Student','Y'),
	(0000051073,00002426,0000002614,'Student','Y'),
	(0000051074,00002429,0000002614,'Student','Y'),
	(0000051075,00002437,0000002614,'Student','Y'),
	(0000051076,00002440,0000002614,'Student','Y'),
	(0000051077,00002526,0000002614,'Student','Y'),
	(0000051085,00002409,0000002485,'Student','Y'),
	(0000051086,00002412,0000002485,'Student','Y'),
	(0000051087,00002423,0000002485,'Student','Y'),
	(0000051088,00002426,0000002485,'Student','Y'),
	(0000051089,00002429,0000002485,'Student','Y'),
	(0000051090,00002437,0000002485,'Student','Y'),
	(0000051091,00002440,0000002485,'Student','Y'),
	(0000051092,00002526,0000002485,'Student','Y'),
	(0000051100,00002409,0000002472,'Student','Y'),
	(0000051101,00002412,0000002472,'Student','Y'),
	(0000051102,00002423,0000002472,'Student','Y'),
	(0000051103,00002426,0000002472,'Student','Y'),
	(0000051104,00002429,0000002472,'Student','Y'),
	(0000051105,00002437,0000002472,'Student','Y'),
	(0000051106,00002440,0000002472,'Student','Y'),
	(0000051107,00002526,0000002472,'Student','Y'),
	(0000051115,00002409,0000002610,'Student','Y'),
	(0000051116,00002412,0000002610,'Student','Y'),
	(0000051117,00002423,0000002610,'Student','Y'),
	(0000051118,00002426,0000002610,'Student','Y'),
	(0000051119,00002429,0000002610,'Student','Y'),
	(0000051120,00002437,0000002610,'Student','Y'),
	(0000051121,00002440,0000002610,'Student','Y'),
	(0000051122,00002526,0000002610,'Student','Y'),
	(0000051130,00002409,0000002636,'Student','Y'),
	(0000051131,00002412,0000002636,'Student','Y'),
	(0000051132,00002423,0000002636,'Student','Y'),
	(0000051133,00002426,0000002636,'Student','Y'),
	(0000051134,00002429,0000002636,'Student','Y'),
	(0000051135,00002437,0000002636,'Student','Y'),
	(0000051136,00002440,0000002636,'Student','Y'),
	(0000051137,00002526,0000002636,'Student','Y'),
	(0000051145,00002409,0000002627,'Student','Y'),
	(0000051146,00002412,0000002627,'Student','Y'),
	(0000051147,00002423,0000002627,'Student','Y'),
	(0000051148,00002426,0000002627,'Student','Y'),
	(0000051149,00002429,0000002627,'Student','Y'),
	(0000051150,00002437,0000002627,'Student','Y'),
	(0000051151,00002440,0000002627,'Student','Y'),
	(0000051152,00002526,0000002627,'Student','Y'),
	(0000051160,00002409,0000002754,'Student','Y'),
	(0000051161,00002412,0000002754,'Student','Y'),
	(0000051162,00002423,0000002754,'Student','Y'),
	(0000051163,00002426,0000002754,'Student','Y'),
	(0000051164,00002429,0000002754,'Student','Y'),
	(0000051165,00002437,0000002754,'Student','Y'),
	(0000051166,00002440,0000002754,'Student','Y'),
	(0000051167,00002526,0000002754,'Student','Y'),
	(0000051175,00002409,0000002615,'Student','Y'),
	(0000051176,00002412,0000002615,'Student','Y'),
	(0000051177,00002423,0000002615,'Student','Y'),
	(0000051178,00002426,0000002615,'Student','Y'),
	(0000051179,00002429,0000002615,'Student','Y'),
	(0000051180,00002437,0000002615,'Student','Y'),
	(0000051181,00002440,0000002615,'Student','Y'),
	(0000051182,00002526,0000002615,'Student','Y'),
	(0000051190,00002409,0000002601,'Student','Y'),
	(0000051191,00002412,0000002601,'Student','Y'),
	(0000051192,00002423,0000002601,'Student','Y'),
	(0000051193,00002426,0000002601,'Student','Y'),
	(0000051194,00002429,0000002601,'Student','Y'),
	(0000051195,00002437,0000002601,'Student','Y'),
	(0000051196,00002440,0000002601,'Student','Y'),
	(0000051197,00002526,0000002601,'Student','Y'),
	(0000051205,00002409,0000002746,'Student','Y'),
	(0000051206,00002412,0000002746,'Student','Y'),
	(0000051207,00002423,0000002746,'Student','Y'),
	(0000051208,00002426,0000002746,'Student','Y'),
	(0000051209,00002429,0000002746,'Student','Y'),
	(0000051210,00002437,0000002746,'Student','Y'),
	(0000051211,00002440,0000002746,'Student','Y'),
	(0000051212,00002526,0000002746,'Student','Y'),
	(0000051220,00002409,0000002482,'Student','Y'),
	(0000051221,00002412,0000002482,'Student','Y'),
	(0000051222,00002423,0000002482,'Student','Y'),
	(0000051223,00002426,0000002482,'Student','Y'),
	(0000051224,00002429,0000002482,'Student','Y'),
	(0000051225,00002437,0000002482,'Student','Y'),
	(0000051226,00002440,0000002482,'Student','Y'),
	(0000051227,00002526,0000002482,'Student','Y'),
	(0000051235,00002409,0000002715,'Student','Y'),
	(0000051236,00002412,0000002715,'Student','Y'),
	(0000051237,00002423,0000002715,'Student','Y'),
	(0000051238,00002426,0000002715,'Student','Y'),
	(0000051239,00002429,0000002715,'Student','Y'),
	(0000051240,00002437,0000002715,'Student','Y'),
	(0000051241,00002440,0000002715,'Student','Y'),
	(0000051242,00002526,0000002715,'Student','Y'),
	(0000051250,00002408,0000002430,'Student','Y'),
	(0000051251,00002411,0000002430,'Student','Y'),
	(0000051252,00002422,0000002430,'Student','Y'),
	(0000051253,00002425,0000002430,'Student','Y'),
	(0000051254,00002428,0000002430,'Student','Y'),
	(0000051255,00002436,0000002430,'Student','Y'),
	(0000051256,00002439,0000002430,'Student','Y'),
	(0000051257,00002529,0000002430,'Student','Y'),
	(0000051295,00002408,0000002630,'Student','Y'),
	(0000051296,00002411,0000002630,'Student','Y'),
	(0000051297,00002422,0000002630,'Student','Y'),
	(0000051298,00002425,0000002630,'Student','Y'),
	(0000051299,00002428,0000002630,'Student','Y'),
	(0000051300,00002436,0000002630,'Student','Y'),
	(0000051301,00002439,0000002630,'Student','Y'),
	(0000051302,00002529,0000002630,'Student','Y'),
	(0000051310,00002408,0000002657,'Student','Y'),
	(0000051311,00002411,0000002657,'Student','Y'),
	(0000051312,00002422,0000002657,'Student','Y'),
	(0000051313,00002425,0000002657,'Student','Y'),
	(0000051314,00002428,0000002657,'Student','Y'),
	(0000051315,00002436,0000002657,'Student','Y'),
	(0000051316,00002439,0000002657,'Student','Y'),
	(0000051317,00002529,0000002657,'Student','Y'),
	(0000051325,00002408,0000002460,'Student','Y'),
	(0000051326,00002411,0000002460,'Student','Y'),
	(0000051327,00002422,0000002460,'Student','Y'),
	(0000051328,00002425,0000002460,'Student','Y'),
	(0000051329,00002428,0000002460,'Student','Y'),
	(0000051330,00002436,0000002460,'Student','Y'),
	(0000051331,00002439,0000002460,'Student','Y'),
	(0000051332,00002529,0000002460,'Student','Y'),
	(0000051340,00002408,0000002621,'Student','Y'),
	(0000051341,00002411,0000002621,'Student','Y'),
	(0000051342,00002422,0000002621,'Student','Y'),
	(0000051343,00002425,0000002621,'Student','Y'),
	(0000051344,00002428,0000002621,'Student','Y'),
	(0000051345,00002436,0000002621,'Student','Y'),
	(0000051346,00002439,0000002621,'Student','Y'),
	(0000051347,00002529,0000002621,'Student','Y'),
	(0000051355,00002408,0000002692,'Student','Y'),
	(0000051356,00002411,0000002692,'Student','Y'),
	(0000051357,00002422,0000002692,'Student','Y'),
	(0000051358,00002425,0000002692,'Student','Y'),
	(0000051359,00002428,0000002692,'Student','Y'),
	(0000051360,00002436,0000002692,'Student','Y'),
	(0000051361,00002439,0000002692,'Student','Y'),
	(0000051362,00002529,0000002692,'Student','Y'),
	(0000051370,00002408,0000002607,'Student','Y'),
	(0000051371,00002411,0000002607,'Student','Y'),
	(0000051372,00002422,0000002607,'Student','Y'),
	(0000051373,00002425,0000002607,'Student','Y'),
	(0000051374,00002428,0000002607,'Student','Y'),
	(0000051375,00002436,0000002607,'Student','Y'),
	(0000051376,00002439,0000002607,'Student','Y'),
	(0000051377,00002529,0000002607,'Student','Y'),
	(0000051385,00002408,0000002633,'Student','Y'),
	(0000051386,00002411,0000002633,'Student','Y'),
	(0000051387,00002422,0000002633,'Student','Y'),
	(0000051388,00002425,0000002633,'Student','Y'),
	(0000051389,00002428,0000002633,'Student','Y'),
	(0000051390,00002436,0000002633,'Student','Y'),
	(0000051391,00002439,0000002633,'Student','Y'),
	(0000051392,00002529,0000002633,'Student','Y'),
	(0000051400,00002408,0000002426,'Student','Y'),
	(0000051401,00002411,0000002426,'Student','Y'),
	(0000051402,00002422,0000002426,'Student','Y'),
	(0000051403,00002425,0000002426,'Student','Y'),
	(0000051404,00002428,0000002426,'Student','Y'),
	(0000051405,00002436,0000002426,'Student','Y'),
	(0000051406,00002439,0000002426,'Student','Y'),
	(0000051407,00002529,0000002426,'Student','Y'),
	(0000051415,00002408,0000002652,'Student','Y'),
	(0000051416,00002411,0000002652,'Student','Y'),
	(0000051417,00002422,0000002652,'Student','Y'),
	(0000051418,00002425,0000002652,'Student','Y'),
	(0000051419,00002428,0000002652,'Student','Y'),
	(0000051420,00002436,0000002652,'Student','Y'),
	(0000051421,00002439,0000002652,'Student','Y'),
	(0000051422,00002529,0000002652,'Student','Y'),
	(0000051430,00002408,0000002699,'Student','Y'),
	(0000051431,00002411,0000002699,'Student','Y'),
	(0000051432,00002422,0000002699,'Student','Y'),
	(0000051433,00002425,0000002699,'Student','Y'),
	(0000051434,00002428,0000002699,'Student','Y'),
	(0000051435,00002436,0000002699,'Student','Y'),
	(0000051436,00002439,0000002699,'Student','Y'),
	(0000051437,00002529,0000002699,'Student','Y'),
	(0000051445,00002408,0000002642,'Student','Y'),
	(0000051446,00002411,0000002642,'Student','Y'),
	(0000051447,00002422,0000002642,'Student','Y'),
	(0000051448,00002425,0000002642,'Student','Y'),
	(0000051449,00002428,0000002642,'Student','Y'),
	(0000051450,00002436,0000002642,'Student','Y'),
	(0000051451,00002439,0000002642,'Student','Y'),
	(0000051452,00002529,0000002642,'Student','Y'),
	(0000051460,00002408,0000002453,'Student','Y'),
	(0000051461,00002411,0000002453,'Student','Y'),
	(0000051462,00002422,0000002453,'Student','Y'),
	(0000051463,00002425,0000002453,'Student','Y'),
	(0000051464,00002428,0000002453,'Student','Y'),
	(0000051465,00002436,0000002453,'Student','Y'),
	(0000051466,00002439,0000002453,'Student','Y'),
	(0000051467,00002529,0000002453,'Student','Y'),
	(0000051490,00002408,0000002743,'Student','Y'),
	(0000051491,00002411,0000002743,'Student','Y'),
	(0000051492,00002422,0000002743,'Student','Y'),
	(0000051493,00002425,0000002743,'Student','Y'),
	(0000051494,00002428,0000002743,'Student','Y'),
	(0000051495,00002436,0000002743,'Student','Y'),
	(0000051496,00002439,0000002743,'Student','Y'),
	(0000051497,00002529,0000002743,'Student','Y'),
	(0000051505,00002408,0000002645,'Student','Y'),
	(0000051506,00002411,0000002645,'Student','Y'),
	(0000051507,00002422,0000002645,'Student','Y'),
	(0000051508,00002425,0000002645,'Student','Y'),
	(0000051509,00002428,0000002645,'Student','Y'),
	(0000051510,00002436,0000002645,'Student','Y'),
	(0000051511,00002439,0000002645,'Student','Y'),
	(0000051512,00002529,0000002645,'Student','Y'),
	(0000051520,00002408,0000002476,'Student','Y'),
	(0000051521,00002411,0000002476,'Student','Y'),
	(0000051522,00002422,0000002476,'Student','Y'),
	(0000051523,00002425,0000002476,'Student','Y'),
	(0000051524,00002428,0000002476,'Student','Y'),
	(0000051525,00002436,0000002476,'Student','Y'),
	(0000051526,00002439,0000002476,'Student','Y'),
	(0000051527,00002529,0000002476,'Student','Y'),
	(0000051535,00002408,0000002663,'Student','Y'),
	(0000051536,00002411,0000002663,'Student','Y'),
	(0000051537,00002422,0000002663,'Student','Y'),
	(0000051538,00002425,0000002663,'Student','Y'),
	(0000051539,00002428,0000002663,'Student','Y'),
	(0000051540,00002436,0000002663,'Student','Y'),
	(0000051541,00002439,0000002663,'Student','Y'),
	(0000051542,00002529,0000002663,'Student','Y'),
	(0000051550,00002408,0000002651,'Student','Y'),
	(0000051551,00002411,0000002651,'Student','Y'),
	(0000051552,00002422,0000002651,'Student','Y'),
	(0000051553,00002425,0000002651,'Student','Y'),
	(0000051554,00002428,0000002651,'Student','Y'),
	(0000051555,00002436,0000002651,'Student','Y'),
	(0000051556,00002439,0000002651,'Student','Y'),
	(0000051557,00002529,0000002651,'Student','Y'),
	(0000051565,00002408,0000002563,'Student','Y'),
	(0000051566,00002411,0000002563,'Student','Y'),
	(0000051567,00002422,0000002563,'Student','Y'),
	(0000051568,00002425,0000002563,'Student','Y'),
	(0000051569,00002428,0000002563,'Student','Y'),
	(0000051570,00002436,0000002563,'Student','Y'),
	(0000051571,00002439,0000002563,'Student','Y'),
	(0000051572,00002529,0000002563,'Student','Y'),
	(0000051580,00002408,0000002696,'Student','Y'),
	(0000051581,00002411,0000002696,'Student','Y'),
	(0000051582,00002422,0000002696,'Student','Y'),
	(0000051583,00002425,0000002696,'Student','Y'),
	(0000051584,00002428,0000002696,'Student','Y'),
	(0000051585,00002436,0000002696,'Student','Y'),
	(0000051586,00002439,0000002696,'Student','Y'),
	(0000051587,00002529,0000002696,'Student','Y'),
	(0000051595,00002407,0000002749,'Student','Y'),
	(0000051596,00002410,0000002749,'Student','Y'),
	(0000051597,00002421,0000002749,'Student','Y'),
	(0000051598,00002424,0000002749,'Student','Y'),
	(0000051599,00002427,0000002749,'Student','Y'),
	(0000051600,00002435,0000002749,'Student','Y'),
	(0000051601,00002438,0000002749,'Student','Y'),
	(0000051602,00002527,0000002749,'Student','Y'),
	(0000051610,00002407,0000002580,'Student','Y'),
	(0000051611,00002410,0000002580,'Student','Y'),
	(0000051612,00002421,0000002580,'Student','Y'),
	(0000051613,00002424,0000002580,'Student','Y'),
	(0000051614,00002427,0000002580,'Student','Y'),
	(0000051615,00002435,0000002580,'Student','Y'),
	(0000051616,00002438,0000002580,'Student','Y'),
	(0000051617,00002527,0000002580,'Student','Y'),
	(0000051625,00002407,0000002624,'Student','Y'),
	(0000051626,00002410,0000002624,'Student','Y'),
	(0000051627,00002421,0000002624,'Student','Y'),
	(0000051628,00002424,0000002624,'Student','Y'),
	(0000051629,00002427,0000002624,'Student','Y'),
	(0000051630,00002435,0000002624,'Student','Y'),
	(0000051631,00002438,0000002624,'Student','Y'),
	(0000051632,00002527,0000002624,'Student','Y'),
	(0000051640,00002407,0000002654,'Student','Y'),
	(0000051641,00002410,0000002654,'Student','Y'),
	(0000051642,00002421,0000002654,'Student','Y'),
	(0000051643,00002424,0000002654,'Student','Y'),
	(0000051644,00002427,0000002654,'Student','Y'),
	(0000051645,00002435,0000002654,'Student','Y'),
	(0000051646,00002438,0000002654,'Student','Y'),
	(0000051647,00002527,0000002654,'Student','Y'),
	(0000051655,00002407,0000002666,'Student','Y'),
	(0000051656,00002410,0000002666,'Student','Y'),
	(0000051657,00002421,0000002666,'Student','Y'),
	(0000051658,00002424,0000002666,'Student','Y'),
	(0000051659,00002427,0000002666,'Student','Y'),
	(0000051660,00002435,0000002666,'Student','Y'),
	(0000051661,00002438,0000002666,'Student','Y'),
	(0000051662,00002527,0000002666,'Student','Y'),
	(0000051670,00002407,0000002466,'Student','Y'),
	(0000051671,00002410,0000002466,'Student','Y'),
	(0000051672,00002421,0000002466,'Student','Y'),
	(0000051673,00002424,0000002466,'Student','Y'),
	(0000051674,00002427,0000002466,'Student','Y'),
	(0000051675,00002435,0000002466,'Student','Y'),
	(0000051676,00002438,0000002466,'Student','Y'),
	(0000051677,00002527,0000002466,'Student','Y'),
	(0000051685,00002407,0000002686,'Student','Y'),
	(0000051686,00002410,0000002686,'Student','Y'),
	(0000051687,00002421,0000002686,'Student','Y'),
	(0000051688,00002424,0000002686,'Student','Y'),
	(0000051689,00002427,0000002686,'Student','Y'),
	(0000051690,00002435,0000002686,'Student','Y'),
	(0000051691,00002438,0000002686,'Student','Y'),
	(0000051692,00002527,0000002686,'Student','Y'),
	(0000051700,00002407,0000002726,'Student','Y'),
	(0000051701,00002410,0000002726,'Student','Y'),
	(0000051702,00002421,0000002726,'Student','Y'),
	(0000051703,00002424,0000002726,'Student','Y'),
	(0000051704,00002427,0000002726,'Student','Y'),
	(0000051705,00002435,0000002726,'Student','Y'),
	(0000051706,00002438,0000002726,'Student','Y'),
	(0000051707,00002527,0000002726,'Student','Y'),
	(0000051715,00002407,0000002586,'Student','Y'),
	(0000051716,00002410,0000002586,'Student','Y'),
	(0000051717,00002421,0000002586,'Student','Y'),
	(0000051718,00002424,0000002586,'Student','Y'),
	(0000051719,00002427,0000002586,'Student','Y'),
	(0000051720,00002435,0000002586,'Student','Y'),
	(0000051721,00002438,0000002586,'Student','Y'),
	(0000051722,00002527,0000002586,'Student','Y'),
	(0000051730,00002407,0000002639,'Student','Y'),
	(0000051731,00002410,0000002639,'Student','Y'),
	(0000051732,00002421,0000002639,'Student','Y'),
	(0000051733,00002424,0000002639,'Student','Y'),
	(0000051734,00002427,0000002639,'Student','Y'),
	(0000051735,00002435,0000002639,'Student','Y'),
	(0000051736,00002438,0000002639,'Student','Y'),
	(0000051737,00002527,0000002639,'Student','Y'),
	(0000051745,00002407,0000002473,'Student','Y'),
	(0000051746,00002410,0000002473,'Student','Y'),
	(0000051747,00002421,0000002473,'Student','Y'),
	(0000051748,00002424,0000002473,'Student','Y'),
	(0000051749,00002427,0000002473,'Student','Y'),
	(0000051750,00002435,0000002473,'Student','Y'),
	(0000051751,00002438,0000002473,'Student','Y'),
	(0000051752,00002527,0000002473,'Student','Y'),
	(0000051760,00002407,0000002433,'Student','Y'),
	(0000051761,00002410,0000002433,'Student','Y'),
	(0000051762,00002421,0000002433,'Student','Y'),
	(0000051763,00002424,0000002433,'Student','Y'),
	(0000051764,00002427,0000002433,'Student','Y'),
	(0000051765,00002435,0000002433,'Student','Y'),
	(0000051766,00002438,0000002433,'Student','Y'),
	(0000051767,00002527,0000002433,'Student','Y'),
	(0000051775,00002407,0000002711,'Student','Y'),
	(0000051776,00002410,0000002711,'Student','Y'),
	(0000051777,00002421,0000002711,'Student','Y'),
	(0000051778,00002424,0000002711,'Student','Y'),
	(0000051779,00002427,0000002711,'Student','Y'),
	(0000051780,00002435,0000002711,'Student','Y'),
	(0000051781,00002438,0000002711,'Student','Y'),
	(0000051782,00002527,0000002711,'Student','Y'),
	(0000051790,00002407,0000002436,'Student','Y'),
	(0000051791,00002410,0000002436,'Student','Y'),
	(0000051792,00002421,0000002436,'Student','Y'),
	(0000051793,00002424,0000002436,'Student','Y'),
	(0000051794,00002427,0000002436,'Student','Y'),
	(0000051795,00002435,0000002436,'Student','Y'),
	(0000051796,00002438,0000002436,'Student','Y'),
	(0000051797,00002527,0000002436,'Student','Y'),
	(0000051805,00002407,0000002479,'Student','Y'),
	(0000051806,00002410,0000002479,'Student','Y'),
	(0000051807,00002421,0000002479,'Student','Y'),
	(0000051808,00002424,0000002479,'Student','Y'),
	(0000051809,00002427,0000002479,'Student','Y'),
	(0000051810,00002435,0000002479,'Student','Y'),
	(0000051811,00002438,0000002479,'Student','Y'),
	(0000051812,00002527,0000002479,'Student','Y'),
	(0000051820,00002407,0000002427,'Student','Y'),
	(0000051821,00002410,0000002427,'Student','Y'),
	(0000051822,00002421,0000002427,'Student','Y'),
	(0000051823,00002424,0000002427,'Student','Y'),
	(0000051824,00002427,0000002427,'Student','Y'),
	(0000051825,00002435,0000002427,'Student','Y'),
	(0000051826,00002438,0000002427,'Student','Y'),
	(0000051827,00002527,0000002427,'Student','Y'),
	(0000051835,00002407,0000002689,'Student','Y'),
	(0000051836,00002410,0000002689,'Student','Y'),
	(0000051837,00002421,0000002689,'Student','Y'),
	(0000051838,00002424,0000002689,'Student','Y'),
	(0000051839,00002427,0000002689,'Student','Y'),
	(0000051840,00002435,0000002689,'Student','Y'),
	(0000051841,00002438,0000002689,'Student','Y'),
	(0000051842,00002527,0000002689,'Student','Y'),
	(0000051850,00002407,0000002708,'Student','Y'),
	(0000051851,00002410,0000002708,'Student','Y'),
	(0000051852,00002421,0000002708,'Student','Y'),
	(0000051853,00002424,0000002708,'Student','Y'),
	(0000051854,00002427,0000002708,'Student','Y'),
	(0000051855,00002435,0000002708,'Student','Y'),
	(0000051856,00002438,0000002708,'Student','Y'),
	(0000051857,00002527,0000002708,'Student','Y'),
	(0000051865,00002407,0000002670,'Student','Y'),
	(0000051866,00002410,0000002670,'Student','Y'),
	(0000051867,00002421,0000002670,'Student','Y'),
	(0000051868,00002424,0000002670,'Student','Y'),
	(0000051869,00002427,0000002670,'Student','Y'),
	(0000051870,00002435,0000002670,'Student','Y'),
	(0000051871,00002438,0000002670,'Student','Y'),
	(0000051872,00002527,0000002670,'Student','Y'),
	(0000051880,00002407,0000002576,'Student','Y'),
	(0000051881,00002410,0000002576,'Student','Y'),
	(0000051882,00002421,0000002576,'Student','Y'),
	(0000051883,00002424,0000002576,'Student','Y'),
	(0000051884,00002427,0000002576,'Student','Y'),
	(0000051885,00002435,0000002576,'Student','Y'),
	(0000051886,00002438,0000002576,'Student','Y'),
	(0000051887,00002527,0000002576,'Student','Y'),
	(0000051895,00002407,0000002566,'Student','Y'),
	(0000051896,00002410,0000002566,'Student','Y'),
	(0000051897,00002421,0000002566,'Student','Y'),
	(0000051898,00002424,0000002566,'Student','Y'),
	(0000051899,00002427,0000002566,'Student','Y'),
	(0000051900,00002435,0000002566,'Student','Y'),
	(0000051901,00002438,0000002566,'Student','Y'),
	(0000051902,00002527,0000002566,'Student','Y'),
	(0000051910,00002518,0000002618,'Student','Y'),
	(0000051911,00002519,0000002618,'Student','Y'),
	(0000051912,00002547,0000002618,'Student','Y'),
	(0000051913,00002548,0000002618,'Student','Y'),
	(0000051914,00002554,0000002618,'Student','Y'),
	(0000051915,00002580,0000002618,'Student','Y'),
	(0000051916,00002583,0000002618,'Student','Y'),
	(0000051917,00002530,0000002618,'Student','Y'),
	(0000051925,00002518,0000002573,'Student','Y'),
	(0000051926,00002519,0000002573,'Student','Y'),
	(0000051927,00002547,0000002573,'Student','Y'),
	(0000051928,00002548,0000002573,'Student','Y'),
	(0000051929,00002554,0000002573,'Student','Y'),
	(0000051930,00002580,0000002573,'Student','Y'),
	(0000051931,00002583,0000002573,'Student','Y'),
	(0000051932,00002530,0000002573,'Student','Y'),
	(0000051940,00002518,0000002592,'Student','Y'),
	(0000051941,00002519,0000002592,'Student','Y'),
	(0000051942,00002547,0000002592,'Student','Y'),
	(0000051943,00002548,0000002592,'Student','Y'),
	(0000051944,00002554,0000002592,'Student','Y'),
	(0000051945,00002580,0000002592,'Student','Y'),
	(0000051946,00002583,0000002592,'Student','Y'),
	(0000051947,00002530,0000002592,'Student','Y'),
	(0000051955,00002518,0000002583,'Student','Y'),
	(0000051956,00002519,0000002583,'Student','Y'),
	(0000051957,00002547,0000002583,'Student','Y'),
	(0000051958,00002548,0000002583,'Student','Y'),
	(0000051959,00002554,0000002583,'Student','Y'),
	(0000051960,00002580,0000002583,'Student','Y'),
	(0000051961,00002583,0000002583,'Student','Y'),
	(0000051962,00002530,0000002583,'Student','Y'),
	(0000051970,00002518,0000002705,'Student','Y'),
	(0000051971,00002519,0000002705,'Student','Y'),
	(0000051972,00002547,0000002705,'Student','Y'),
	(0000051973,00002548,0000002705,'Student','Y'),
	(0000051974,00002554,0000002705,'Student','Y'),
	(0000051975,00002580,0000002705,'Student','Y'),
	(0000051976,00002583,0000002705,'Student','Y'),
	(0000051977,00002530,0000002705,'Student','Y'),
	(0000051985,00002518,0000002660,'Student','Y'),
	(0000051986,00002519,0000002660,'Student','Y'),
	(0000051987,00002547,0000002660,'Student','Y'),
	(0000051988,00002548,0000002660,'Student','Y'),
	(0000051989,00002554,0000002660,'Student','Y'),
	(0000051990,00002580,0000002660,'Student','Y'),
	(0000051991,00002583,0000002660,'Student','Y'),
	(0000051992,00002530,0000002660,'Student','Y'),
	(0000052000,00002518,0000002598,'Student','Y'),
	(0000052001,00002519,0000002598,'Student','Y'),
	(0000052002,00002547,0000002598,'Student','Y'),
	(0000052003,00002548,0000002598,'Student','Y'),
	(0000052004,00002554,0000002598,'Student','Y'),
	(0000052005,00002580,0000002598,'Student','Y'),
	(0000052006,00002583,0000002598,'Student','Y'),
	(0000052007,00002530,0000002598,'Student','Y'),
	(0000052015,00002518,0000002589,'Student','Y'),
	(0000052016,00002519,0000002589,'Student','Y'),
	(0000052017,00002547,0000002589,'Student','Y'),
	(0000052018,00002548,0000002589,'Student','Y'),
	(0000052019,00002554,0000002589,'Student','Y'),
	(0000052020,00002580,0000002589,'Student','Y'),
	(0000052021,00002583,0000002589,'Student','Y'),
	(0000052022,00002530,0000002589,'Student','Y'),
	(0000052030,00002518,0000002604,'Student','Y'),
	(0000052031,00002519,0000002604,'Student','Y'),
	(0000052032,00002547,0000002604,'Student','Y'),
	(0000052033,00002548,0000002604,'Student','Y'),
	(0000052034,00002554,0000002604,'Student','Y'),
	(0000052035,00002580,0000002604,'Student','Y'),
	(0000052036,00002583,0000002604,'Student','Y'),
	(0000052037,00002530,0000002604,'Student','Y'),
	(0000052045,00002518,0000002425,'Student','Y'),
	(0000052046,00002519,0000002425,'Student','Y'),
	(0000052047,00002547,0000002425,'Student','Y'),
	(0000052048,00002548,0000002425,'Student','Y'),
	(0000052049,00002554,0000002425,'Student','Y'),
	(0000052050,00002580,0000002425,'Student','Y'),
	(0000052051,00002583,0000002425,'Student','Y'),
	(0000052052,00002530,0000002425,'Student','Y'),
	(0000052060,00002518,0000002676,'Student','Y'),
	(0000052061,00002519,0000002676,'Student','Y'),
	(0000052062,00002547,0000002676,'Student','Y'),
	(0000052063,00002548,0000002676,'Student','Y'),
	(0000052064,00002554,0000002676,'Student','Y'),
	(0000052065,00002580,0000002676,'Student','Y'),
	(0000052066,00002583,0000002676,'Student','Y'),
	(0000052067,00002530,0000002676,'Student','Y'),
	(0000052075,00002518,0000002595,'Student','Y'),
	(0000052076,00002519,0000002595,'Student','Y'),
	(0000052077,00002547,0000002595,'Student','Y'),
	(0000052078,00002548,0000002595,'Student','Y'),
	(0000052079,00002554,0000002595,'Student','Y'),
	(0000052080,00002580,0000002595,'Student','Y'),
	(0000052081,00002583,0000002595,'Student','Y'),
	(0000052082,00002530,0000002595,'Student','Y'),
	(0000052090,00002518,0000002700,'Student','Y'),
	(0000052091,00002519,0000002700,'Student','Y'),
	(0000052092,00002547,0000002700,'Student','Y'),
	(0000052093,00002548,0000002700,'Student','Y'),
	(0000052094,00002554,0000002700,'Student','Y'),
	(0000052095,00002580,0000002700,'Student','Y'),
	(0000052096,00002583,0000002700,'Student','Y'),
	(0000052097,00002530,0000002700,'Student','Y'),
	(0000052105,00002518,0000002463,'Student','Y'),
	(0000052106,00002519,0000002463,'Student','Y'),
	(0000052107,00002547,0000002463,'Student','Y'),
	(0000052108,00002548,0000002463,'Student','Y'),
	(0000052109,00002554,0000002463,'Student','Y'),
	(0000052110,00002580,0000002463,'Student','Y'),
	(0000052111,00002583,0000002463,'Student','Y'),
	(0000052112,00002530,0000002463,'Student','Y'),
	(0000052120,00002518,0000002648,'Student','Y'),
	(0000052121,00002519,0000002648,'Student','Y'),
	(0000052122,00002547,0000002648,'Student','Y'),
	(0000052123,00002548,0000002648,'Student','Y'),
	(0000052124,00002554,0000002648,'Student','Y'),
	(0000052125,00002580,0000002648,'Student','Y'),
	(0000052126,00002583,0000002648,'Student','Y'),
	(0000052127,00002530,0000002648,'Student','Y'),
	(0000052135,00002518,0000002761,'Student','Y'),
	(0000052136,00002519,0000002761,'Student','Y'),
	(0000052137,00002547,0000002761,'Student','Y'),
	(0000052138,00002548,0000002761,'Student','Y'),
	(0000052139,00002554,0000002761,'Student','Y'),
	(0000052140,00002580,0000002761,'Student','Y'),
	(0000052141,00002583,0000002761,'Student','Y'),
	(0000052142,00002530,0000002761,'Student','Y'),
	(0000052150,00002518,0000002714,'Student','Y'),
	(0000052151,00002519,0000002714,'Student','Y'),
	(0000052152,00002547,0000002714,'Student','Y'),
	(0000052153,00002548,0000002714,'Student','Y'),
	(0000052154,00002554,0000002714,'Student','Y'),
	(0000052155,00002580,0000002714,'Student','Y'),
	(0000052156,00002583,0000002714,'Student','Y'),
	(0000052157,00002530,0000002714,'Student','Y'),
	(0000052165,00002518,0000002680,'Student','Y'),
	(0000052166,00002519,0000002680,'Student','Y'),
	(0000052167,00002547,0000002680,'Student','Y'),
	(0000052168,00002548,0000002680,'Student','Y'),
	(0000052169,00002554,0000002680,'Student','Y'),
	(0000052170,00002580,0000002680,'Student','Y'),
	(0000052171,00002583,0000002680,'Student','Y'),
	(0000052172,00002530,0000002680,'Student','Y'),
	(0000052180,00002407,0000002570,'Student','Y'),
	(0000052181,00002410,0000002570,'Student','Y'),
	(0000052182,00002421,0000002570,'Student','Y'),
	(0000052183,00002424,0000002570,'Student','Y'),
	(0000052184,00002427,0000002570,'Student','Y'),
	(0000052185,00002435,0000002570,'Student','Y'),
	(0000052186,00002438,0000002570,'Student','Y'),
	(0000052187,00002527,0000002570,'Student','Y'),
	(0000052195,00002408,0000002702,'Student','Y'),
	(0000052196,00002411,0000002702,'Student','Y'),
	(0000052197,00002422,0000002702,'Student','Y'),
	(0000052198,00002425,0000002702,'Student','Y'),
	(0000052199,00002428,0000002702,'Student','Y'),
	(0000052200,00002436,0000002702,'Student','Y'),
	(0000052201,00002439,0000002702,'Student','Y'),
	(0000052202,00002529,0000002702,'Student','Y'),
	(0000052213,00002484,0000002113,'Student','Y'),
	(0000052214,00002484,0000001992,'Student','Y'),
	(0000052215,00002484,0000001970,'Student','Y'),
	(0000052216,00002484,0000002012,'Student','Y'),
	(0000052217,00002484,0000001986,'Student','Y'),
	(0000052218,00002484,0000002116,'Student','Y'),
	(0000052219,00002484,0000002135,'Student','Y'),
	(0000052220,00002484,0000002532,'Student','Y'),
	(0000052221,00002484,0000002495,'Student','Y'),
	(0000052222,00002507,0000001925,'Student','Y'),
	(0000052223,00002507,0000001955,'Student','Y'),
	(0000052224,00002507,0000001878,'Student','Y'),
	(0000052225,00002507,0000001924,'Student','Y'),
	(0000052226,00002507,0000001891,'Student','Y'),
	(0000052227,00002507,0000001983,'Student','Y'),
	(0000052228,00002507,0000002056,'Student','Y'),
	(0000052229,00002507,0000001995,'Student','Y'),
	(0000052230,00002507,0000001870,'Student','Y'),
	(0000052231,00002507,0000001879,'Student','Y'),
	(0000052232,00002507,0000002006,'Student','Y'),
	(0000052233,00002507,0000001864,'Student','Y'),
	(0000052234,00002507,0000002040,'Student','Y'),
	(0000052235,00002507,0000002037,'Student','Y'),
	(0000052236,00002507,0000001977,'Student','Y'),
	(0000052237,00002507,0000001905,'Student','Y'),
	(0000052238,00002507,0000001894,'Student','Y'),
	(0000052239,00002507,0000001918,'Student','Y'),
	(0000052240,00002507,0000001934,'Student','Y'),
	(0000052241,00002507,0000001897,'Student','Y'),
	(0000052242,00002507,0000002389,'Student','Y'),
	(0000052243,00002507,0000002022,'Student','Y'),
	(0000052244,00002507,0000002404,'Student','Y'),
	(0000052245,00002507,0000002029,'Student','Y'),
	(0000052246,00002507,0000001980,'Student','Y'),
	(0000052247,00002507,0000001928,'Student','Y'),
	(0000052248,00002507,0000001989,'Student','Y'),
	(0000052249,00002507,0000002123,'Student','Y'),
	(0000052250,00002507,0000001974,'Student','Y'),
	(0000052251,00002507,0000001901,'Student','Y'),
	(0000052252,00002507,0000001911,'Student','Y'),
	(0000052253,00002493,0000001946,'Student','Y'),
	(0000052254,00002493,0000002079,'Student','Y'),
	(0000052255,00002493,0000001915,'Student','Y'),
	(0000052256,00002493,0000001921,'Student','Y'),
	(0000052257,00002493,0000001914,'Student','Y'),
	(0000052258,00002493,0000001960,'Student','Y'),
	(0000052259,00002493,0000002555,'Student','Y'),
	(0000052260,00002493,0000001882,'Student','Y'),
	(0000052261,00002493,0000001913,'Student','Y'),
	(0000052262,00002493,0000002491,'Student','Y'),
	(0000052263,00002493,0000001964,'Student','Y'),
	(0000052264,00002493,0000001937,'Student','Y'),
	(0000052265,00002493,0000002009,'Student','Y'),
	(0000052266,00002493,0000002076,'Student','Y'),
	(0000052267,00002493,0000002129,'Student','Y'),
	(0000052268,00002493,0000002000,'Student','Y'),
	(0000052269,00002493,0000001904,'Student','Y'),
	(0000052270,00002493,0000002093,'Student','Y'),
	(0000052271,00002493,0000002280,'Student','Y'),
	(0000052272,00002493,0000001898,'Student','Y'),
	(0000052273,00002493,0000002327,'Student','Y'),
	(0000052274,00002493,0000002019,'Student','Y'),
	(0000052275,00002493,0000001931,'Student','Y'),
	(0000052276,00002280,0000001639,'Student','Y'),
	(0000052277,00002280,0000001744,'Student','Y'),
	(0000052278,00002280,0000001700,'Student','Y'),
	(0000052279,00002280,0000001730,'Student','Y'),
	(0000052280,00002280,0000002033,'Student','Y'),
	(0000052281,00002280,0000002764,'Student','Y'),
	(0000052282,00002286,0000001642,'Student','Y'),
	(0000052283,00002286,0000001753,'Student','Y'),
	(0000052284,00002286,0000001609,'Student','Y'),
	(0000052285,00002286,0000001621,'Student','Y'),
	(0000052286,00002286,0000002401,'Student','Y'),
	(0000052287,00002286,0000001645,'Student','Y'),
	(0000052288,00002286,0000001628,'Student','Y'),
	(0000052289,00002286,0000001686,'Student','Y'),
	(0000052290,00002286,0000001831,'Student','Y'),
	(0000052291,00002286,0000001773,'Student','Y'),
	(0000052292,00002286,0000002066,'Student','Y'),
	(0000052293,00002286,0000001612,'Student','Y'),
	(0000052294,00002286,0000001616,'Student','Y'),
	(0000052295,00002286,0000002309,'Student','Y'),
	(0000052296,00002286,0000001761,'Student','Y'),
	(0000052297,00002286,0000001848,'Student','Y'),
	(0000052298,00002286,0000002313,'Student','Y'),
	(0000052299,00002286,0000002386,'Student','Y'),
	(0000052300,00002286,0000001801,'Student','Y'),
	(0000052301,00002286,0000001667,'Student','Y'),
	(0000052302,00002286,0000001735,'Student','Y'),
	(0000052303,00002286,0000001796,'Student','Y'),
	(0000052304,00002286,0000002719,'Student','Y'),
	(0000052305,00002287,0000001753,'Student','Y'),
	(0000052306,00002524,0000001654,'Student','Y'),
	(0000052307,00002287,0000001739,'Student','Y'),
	(0000052308,00002524,0000002401,'Student','Y'),
	(0000052309,00002287,0000001645,'Student','Y'),
	(0000052310,00002524,0000001593,'Student','Y'),
	(0000052311,00002287,0000002063,'Student','Y'),
	(0000052312,00002524,0000001831,'Student','Y'),
	(0000052313,00002287,0000001858,'Student','Y'),
	(0000052314,00002524,0000001591,'Student','Y'),
	(0000052315,00002287,0000001773,'Student','Y'),
	(0000052316,00002524,0000002066,'Student','Y'),
	(0000052317,00002287,0000001677,'Student','Y'),
	(0000052318,00002524,0000001612,'Student','Y'),
	(0000052319,00002287,0000001616,'Student','Y'),
	(0000052320,00002524,0000001779,'Student','Y'),
	(0000052321,00002287,0000001761,'Student','Y'),
	(0000052322,00002524,0000001600,'Student','Y'),
	(0000052323,00002287,0000001828,'Student','Y'),
	(0000052324,00002524,0000002033,'Student','Y'),
	(0000052325,00002287,0000002156,'Student','Y'),
	(0000052326,00002524,0000001657,'Student','Y'),
	(0000052327,00002287,0000001791,'Student','Y'),
	(0000052328,00002524,0000002097,'Student','Y'),
	(0000052329,00002287,0000002035,'Student','Y'),
	(0000052330,00002524,0000001794,'Student','Y'),
	(0000052331,00002287,0000001603,'Student','Y'),
	(0000052332,00002524,0000002386,'Student','Y'),
	(0000052333,00002287,0000001667,'Student','Y'),
	(0000052334,00002524,0000001713,'Student','Y'),
	(0000052335,00002287,0000002441,'Student','Y'),
	(0000052336,00002524,0000001735,'Student','Y'),
	(0000052337,00002287,0000001796,'Student','Y'),
	(0000052338,00002524,0000002548,'Student','Y'),
	(0000052339,00002287,0000002060,'Student','Y'),
	(0000052340,00002293,0000001642,'Student','Y'),
	(0000052341,00002293,0000001721,'Student','Y'),
	(0000052342,00002293,0000001639,'Student','Y'),
	(0000052343,00002293,0000001627,'Student','Y'),
	(0000052344,00002293,0000001628,'Student','Y'),
	(0000052345,00002293,0000001686,'Student','Y'),
	(0000052346,00002293,0000001730,'Student','Y'),
	(0000052347,00002293,0000002309,'Student','Y'),
	(0000052348,00002293,0000001848,'Student','Y'),
	(0000052349,00002294,0000001609,'Student','Y'),
	(0000052350,00002294,0000001621,'Student','Y'),
	(0000052351,00002294,0000002087,'Student','Y'),
	(0000052352,00002294,0000001744,'Student','Y'),
	(0000052353,00002294,0000001700,'Student','Y'),
	(0000052354,00002294,0000002081,'Student','Y'),
	(0000052355,00002294,0000002313,'Student','Y'),
	(0000052356,00002294,0000001801,'Student','Y'),
	(0000052357,00002294,0000002764,'Student','Y'),
	(0000052358,00002301,0000001721,'Student','Y'),
	(0000052359,00002301,0000001654,'Student','Y'),
	(0000052360,00002301,0000001739,'Student','Y'),
	(0000052361,00002301,0000002087,'Student','Y'),
	(0000052362,00002301,0000001627,'Student','Y'),
	(0000052363,00002301,0000001593,'Student','Y'),
	(0000052364,00002301,0000002063,'Student','Y'),
	(0000052365,00002301,0000002081,'Student','Y'),
	(0000052366,00002301,0000001858,'Student','Y'),
	(0000052367,00002301,0000001591,'Student','Y'),
	(0000052368,00002301,0000001677,'Student','Y'),
	(0000052369,00002301,0000001779,'Student','Y'),
	(0000052370,00002301,0000001600,'Student','Y'),
	(0000052371,00002301,0000001828,'Student','Y'),
	(0000052372,00002301,0000002156,'Student','Y'),
	(0000052373,00002301,0000001657,'Student','Y'),
	(0000052374,00002301,0000001791,'Student','Y'),
	(0000052375,00002301,0000002097,'Student','Y'),
	(0000052376,00002301,0000002035,'Student','Y'),
	(0000052377,00002301,0000001794,'Student','Y'),
	(0000052378,00002301,0000001603,'Student','Y'),
	(0000052379,00002301,0000001713,'Student','Y'),
	(0000052380,00002301,0000002441,'Student','Y'),
	(0000052381,00002301,0000002548,'Student','Y'),
	(0000052382,00002365,0000000934,'Student','Y'),
	(0000052383,00002366,0000000934,'Student','Y'),
	(0000052384,00002336,0000001233,'Student','Y'),
	(0000052385,00002336,0000001275,'Student','Y'),
	(0000052386,00002336,0000001160,'Student','Y'),
	(0000052387,00002336,0000002411,'Student','Y'),
	(0000052388,00002336,0000001276,'Student','Y'),
	(0000052389,00002336,0000001157,'Student','Y'),
	(0000052390,00002336,0000001528,'Student','Y'),
	(0000052391,00002336,0000001548,'Student','Y'),
	(0000052392,00002336,0000001201,'Student','Y'),
	(0000052393,00002336,0000001814,'Student','Y'),
	(0000052394,00002336,0000001193,'Student','Y'),
	(0000052395,00002336,0000001178,'Student','Y'),
	(0000052396,00002336,0000001254,'Student','Y'),
	(0000052397,00002336,0000002120,'Student','Y'),
	(0000052398,00002336,0000001154,'Student','Y'),
	(0000052399,00002336,0000001163,'Student','Y'),
	(0000052400,00002336,0000001214,'Student','Y'),
	(0000052401,00002336,0000001251,'Student','Y'),
	(0000052402,00002336,0000001257,'Student','Y'),
	(0000052403,00002336,0000001204,'Student','Y'),
	(0000052404,00002336,0000001242,'Student','Y'),
	(0000052405,00002337,0000002138,'Student','Y'),
	(0000052406,00002337,0000001191,'Student','Y'),
	(0000052407,00002337,0000002145,'Student','Y'),
	(0000052408,00002337,0000001680,'Student','Y'),
	(0000052409,00002339,0000001154,'Student','Y'),
	(0000052410,00002339,0000001214,'Student','Y'),
	(0000052411,00002339,0000001233,'Student','Y'),
	(0000052412,00002339,0000001160,'Student','Y'),
	(0000052413,00002339,0000002090,'Student','Y'),
	(0000052414,00002339,0000001276,'Student','Y'),
	(0000052415,00002339,0000001201,'Student','Y'),
	(0000052416,00002339,0000001814,'Student','Y'),
	(0000052417,00002339,0000002120,'Student','Y'),
	(0000052418,00002339,0000001179,'Student','Y'),
	(0000052419,00002339,0000001251,'Student','Y'),
	(0000052420,00002340,0000001154,'Student','N'),
	(0000052421,00002340,0000001214,'Student','N'),
	(0000052422,00002340,0000001233,'Student','N'),
	(0000052423,00002340,0000001160,'Student','N'),
	(0000052424,00002340,0000002090,'Student','N'),
	(0000052425,00002340,0000001276,'Student','N'),
	(0000052426,00002340,0000001201,'Student','N'),
	(0000052427,00002340,0000001814,'Student','N'),
	(0000052428,00002340,0000002120,'Student','N'),
	(0000052429,00002340,0000001179,'Student','N'),
	(0000052430,00002340,0000001251,'Student','N'),
	(0000052431,00002341,0000002090,'Student','Y'),
	(0000052432,00002341,0000002411,'Student','Y'),
	(0000052433,00002341,0000002353,'Student','Y'),
	(0000052434,00002341,0000002145,'Student','Y'),
	(0000052435,00002341,0000001214,'Student','Y'),
	(0000052436,00002341,0000001201,'Student','Y'),
	(0000052437,00002341,0000001814,'Student','Y'),
	(0000052438,00002342,0000001236,'Student','Y'),
	(0000052439,00002523,0000001233,'Student','Y'),
	(0000052440,00002342,0000001257,'Student','Y'),
	(0000052441,00002523,0000001204,'Student','Y'),
	(0000052442,00002342,0000001245,'Student','Y'),
	(0000052443,00002523,0000001200,'Student','Y'),
	(0000052444,00002342,0000002103,'Student','Y'),
	(0000052445,00002523,0000001163,'Student','Y'),
	(0000052446,00002342,0000001548,'Student','Y'),
	(0000052447,00002523,0000001254,'Student','Y'),
	(0000052448,00002342,0000001275,'Student','Y'),
	(0000052449,00002523,0000001191,'Student','Y'),
	(0000052450,00002342,0000001157,'Student','Y'),
	(0000052451,00002523,0000001226,'Student','Y'),
	(0000052452,00002342,0000001259,'Student','Y'),
	(0000052453,00002523,0000001179,'Student','Y'),
	(0000052454,00002342,0000001178,'Student','Y'),
	(0000052455,00002523,0000002120,'Student','Y'),
	(0000052456,00002342,0000001154,'Student','Y'),
	(0000052457,00002523,0000001160,'Student','Y'),
	(0000052458,00002342,0000001276,'Student','Y'),
	(0000052459,00002523,0000001528,'Student','Y'),
	(0000052460,00002342,0000001251,'Student','Y'),
	(0000052461,00002343,0000001191,'Student','Y'),
	(0000052462,00002343,0000001179,'Student','Y'),
	(0000052463,00002343,0000002103,'Student','Y'),
	(0000052464,00002525,0000001191,'Student','N'),
	(0000052465,00002525,0000001179,'Student','N'),
	(0000052466,00002525,0000002103,'Student','N'),
	(0000052467,00002525,0000001226,'Student','Y'),
	(0000052468,00002525,0000001814,'Student','Y'),
	(0000052469,00002525,0000001236,'Student','Y'),
	(0000052470,00002525,0000002353,'Student','Y'),
	(0000052471,00002525,0000001259,'Student','Y'),
	(0000052472,00002344,0000001254,'Student','Y'),
	(0000052474,00002344,0000001257,'Student','Y'),
	(0000052475,00002546,0000001680,'Student','Y'),
	(0000052476,00002344,0000001163,'Student','Y'),
	(0000052477,00002546,0000002353,'Student','Y'),
	(0000052478,00002344,0000001275,'Student','Y'),
	(0000052479,00002546,0000001204,'Student','Y'),
	(0000052480,00002344,0000001191,'Student','Y'),
	(0000052481,00002546,0000001242,'Student','Y'),
	(0000052482,00002344,0000001179,'Student','Y'),
	(0000052483,00002546,0000001233,'Student','Y'),
	(0000052485,00002546,0000001160,'Student','Y'),
	(0000052486,00002344,0000001276,'Student','Y'),
	(0000052487,00002546,0000001157,'Student','Y'),
	(0000052488,00002344,0000001245,'Student','Y'),
	(0000052489,00002546,0000001528,'Student','Y'),
	(0000052490,00002344,0000001548,'Student','Y'),
	(0000052491,00002546,0000001193,'Student','Y'),
	(0000052492,00002345,0000001259,'Student','Y'),
	(0000052493,00002345,0000001201,'Student','Y'),
	(0000052494,00002345,0000002100,'Student','Y'),
	(0000052495,00002345,0000002145,'Student','Y'),
	(0000052496,00002345,0000001200,'Student','Y'),
	(0000052497,00002345,0000002103,'Student','Y'),
	(0000052498,00002345,0000001814,'Student','Y'),
	(0000052499,00002345,0000001251,'Student','Y'),
	(0000052500,00002345,0000001236,'Student','Y'),
	(0000052501,00002345,0000002411,'Student','Y'),
	(0000052502,00002345,0000002090,'Student','Y'),
	(0000052503,00002345,0000001226,'Student','Y'),
	(0000052504,00002345,0000001214,'Student','Y'),
	(0000052505,00002345,0000001178,'Student','Y'),
	(0000052506,00002346,0000001160,'Student','Y'),
	(0000052507,00002346,0000001276,'Student','Y'),
	(0000052508,00002346,0000001680,'Student','Y'),
	(0000052509,00002346,0000001214,'Student','Y'),
	(0000052510,00002346,0000001251,'Student','Y'),
	(0000052511,00002346,0000002120,'Student','Y'),
	(0000052512,00002346,0000001528,'Student','Y'),
	(0000052513,00002346,0000001201,'Student','Y'),
	(0000052514,00002346,0000001193,'Student','Y'),
	(0000052515,00002346,0000001233,'Student','Y'),
	(0000052516,00002346,0000001257,'Student','Y'),
	(0000052517,00002346,0000001179,'Student','Y'),
	(0000052518,00002346,0000001163,'Student','Y'),
	(0000052519,00002346,0000001548,'Student','Y'),
	(0000052520,00002348,0000001204,'Student','Y'),
	(0000052521,00002348,0000001245,'Student','Y'),
	(0000052522,00002348,0000001226,'Student','Y'),
	(0000052523,00002348,0000001528,'Student','Y'),
	(0000052524,00002348,0000001193,'Student','Y'),
	(0000052525,00002348,0000001236,'Student','Y'),
	(0000052526,00002348,0000001680,'Student','Y'),
	(0000052527,00002348,0000001259,'Student','Y'),
	(0000052528,00002349,0000001204,'Student','N'),
	(0000052529,00002349,0000001245,'Student','N'),
	(0000052530,00002349,0000001226,'Student','N'),
	(0000052531,00002349,0000001528,'Student','N'),
	(0000052532,00002349,0000001193,'Student','N'),
	(0000052533,00002349,0000001236,'Student','N'),
	(0000052534,00002349,0000001680,'Student','N'),
	(0000052535,00002349,0000001259,'Student','N'),
	(0000052536,00002551,0000001245,'Student','Y'),
	(0000052537,00002350,0000001245,'Student','N'),
	(0000052538,00002350,0000001154,'Student','Y'),
	(0000052539,00002350,0000001254,'Student','Y'),
	(0000052540,00002577,0000001200,'Student','Y'),
	(0000052541,00002577,0000001226,'Student','Y'),
	(0000052542,00002577,0000001259,'Student','Y'),
	(0000052543,00002577,0000001251,'Student','Y'),
	(0000052544,00002577,0000001236,'Student','Y'),
	(0000052545,00002577,0000002103,'Student','Y'),
	(0000052546,00002578,0000002120,'Student','Y'),
	(0000052547,00002578,0000002090,'Student','Y'),
	(0000052548,00002578,0000001157,'Student','Y'),
	(0000052549,00002578,0000001242,'Student','Y'),
	(0000052550,00002578,0000001179,'Student','Y'),
	(0000052551,00002578,0000001233,'Student','Y'),
	(0000052552,00002578,0000001257,'Student','Y'),
	(0000052553,00002578,0000001154,'Student','Y'),
	(0000052554,00002578,0000001160,'Student','Y'),
	(0000052555,00002578,0000001276,'Student','Y'),
	(0000052556,00002578,0000001245,'Student','Y'),
	(0000052557,00002578,0000001163,'Student','Y'),
	(0000052558,00002578,0000001214,'Student','Y'),
	(0000052559,00002578,0000001275,'Student','Y'),
	(0000052560,00002578,0000001204,'Student','Y'),
	(0000052561,00002578,0000001201,'Student','Y'),
	(0000052562,00002578,0000001814,'Student','Y'),
	(0000052563,00002579,0000001254,'Student','Y'),
	(0000052564,00002579,0000001191,'Student','Y'),
	(0000052565,00002579,0000002411,'Student','Y'),
	(0000052566,00002579,0000002145,'Student','Y'),
	(0000052567,00002579,0000001528,'Student','Y'),
	(0000052568,00002579,0000001193,'Student','Y'),
	(0000052569,00002579,0000001178,'Student','Y'),
	(0000052570,00002579,0000001680,'Student','Y'),
	(0000052571,00002579,0000001548,'Student','Y'),
	(0000052572,00002579,0000002100,'Student','Y'),
	(0000052573,00002579,0000002138,'Student','Y'),
	(0000052574,00002359,0000001236,'Student','Y'),
	(0000052575,00002359,0000002103,'Student','Y'),
	(0000052576,00002359,0000001200,'Student','Y'),
	(0000052577,00002359,0000001259,'Student','Y'),
	(0000052578,00002359,0000001226,'Student','Y'),
	(0000052579,00002360,0000001236,'Student','N'),
	(0000052580,00002360,0000002103,'Student','N'),
	(0000052581,00002360,0000001200,'Student','N'),
	(0000052582,00002360,0000001259,'Student','N'),
	(0000052583,00002360,0000001226,'Student','N'),
	(0000052584,00002360,0000001275,'Student','Y'),
	(0000052585,00002360,0000001157,'Student','Y'),
	(0000052586,00002360,0000001245,'Student','Y'),
	(0000052587,00002360,0000001242,'Student','Y'),
	(0000052588,00002360,0000002138,'Student','Y'),
	(0000052589,00002361,0000002145,'Student','Y'),
	(0000052590,00002361,0000001257,'Student','Y'),
	(0000052591,00002361,0000001157,'Student','Y'),
	(0000052592,00002361,0000001548,'Student','Y'),
	(0000052593,00002361,0000001178,'Student','Y'),
	(0000052594,00002361,0000001275,'Student','Y'),
	(0000052595,00002361,0000002411,'Student','Y'),
	(0000052596,00002361,0000001200,'Student','Y'),
	(0000052597,00002361,0000001163,'Student','Y'),
	(0000052598,00002582,0000002145,'Student','N'),
	(0000052599,00002582,0000001257,'Student','N'),
	(0000052600,00002582,0000001157,'Student','N'),
	(0000052601,00002582,0000001548,'Student','N'),
	(0000052602,00002582,0000001178,'Student','N'),
	(0000052603,00002582,0000001275,'Student','N'),
	(0000052604,00002582,0000002411,'Student','N'),
	(0000052605,00002582,0000001200,'Student','N'),
	(0000052606,00002582,0000001163,'Student','N'),
	(0000052607,00002582,0000002353,'Student','Y'),
	(0000052608,00002582,0000001204,'Student','Y'),
	(0000052609,00002582,0000002090,'Student','Y'),
	(0000052610,00002582,0000001242,'Student','Y'),
	(0000052611,00002582,0000002103,'Student','Y'),
	(0000052612,00002582,0000002100,'Student','Y'),
	(0000052613,00002363,0000001242,'Student','Y'),
	(0000052614,00002363,0000001680,'Student','Y'),
	(0000052615,00002364,0000001242,'Student','N'),
	(0000052616,00002364,0000001680,'Student','N'),
	(0000052617,00002364,0000001193,'Student','Y'),
	(0000052618,00002365,0000001254,'Student','Y'),
	(0000052619,00002365,0000001191,'Student','Y'),
	(0000052620,00002366,0000001254,'Student','N'),
	(0000052621,00002366,0000001191,'Student','N'),
	(0000052622,00002587,0000002145,'Student','Y'),
	(0000052623,00002587,0000002090,'Student','Y'),
	(0000052624,00002587,0000001178,'Student','Y'),
	(0000052625,00002588,0000002145,'Student','N'),
	(0000052626,00002588,0000002090,'Student','N'),
	(0000052627,00002588,0000001178,'Student','N'),
	(0000052628,00002588,0000002411,'Student','Y'),
	(0000052629,00002588,0000001200,'Student','Y'),
	(0000052630,00002414,0000002472,'Student','Y'),
	(0000052631,00002414,0000002615,'Student','Y'),
	(0000052632,00002414,0000002683,'Student','Y'),
	(0000052633,00002414,0000002636,'Student','Y'),
	(0000052634,00002414,0000002450,'Student','Y'),
	(0000052635,00002414,0000002485,'Student','Y'),
	(0000052636,00002414,0000002754,'Student','Y'),
	(0000052637,00002414,0000002695,'Student','Y'),
	(0000052638,00002414,0000002614,'Student','Y'),
	(0000052639,00002414,0000002459,'Student','Y'),
	(0000052640,00002414,0000002482,'Student','Y'),
	(0000052641,00002414,0000002447,'Student','Y'),
	(0000052642,00002414,0000002611,'Student','Y'),
	(0000052643,00002414,0000002679,'Student','Y'),
	(0000052644,00002414,0000002760,'Student','Y'),
	(0000052645,00002414,0000002746,'Student','Y'),
	(0000052646,00002414,0000002601,'Student','Y'),
	(0000052647,00002414,0000002627,'Student','Y'),
	(0000052648,00002414,0000002715,'Student','Y'),
	(0000052649,00002414,0000002610,'Student','Y'),
	(0000052650,00002414,0000002469,'Student','Y'),
	(0000052651,00002414,0000002645,'Student','Y'),
	(0000052652,00002414,0000002453,'Student','Y'),
	(0000052653,00002414,0000002460,'Student','Y'),
	(0000052654,00002414,0000002633,'Student','Y'),
	(0000052655,00002414,0000002607,'Student','Y'),
	(0000052656,00002414,0000002430,'Student','Y'),
	(0000052657,00002414,0000002696,'Student','Y'),
	(0000052658,00002414,0000002692,'Student','Y'),
	(0000052659,00002414,0000002563,'Student','Y'),
	(0000052660,00002414,0000002652,'Student','Y'),
	(0000052661,00002414,0000002743,'Student','Y'),
	(0000052662,00002414,0000002476,'Student','Y'),
	(0000052663,00002414,0000002699,'Student','Y'),
	(0000052664,00002414,0000002426,'Student','Y'),
	(0000052665,00002414,0000002630,'Student','Y'),
	(0000052666,00002414,0000002642,'Student','Y'),
	(0000052667,00002414,0000002702,'Student','Y'),
	(0000052668,00002414,0000002651,'Student','Y'),
	(0000052669,00002414,0000002657,'Student','Y'),
	(0000052670,00002414,0000002663,'Student','Y'),
	(0000052671,00002414,0000002621,'Student','Y'),
	(0000052672,00002414,0000002566,'Student','Y'),
	(0000052673,00002414,0000002427,'Student','Y'),
	(0000052674,00002414,0000002726,'Student','Y'),
	(0000052675,00002414,0000002639,'Student','Y'),
	(0000052676,00002414,0000002666,'Student','Y'),
	(0000052677,00002414,0000002479,'Student','Y'),
	(0000052678,00002414,0000002708,'Student','Y'),
	(0000052679,00002414,0000002576,'Student','Y'),
	(0000052680,00002414,0000002686,'Student','Y'),
	(0000052681,00002414,0000002433,'Student','Y'),
	(0000052682,00002414,0000002689,'Student','Y'),
	(0000052683,00002414,0000002436,'Student','Y'),
	(0000052684,00002414,0000002570,'Student','Y'),
	(0000052685,00002414,0000002580,'Student','Y'),
	(0000052686,00002414,0000002654,'Student','Y'),
	(0000052687,00002414,0000002586,'Student','Y'),
	(0000052688,00002414,0000002466,'Student','Y'),
	(0000052689,00002414,0000002670,'Student','Y'),
	(0000052690,00002414,0000002749,'Student','Y'),
	(0000052691,00002414,0000002711,'Student','Y'),
	(0000052692,00002414,0000002473,'Student','Y'),
	(0000052693,00002414,0000002624,'Student','Y'),
	(0000052694,00002414,0000002714,'Student','Y'),
	(0000052695,00002414,0000002705,'Student','Y'),
	(0000052696,00002414,0000002700,'Student','Y'),
	(0000052697,00002414,0000002604,'Student','Y'),
	(0000052698,00002414,0000002648,'Student','Y'),
	(0000052699,00002414,0000002660,'Student','Y'),
	(0000052700,00002414,0000002425,'Student','Y'),
	(0000052701,00002414,0000002598,'Student','Y'),
	(0000052702,00002414,0000002573,'Student','Y'),
	(0000052703,00002414,0000002592,'Student','Y'),
	(0000052704,00002414,0000002676,'Student','Y'),
	(0000052705,00002414,0000002463,'Student','Y'),
	(0000052706,00002414,0000002680,'Student','Y'),
	(0000052707,00002414,0000002589,'Student','Y'),
	(0000052708,00002414,0000002595,'Student','Y'),
	(0000052709,00002414,0000002583,'Student','Y'),
	(0000052710,00002414,0000002761,'Student','Y'),
	(0000052711,00002414,0000002618,'Student','Y'),
	(0000052712,00002292,0000001642,'Student','Y'),
	(0000052713,00002292,0000001639,'Student','Y'),
	(0000052714,00002292,0000001744,'Student','Y'),
	(0000052715,00002292,0000001721,'Student','Y'),
	(0000052716,00002292,0000002719,'Student','Y'),
	(0000052717,00002292,0000001686,'Student','Y'),
	(0000052718,00002292,0000001591,'Student','Y'),
	(0000052719,00002292,0000002033,'Student','Y'),
	(0000052720,00002292,0000002309,'Student','Y'),
	(0000052721,00002292,0000001600,'Student','Y'),
	(0000052722,00002292,0000001791,'Student','Y'),
	(0000052723,00002292,0000001730,'Student','Y'),
	(0000052724,00002292,0000002156,'Student','Y'),
	(0000052725,00002292,0000002737,'Student','Y'),
	(0000052726,00002292,0000001801,'Student','Y'),
	(0000052727,00002292,0000001761,'Student','Y'),
	(0000052728,00002292,0000002097,'Student','Y'),
	(0000052729,00002292,0000001779,'Student','Y'),
	(0000052730,00002291,0000001645,'Student','Y'),
	(0000052731,00002291,0000002081,'Student','Y'),
	(0000052732,00002291,0000002060,'Student','Y'),
	(0000052733,00002291,0000001848,'Student','Y'),
	(0000052734,00002291,0000002035,'Student','Y'),
	(0000052735,00002291,0000001700,'Student','Y'),
	(0000052736,00002291,0000001617,'Student','Y'),
	(0000052737,00002291,0000002673,'Student','Y'),
	(0000052738,00002291,0000001735,'Student','Y'),
	(0000052739,00002291,0000001612,'Student','Y'),
	(0000052740,00002291,0000001706,'Student','Y'),
	(0000052741,00002291,0000002488,'Student','Y'),
	(0000052742,00002291,0000002087,'Student','Y'),
	(0000052743,00002291,0000001627,'Student','Y'),
	(0000052744,00002291,0000002401,'Student','Y'),
	(0000052745,00002291,0000001773,'Student','Y'),
	(0000052746,00002291,0000001739,'Student','Y'),
	(0000052747,00002291,0000002066,'Student','Y'),
	(0000052748,00002291,0000001828,'Student','Y'),
	(0000052749,00002291,0000001677,'Student','Y'),
	(0000052750,00002545,0000002386,'Student','Y'),
	(0000052751,00002545,0000002063,'Student','Y'),
	(0000052752,00002545,0000001753,'Student','Y'),
	(0000052753,00002545,0000001713,'Student','Y'),
	(0000052754,00002545,0000002441,'Student','Y'),
	(0000052755,00002545,0000001654,'Student','Y'),
	(0000052756,00002545,0000001858,'Student','Y'),
	(0000052757,00002545,0000002548,'Student','Y'),
	(0000052758,00002545,0000001831,'Student','Y'),
	(0000052759,00002545,0000001796,'Student','Y'),
	(0000052760,00002545,0000001667,'Student','Y'),
	(0000052761,00002545,0000001616,'Student','Y'),
	(0000052762,00002545,0000001609,'Student','Y'),
	(0000052763,00002545,0000001657,'Student','Y'),
	(0000052764,00002545,0000001621,'Student','Y'),
	(0000052765,00002545,0000001628,'Student','Y'),
	(0000052766,00002545,0000001603,'Student','Y'),
	(0000052767,00002545,0000002723,'Student','Y'),
	(0000052768,00002347,0000001276,'Student','Y'),
	(0000052769,00002347,0000001157,'Student','Y'),
	(0000052770,00002347,0000001275,'Student','Y'),
	(0000052771,00002347,0000002100,'Student','Y'),
	(0000052772,00002347,0000001251,'Student','Y'),
	(0000052773,00002347,0000001236,'Student','Y'),
	(0000052774,00002347,0000001257,'Student','Y'),
	(0000052775,00002347,0000001163,'Student','Y'),
	(0000052776,00002347,0000001191,'Student','Y'),
	(0000052777,00002347,0000001226,'Student','Y'),
	(0000052778,00002347,0000002138,'Student','Y'),
	(0000052779,00002347,0000001160,'Student','Y'),
	(0000052780,00002347,0000002145,'Student','Y'),
	(0000052781,00002347,0000001178,'Student','Y'),
	(0000052782,00002347,0000002411,'Student','Y'),
	(0000052783,00002347,0000001214,'Student','Y'),
	(0000052784,00002347,0000001204,'Student','Y'),
	(0000052785,00002347,0000001245,'Student','Y'),
	(0000052786,00002347,0000002120,'Student','Y'),
	(0000052787,00002347,0000001200,'Student','Y'),
	(0000052788,00002347,0000001680,'Student','Y'),
	(0000052789,00002347,0000001193,'Student','Y'),
	(0000052790,00002347,0000001154,'Student','Y'),
	(0000052791,00002347,0000001259,'Student','Y'),
	(0000052792,00002347,0000001233,'Student','Y'),
	(0000052793,00002347,0000001548,'Student','Y'),
	(0000052794,00002347,0000001814,'Student','Y'),
	(0000052795,00002347,0000001254,'Student','Y'),
	(0000052796,00002347,0000001242,'Student','Y'),
	(0000052797,00002347,0000001528,'Student','Y'),
	(0000052798,00002347,0000001201,'Student','Y'),
	(0000052799,00002347,0000002103,'Student','Y'),
	(0000052800,00002347,0000002090,'Student','Y'),
	(0000052801,00002347,0000001179,'Student','Y'),
	(0000052802,00002338,0000001276,'Student','Y'),
	(0000052803,00002338,0000001157,'Student','Y'),
	(0000052804,00002338,0000001275,'Student','Y'),
	(0000052805,00002338,0000002100,'Student','Y'),
	(0000052806,00002338,0000001251,'Student','Y'),
	(0000052807,00002338,0000001236,'Student','Y'),
	(0000052808,00002338,0000001257,'Student','Y'),
	(0000052809,00002338,0000001163,'Student','Y'),
	(0000052810,00002338,0000001191,'Student','Y'),
	(0000052811,00002338,0000001226,'Student','Y'),
	(0000052812,00002338,0000002138,'Student','Y'),
	(0000052813,00002338,0000001160,'Student','Y'),
	(0000052814,00002338,0000002145,'Student','Y'),
	(0000052815,00002338,0000001178,'Student','Y'),
	(0000052816,00002338,0000002411,'Student','Y'),
	(0000052817,00002338,0000001214,'Student','Y'),
	(0000052818,00002338,0000001204,'Student','Y'),
	(0000052819,00002338,0000001245,'Student','Y'),
	(0000052820,00002338,0000002120,'Student','Y'),
	(0000052821,00002338,0000001200,'Student','Y'),
	(0000052822,00002338,0000001680,'Student','Y'),
	(0000052823,00002338,0000001193,'Student','Y'),
	(0000052824,00002338,0000001154,'Student','Y'),
	(0000052825,00002338,0000001259,'Student','Y'),
	(0000052826,00002338,0000001233,'Student','Y'),
	(0000052827,00002338,0000001548,'Student','Y'),
	(0000052828,00002338,0000001814,'Student','Y'),
	(0000052829,00002338,0000001254,'Student','Y'),
	(0000052830,00002338,0000001242,'Student','Y'),
	(0000052831,00002338,0000001528,'Student','Y'),
	(0000052832,00002338,0000001201,'Student','Y'),
	(0000052833,00002338,0000002103,'Student','Y'),
	(0000052834,00002338,0000002090,'Student','Y'),
	(0000052835,00002338,0000001179,'Student','Y'),
	(0000052836,00002557,0000002472,'Student','Y'),
	(0000052837,00002557,0000002615,'Student','Y'),
	(0000052838,00002557,0000002683,'Student','Y'),
	(0000052839,00002557,0000002636,'Student','Y'),
	(0000052840,00002557,0000002450,'Student','Y'),
	(0000052841,00002557,0000002485,'Student','Y'),
	(0000052842,00002557,0000002754,'Student','Y'),
	(0000052843,00002557,0000002695,'Student','Y'),
	(0000052844,00002557,0000002614,'Student','Y'),
	(0000052845,00002557,0000002459,'Student','Y'),
	(0000052846,00002557,0000002482,'Student','Y'),
	(0000052847,00002557,0000002447,'Student','Y'),
	(0000052848,00002557,0000002611,'Student','Y'),
	(0000052849,00002557,0000002679,'Student','Y'),
	(0000052850,00002557,0000002760,'Student','Y'),
	(0000052851,00002557,0000002746,'Student','Y'),
	(0000052852,00002557,0000002601,'Student','Y'),
	(0000052853,00002557,0000002627,'Student','Y'),
	(0000052854,00002557,0000002715,'Student','Y'),
	(0000052855,00002557,0000002610,'Student','Y'),
	(0000052856,00002557,0000002469,'Student','Y'),
	(0000052857,00002559,0000002645,'Student','Y'),
	(0000052858,00002559,0000002453,'Student','Y'),
	(0000052859,00002559,0000002460,'Student','Y'),
	(0000052860,00002559,0000002633,'Student','Y'),
	(0000052861,00002559,0000002607,'Student','Y'),
	(0000052862,00002559,0000002430,'Student','Y'),
	(0000052863,00002559,0000002696,'Student','Y'),
	(0000052864,00002559,0000002692,'Student','Y'),
	(0000052865,00002559,0000002563,'Student','Y'),
	(0000052866,00002559,0000002652,'Student','Y'),
	(0000052867,00002559,0000002743,'Student','Y'),
	(0000052868,00002559,0000002476,'Student','Y'),
	(0000052869,00002559,0000002699,'Student','Y'),
	(0000052870,00002559,0000002426,'Student','Y'),
	(0000052871,00002559,0000002630,'Student','Y'),
	(0000052872,00002559,0000002642,'Student','Y'),
	(0000052873,00002559,0000002702,'Student','Y'),
	(0000052874,00002559,0000002651,'Student','Y'),
	(0000052875,00002559,0000002657,'Student','Y'),
	(0000052876,00002559,0000002663,'Student','Y'),
	(0000052877,00002559,0000002621,'Student','Y'),
	(0000052878,00002558,0000002566,'Student','Y'),
	(0000052879,00002558,0000002427,'Student','Y'),
	(0000052880,00002558,0000002726,'Student','Y'),
	(0000052881,00002558,0000002639,'Student','Y'),
	(0000052882,00002558,0000002666,'Student','Y'),
	(0000052883,00002558,0000002479,'Student','Y'),
	(0000052884,00002558,0000002708,'Student','Y'),
	(0000052885,00002558,0000002576,'Student','Y'),
	(0000052886,00002558,0000002686,'Student','Y'),
	(0000052887,00002558,0000002433,'Student','Y'),
	(0000052888,00002558,0000002689,'Student','Y'),
	(0000052889,00002558,0000002436,'Student','Y'),
	(0000052890,00002558,0000002570,'Student','Y'),
	(0000052891,00002558,0000002580,'Student','Y'),
	(0000052892,00002558,0000002654,'Student','Y'),
	(0000052893,00002558,0000002586,'Student','Y'),
	(0000052894,00002558,0000002466,'Student','Y'),
	(0000052895,00002558,0000002670,'Student','Y'),
	(0000052896,00002558,0000002749,'Student','Y'),
	(0000052897,00002558,0000002711,'Student','Y'),
	(0000052898,00002558,0000002473,'Student','Y'),
	(0000052899,00002558,0000002624,'Student','Y'),
	(0000052900,00002560,0000002714,'Student','Y'),
	(0000052901,00002560,0000002705,'Student','Y'),
	(0000052902,00002560,0000002700,'Student','Y'),
	(0000052903,00002560,0000002604,'Student','Y'),
	(0000052904,00002560,0000002648,'Student','Y'),
	(0000052905,00002560,0000002660,'Student','Y'),
	(0000052906,00002560,0000002425,'Student','Y'),
	(0000052907,00002560,0000002598,'Student','Y'),
	(0000052908,00002560,0000002573,'Student','Y'),
	(0000052909,00002560,0000002592,'Student','Y'),
	(0000052910,00002560,0000002676,'Student','Y'),
	(0000052911,00002560,0000002463,'Student','Y'),
	(0000052912,00002560,0000002680,'Student','Y'),
	(0000052913,00002560,0000002589,'Student','Y'),
	(0000052914,00002560,0000002595,'Student','Y'),
	(0000052915,00002560,0000002583,'Student','Y'),
	(0000052916,00002560,0000002761,'Student','Y'),
	(0000052917,00002560,0000002618,'Student','Y'),
	(0000052918,00002328,0000001396,'Student','Y'),
	(0000052919,00002328,0000001571,'Student','Y'),
	(0000052920,00002328,0000001403,'Student','Y'),
	(0000052921,00002328,0000001399,'Student','Y'),
	(0000052922,00002328,0000001400,'Student','Y'),
	(0000052923,00002328,0000001483,'Student','Y'),
	(0000052924,00002328,0000001507,'Student','Y'),
	(0000052925,00002328,0000001867,'Student','Y'),
	(0000052926,00002328,0000001631,'Student','Y'),
	(0000052927,00002328,0000001710,'Student','Y'),
	(0000052928,00002329,0000001445,'Student','Y'),
	(0000052929,00002329,0000002729,'Student','Y'),
	(0000052930,00002329,0000002380,'Student','Y'),
	(0000052931,00002329,0000001388,'Student','Y'),
	(0000052932,00002329,0000002398,'Student','Y'),
	(0000052933,00002329,0000001364,'Student','Y'),
	(0000052934,00002331,0000001396,'Student','Y'),
	(0000052935,00002331,0000001571,'Student','Y'),
	(0000052936,00002331,0000001403,'Student','Y'),
	(0000052937,00002331,0000001399,'Student','Y'),
	(0000052938,00002331,0000001400,'Student','Y'),
	(0000052939,00002331,0000001483,'Student','Y'),
	(0000052940,00002331,0000001507,'Student','Y'),
	(0000052941,00002331,0000001867,'Student','Y'),
	(0000052942,00002331,0000001631,'Student','Y'),
	(0000052943,00002331,0000001710,'Student','Y'),
	(0000052944,00002330,0000001445,'Student','Y'),
	(0000052945,00002330,0000002729,'Student','Y'),
	(0000052946,00002330,0000002380,'Student','Y'),
	(0000052947,00002330,0000001388,'Student','Y'),
	(0000052948,00002330,0000002398,'Student','Y'),
	(0000052949,00002330,0000001364,'Student','Y'),
	(0000052950,00002319,0000001396,'Student','Y'),
	(0000052951,00002319,0000001571,'Student','Y'),
	(0000052952,00002319,0000001403,'Student','Y'),
	(0000052953,00002319,0000001399,'Student','Y'),
	(0000052954,00002319,0000001400,'Student','Y'),
	(0000052955,00002319,0000001483,'Student','Y'),
	(0000052956,00002319,0000001507,'Student','Y'),
	(0000052957,00002319,0000001867,'Student','Y'),
	(0000052958,00002319,0000001631,'Student','Y'),
	(0000052959,00002319,0000001710,'Student','Y'),
	(0000052960,00002320,0000001445,'Student','Y'),
	(0000052961,00002320,0000002729,'Student','Y'),
	(0000052962,00002320,0000002380,'Student','Y'),
	(0000052963,00002320,0000001388,'Student','Y'),
	(0000052964,00002320,0000002398,'Student','Y'),
	(0000052965,00002320,0000001364,'Student','Y'),
	(0000052966,00002587,0000001200,'Student','N'),
	(0000052967,00002546,0000001154,'Student','Y'),
	(0000052968,00002344,0000002120,'Student','Y');

ALTER TABLE `gibbonCourseClassPerson` ENABLE KEYS;
UNLOCK TABLES;


# Dump of table gibbonDepartment
# ------------------------------------------------------------

LOCK TABLES `gibbonDepartment` WRITE;
ALTER TABLE `gibbonDepartment` DISABLE KEYS;

INSERT INTO `gibbonDepartment` (`gibbonDepartmentID`, `type`, `name`, `nameShort`, `subjectListing`, `blurb`, `logo`)
VALUES
	(0004,'Learning Area','Science','SCI','Sciences','',''),
	(0005,'Learning Area','The Arts','TA','Art, Dance, Drama, Media, Music','',''),
	(0006,'Learning Area','Humanities','HUM','Humanities, Economics, Religious Studies, Environmental Management','',''),
	(0007,'Learning Area','English','ENG','English, English as an Additional Language','',''),
	(0008,'Learning Area','Languages','LNG','Chinese First Language, Chinese Second Language, Japanese, Spanish','',''),
	(0010,'Learning Area','Physical Education','PE','Physical Education','',''),
	(0011,'Administration','Finance','FIN','','',''),
	(0012,'Administration','Library','LIB','','',''),
	(0014,'Administration','IT Services','ITS','','',''),
	(0015,'Learning Area','Pastoral','PAST','','',''),
	(0016,'Learning Area','Mathematics','MA','Maths','',''),
	(0018,'Learning Area','Human Technologies','HT','HT, PSHE, DCVT, ENF','',''),
	(0022,'Learning Area','Individual Needs','IN','','','');

ALTER TABLE `gibbonDepartment` ENABLE KEYS;
UNLOCK TABLES;


# Dump of table gibbonDepartmentStaff
# ------------------------------------------------------------

LOCK TABLES `gibbonDepartmentStaff` WRITE;
ALTER TABLE `gibbonDepartmentStaff` DISABLE KEYS;

INSERT INTO `gibbonDepartmentStaff` (`gibbonDepartmentStaffID`, `gibbonDepartmentID`, `gibbonPersonID`, `role`)
VALUES
	(000001,0001,0000000001,'Coordinator'),
	(000002,0002,0000000001,'Coordinator'),
	(000006,0005,0000000117,'Coordinator'),
	(000007,0005,0000000143,'Teacher'),
	(000008,0005,0000000141,'Teacher'),
	(000012,0004,0000000139,'Other'),
	(000015,0008,0000000122,'Coordinator'),
	(000026,0010,0000000119,'Coordinator'),
	(000030,0004,0000000377,'Teacher'),
	(000036,0008,0000000198,'Teacher (Curriculum)'),
	(000037,0008,0000000140,'Teacher (Curriculum)'),
	(000038,0008,0000000378,'Teacher (Curriculum)'),
	(000041,0005,0000000374,'Teacher (Curriculum)'),
	(000044,0008,0000000144,'Coordinator'),
	(000045,0007,0000000151,'Teacher (Curriculum)'),
	(000046,0007,0000000145,'Teacher (Curriculum)'),
	(000047,0010,0000000373,'Teacher (Curriculum)'),
	(000048,0004,0000000146,'Teacher (Curriculum)'),
	(000050,0006,0000000770,'Teacher (Curriculum)'),
	(000051,0005,0000000771,'Teacher (Curriculum)'),
	(000052,0008,0000000771,'Teacher (Curriculum)'),
	(000053,0004,0000000622,'Teacher (Curriculum)'),
	(000054,0008,0000000772,'Teacher (Curriculum)'),
	(000056,0006,0000000774,'Teacher (Curriculum)'),
	(000057,0004,0000000775,'Teacher (Curriculum)'),
	(000061,0011,0000000385,'Director'),
	(000062,0012,0000000824,'Director'),
	(000064,0014,0000000001,'Director'),
	(000066,0006,0000000771,'Teacher (Curriculum)'),
	(000068,0015,0000000774,'Coordinator'),
	(000069,0015,0000000142,'Coordinator'),
	(000070,0007,0000000769,'Coordinator'),
	(000071,0007,0000000142,'Teacher (Curriculum)'),
	(000072,0006,0000000137,'Teacher (Curriculum)'),
	(000077,0015,0000000117,'Teacher (Curriculum)'),
	(000081,0015,0000000123,'Teacher (Curriculum)'),
	(000082,0015,0000000769,'Teacher (Curriculum)'),
	(000085,0015,0000000622,'Teacher (Curriculum)'),
	(000088,0015,0000000773,'Teacher (Curriculum)'),
	(000090,0015,0000000771,'Teacher (Curriculum)'),
	(000093,0008,0000001057,'Teacher (Curriculum)'),
	(000094,0015,0000000772,'Teacher (Curriculum)'),
	(000096,0004,0000000868,'Coordinator'),
	(000098,0004,0000001055,'Teacher (Curriculum)'),
	(000106,0015,0000001055,'Teacher (Curriculum)'),
	(000108,0005,0000001053,'Teacher (Curriculum)'),
	(000111,0006,0000001110,'Teacher (Curriculum)'),
	(000114,0004,0000001112,'Teacher (Curriculum)'),
	(000115,0016,0000000773,'Coordinator'),
	(000118,0016,0000000866,'Teacher (Curriculum)'),
	(000119,0016,0000001104,'Teacher (Curriculum)'),
	(000125,0006,0000000151,'Teacher (Curriculum)'),
	(000126,0005,0000000770,'Teacher (Curriculum)'),
	(000127,0007,0000001123,'Teacher (Curriculum)'),
	(000128,0007,0000001118,'Teacher (Curriculum)'),
	(000129,0007,0000001053,'Teacher (Curriculum)'),
	(000130,0007,0000000867,'Coordinator'),
	(000131,0006,0000001118,'Teacher (Curriculum)'),
	(000132,0006,0000001120,'Teacher (Curriculum)'),
	(000133,0006,0000001121,'Teacher (Curriculum)'),
	(000134,0008,0000001119,'Teacher (Curriculum)'),
	(000135,0008,0000001122,'Teacher (Curriculum)'),
	(000136,0008,0000001116,'Teacher (Curriculum)'),
	(000137,0016,0000001117,'Teacher (Curriculum)'),
	(000138,0004,0000001121,'Teacher (Curriculum)'),
	(000139,0004,0000001117,'Teacher (Curriculum)'),
	(000141,0006,0000000589,'Teacher (Curriculum)'),
	(000142,0005,0000000375,'Coordinator'),
	(000143,0004,0000001120,'Teacher (Curriculum)'),
	(000144,0005,0000000871,'Teacher (Curriculum)'),
	(000145,0015,0000000869,'Teacher (Curriculum)'),
	(000146,0015,0000001121,'Coordinator'),
	(000147,0015,0000001123,'Teacher (Curriculum)'),
	(000148,0015,0000000124,'Teacher (Curriculum)'),
	(000149,0015,0000000868,'Teacher (Curriculum)'),
	(000150,0015,0000000375,'Teacher (Curriculum)'),
	(000151,0015,0000000866,'Teacher (Curriculum)'),
	(000152,0015,0000001104,'Teacher (Curriculum)'),
	(000153,0015,0000001053,'Teacher (Curriculum)'),
	(000154,0015,0000001117,'Teacher (Curriculum)'),
	(000155,0015,0000000870,'Teacher (Curriculum)'),
	(000156,0015,0000000120,'Teacher (Curriculum)'),
	(000157,0015,0000000867,'Teacher (Curriculum)'),
	(000158,0015,0000000140,'Teacher (Curriculum)'),
	(000159,0015,0000000151,'Teacher (Curriculum)'),
	(000160,0015,0000001120,'Teacher (Curriculum)'),
	(000161,0015,0000000871,'Teacher (Curriculum)'),
	(000162,0015,0000000198,'Teacher (Curriculum)'),
	(000163,0015,0000001119,'Teacher (Curriculum)'),
	(000166,0018,0000000373,'Teacher (Curriculum)'),
	(000168,0010,0000001489,'Teacher (Curriculum)'),
	(000169,0007,0000001502,'Teacher (Curriculum)'),
	(000173,0016,0000001501,'Teacher (Curriculum)'),
	(000174,0004,0000001505,'Teacher (Curriculum)'),
	(000175,0004,0000001501,'Teacher (Curriculum)'),
	(000177,0016,0000000868,'Coordinator'),
	(000183,0007,0000001778,'Teacher (Curriculum)'),
	(000185,0007,0000001776,'Teacher (Curriculum)'),
	(000186,0008,0000001776,'Teacher (Curriculum)'),
	(000187,0005,0000001776,'Teacher (Curriculum)'),
	(000189,0018,0000001777,'Teacher (Curriculum)'),
	(000190,0007,0000001777,'Teacher (Curriculum)'),
	(000191,0018,0000001506,'Teacher (Curriculum)'),
	(000192,0005,0000001506,'Teacher (Curriculum)'),
	(000200,0018,0000001119,'Teacher (Curriculum)'),
	(000201,0018,0000001110,'Teacher (Curriculum)'),
	(000204,0007,0000000871,'Teacher (Curriculum)'),
	(000205,0008,0000001873,'Teacher (Curriculum)'),
	(000207,0016,0000000120,'Coordinator'),
	(000209,0018,0000002027,'Teacher (Curriculum)'),
	(000222,0006,0000002028,'Teacher (Curriculum)'),
	(000223,0004,0000002026,'Teacher (Curriculum)'),
	(000224,0004,0000002025,'Teacher (Curriculum)'),
	(000225,0018,0000000124,'Teacher (Curriculum)'),
	(000227,0018,0000001502,'Teacher (Curriculum)'),
	(000230,0018,0000002028,'Teacher (Curriculum)'),
	(000231,0015,0000000144,'Teacher (Curriculum)'),
	(000232,0015,0000000373,'Teacher (Curriculum)'),
	(000233,0015,0000000119,'Teacher (Curriculum)'),
	(000234,0015,0000002096,'Teacher (Curriculum)'),
	(000235,0015,0000002075,'Teacher (Curriculum)'),
	(000236,0015,0000000374,'Teacher (Curriculum)'),
	(000237,0015,0000001122,'Teacher (Curriculum)'),
	(000238,0015,0000001506,'Teacher (Curriculum)'),
	(000239,0015,0000002027,'Teacher (Curriculum)'),
	(000240,0015,0000001776,'Teacher (Curriculum)'),
	(000241,0015,0000001110,'Teacher (Curriculum)'),
	(000242,0015,0000000589,'Teacher (Curriculum)'),
	(000243,0015,0000001502,'Teacher (Curriculum)'),
	(000244,0015,0000001778,'Teacher (Curriculum)'),
	(000245,0015,0000000770,'Teacher (Curriculum)'),
	(000246,0015,0000000001,'Teacher (Curriculum)'),
	(000247,0015,0000001777,'Teacher (Curriculum)'),
	(000248,0015,0000002026,'Teacher (Curriculum)'),
	(000249,0015,0000002025,'Teacher (Curriculum)'),
	(000250,0015,0000001799,'Teacher (Curriculum)'),
	(000251,0015,0000002028,'Teacher (Curriculum)'),
	(000252,0010,0000001104,'Teacher (Curriculum)'),
	(000253,0010,0000001776,'Teacher (Curriculum)'),
	(000254,0010,0000002134,'Teacher (Curriculum)'),
	(000255,0022,0000001110,'Coordinator'),
	(000256,0022,0000002096,'Teacher (Curriculum)'),
	(000257,0016,0000002312,'Teacher (Curriculum)'),
	(000258,0007,0000002312,'Teacher (Curriculum)'),
	(000259,0018,0000001778,'Coordinator'),
	(000260,0018,0000000001,'Teacher (Curriculum)'),
	(000261,0018,0000001122,'Teacher (Curriculum)'),
	(000262,0018,0000002134,'Teacher (Curriculum)'),
	(000263,0018,0000001123,'Teacher (Curriculum)'),
	(000264,0018,0000001104,'Teacher (Curriculum)'),
	(000265,0018,0000000119,'Teacher (Curriculum)'),
	(000266,0006,0000000124,'Teacher (Curriculum)'),
	(000267,0006,0000002027,'Coordinator'),
	(000268,0004,0000000589,'Teacher (Curriculum)'),
	(000269,0004,0000000870,'Coordinator'),
	(000270,0005,0000000001,'Teacher (Curriculum)'),
	(000273,0004,0000002326,'Teacher (Curriculum)'),
	(000275,0015,0000002326,'Teacher (Curriculum)'),
	(000276,0015,0000002134,'Teacher (Curriculum)'),
	(000277,0008,0000002347,'Teacher (Curriculum)'),
	(000278,0005,0000002363,'Teacher (Curriculum)'),
	(000279,0008,0000000869,'Assistant Coordinator'),
	(000280,0004,0000002134,'Teacher (Curriculum)'),
	(000281,0016,0000001601,'Teacher (Curriculum)'),
	(000282,0008,0000002551,'Teacher (Curriculum)'),
	(000283,0008,0000002552,'Teacher (Curriculum)'),
	(000284,0007,0000002562,'Teacher (Curriculum)');

ALTER TABLE `gibbonDepartmentStaff` ENABLE KEYS;
UNLOCK TABLES;


# Dump of table gibbonFamily
# ------------------------------------------------------------

LOCK TABLES `gibbonFamily` WRITE;
ALTER TABLE `gibbonFamily` DISABLE KEYS;

INSERT INTO `gibbonfamily` (`id`, `name`, `nameAddress`, `homeAddress`, `homeAddressDistrict`, `homeAddressCountry`, `status`, `languageHomePrimary`, `languageHomeSecondary`, `familySync`) VALUES
(0000005, 'Lane - Moore', 'Dr Nero Land & Ms Guinevere Moore', '', NULL, '', 'Married', 'en', NULL, '5'),
(0000009, 'Nolan - Zimmerman', 'Ms Odette Zimmerman & Mr Oren Nolan', '8 Cantello Ave', 000003, 'AU', 'Married', 'en', NULL, '9'),
(0000019, 'Alvarez - Clay', 'Ms Faith Clay & Mr Devin Alvarez', '', 000013, 'AU', 'Married', 'en', NULL, '19'),
(0000025, 'Ellis - Webster', 'Mrs Alea Webster & Mr Dane Ellis', '', NULL, '', 'Married', 'en', NULL, '25'),
(0000047, '47', '', '', NULL, '', 'Married', '', '', '47'),
(0000050, '50', '', '', NULL, '', 'Married', '', '', '50'),
(0000065, '65', '', '', NULL, '', 'Married', '', '', '65'),
(0000088, 'Thaddeus Parrish', 'Mr. Thaddeus Parrish', '', NULL, '', 'Other', 'en', NULL, '88'),
(0000089, '89', '', '', NULL, '', 'Married', '', '', '89'),
(0000131, '131', '', '', NULL, '', 'Married', '', '', '131'),
(0000132, 'Fowler - Rowe', 'Ms Cathleen Rowe\n & Mr. Norman Fowler', '', NULL, '', 'Married', 'en', NULL, '132'),
(0000142, 'Vang - Freeman', 'Ms Jaden Freeman & Mr Ishmael Vang', '', NULL, '', 'Married', 'en', NULL, '142'),
(0000148, 'Blackwell-Schultz', 'Mr Micah Blackwell & Ms Jada Schultz', '', NULL, '', 'De Facto', 'en', NULL, '148'),
(0000154, '154', '', '', NULL, '', 'Married', '', '', '154'),
(0000156, '156', '', '', NULL, '', 'Married', '', '', '156'),
(0000165, '165', '', '', NULL, '', 'Married', '', '', '165'),
(0000180, '180', '', '', NULL, '', 'Married', '', '', '180'),
(0000188, 'Curry - Schultz', 'Ms Kevyn Schultz & Mr Isabella Curry', '', NULL, '', 'Married', 'en', NULL, '188'),
(0000199, 'M. & S. Stone', 'Mrs. Sasha Stone\n & Mr. Melissa Stone', '', 000005, 'AU', 'Married', 'en', NULL, '199'),
(0000206, '206', '', '', NULL, '', 'Married', '', '', '206'),
(0000211, '211', '', '', NULL, '', 'Married', '', '', '211'),
(0000216, '216', '', '', NULL, '', 'Married', '', '', '216'),
(0000221, '221', '', '', NULL, '', 'Married', '', '', '221'),
(0000232, '232', '', '', NULL, '', 'Married', '', '', '232'),
(0000264, '264', '', '', NULL, '', 'Married', '', '', '264'),
(0000274, '274', '', '', NULL, '', 'Married', '', '', '274'),
(0000282, '282', '', '', NULL, '', 'Married', '', '', '282'),
(0000289, '289', '', '', NULL, '', 'Married', '', '', '289'),
(0000292, '292', '', '', NULL, '', 'Married', '', '', '292'),
(0000295, '295', '', '', NULL, '', 'Married', '', '', '295'),
(0000298, '298', '', '', NULL, '', 'Married', '', '', '298'),
(0000300, '300', '', '', NULL, '', 'Married', '', '', '300'),
(0000312, '312', '', '', NULL, '', 'Married', '', '', '312'),
(0000321, '321', '', '', NULL, '', 'Married', '', '', '321'),
(0000327, '327', '', '', NULL, '', 'Married', '', '', '327'),
(0000330, '330', '', '', NULL, '', 'Married', '', '', '330'),
(0000331, '331', '', '', NULL, '', 'Married', '', '', '331'),
(0000332, '332', '', '', NULL, '', 'Married', '', '', '332'),
(0000345, '345', '', '', NULL, '', 'Married', '', '', '345'),
(0000351, '351', '', '', NULL, '', 'Married', '', '', '351'),
(0000365, '365', '', '', NULL, '', 'Married', '', '', '365'),
(0000366, '366', '', '', NULL, '', 'Married', '', '', '366'),
(0000367, '367', '', '', NULL, '', 'Married', '', '', '367'),
(0000368, '368', '', '', NULL, '', 'Married', '', '', '368'),
(0000369, '369', '', '', NULL, '', 'Married', '', '', '369'),
(0000373, '373', '', '', NULL, '', 'Married', '', '', '373'),
(0000374, '374', '', '', NULL, '', 'Married', '', '', '374'),
(0000377, '377', '', '', NULL, '', 'Married', '', '', '377'),
(0000378, '378', '', '', NULL, '', 'Married', '', '', '378'),
(0000380, '380', '', '', NULL, '', 'Married', '', '', '380'),
(0000381, '381', '', '', NULL, '', 'Married', '', '', '381'),
(0000382, '382', '', '', NULL, '', 'Married', '', '', '382'),
(0000384, '384', '', '', NULL, '', 'Married', '', '', '384'),
(0000386, '386', '', '', NULL, '', 'Married', '', '', '386'),
(0000389, '389', '', '', NULL, '', 'Married', '', '', '389'),
(0000390, '390', '', '', NULL, '', 'Married', '', '', '390'),
(0000392, '392', '', '', NULL, '', 'Married', '', '', '392'),
(0000393, '393', '', '', NULL, '', 'Married', '', '', '393'),
(0000395, '395', '', '', NULL, '', 'Married', '', '', '395'),
(0000396, '396', '', '', NULL, '', 'Married', '', '', '396'),
(0000398, '398', '', '', NULL, '', 'Married', '', '', '398'),
(0000399, '399', '', '', NULL, '', 'Married', '', '', '399'),
(0000403, '403', '', '', NULL, '', 'Married', '', '', '403'),
(0000407, '407', '', '', NULL, '', 'Married', '', '', '407'),
(0000412, '412', '', '', NULL, '', 'Married', '', '', '412'),
(0000416, '416', '', '', NULL, '', 'Married', '', '', '416'),
(0000418, '418', '', '', NULL, '', 'Married', '', '', '418'),
(0000425, '425', '', '', NULL, '', 'Married', '', '', '425'),
(0000426, '426', '', '', NULL, '', 'Married', '', '', '426'),
(0000427, '427', '', '', NULL, '', 'Married', '', '', '427'),
(0000429, '429', '', '', NULL, '', 'Married', '', '', '429'),
(0000430, '430', '', '', NULL, '', 'Married', '', '', '430'),
(0000432, '432', '', '', NULL, '', 'Married', '', '', '432'),
(0000436, '436', '', '', NULL, '', 'Married', '', '', '436'),
(0000437, '437', '', '', NULL, '', 'Married', '', '', '437'),
(0000438, '438', '', '', NULL, '', 'Married', '', '', '438'),
(0000439, '439', '', '', NULL, '', 'Married', '', '', '439'),
(0000440, '440', '', '', NULL, '', 'Married', '', '', '440'),
(0000441, '441', '', '', NULL, '', 'Married', '', '', '441'),
(0000445, '445', '', '', NULL, '', 'Married', '', '', '445'),
(0000448, '448', '', '', NULL, '', 'Married', '', '', '448'),
(0000449, '449', '', '', NULL, '', 'Married', '', '', '449'),
(0000450, '450', '', '', NULL, '', 'Married', '', '', '450'),
(0000454, '454', '', '', NULL, '', 'Married', '', '', '454'),
(0000460, '460', 'Mrs. Elaine Goodwin\n & Mr. Beau Solomon', '', 000009, '', 'Married', 'en', NULL, '460'),
(0000462, '462', '', '', NULL, '', 'Married', '', '', '462'),
(0000463, '463', '', '', NULL, '', 'Married', '', '', '463'),
(0000464, '464', '', '', NULL, '', 'Married', '', '', '464'),
(0000466, '466', '', '', NULL, '', 'Married', '', '', '466'),
(0000467, '467', '', '', NULL, '', 'Married', '', '', '467'),
(0000468, '468', '', '', NULL, '', 'Married', '', '', '468'),
(0000471, '471', '', '', NULL, '', 'Married', '', '', '471'),
(0000473, '473', '', '', NULL, '', 'Married', '', '', '473'),
(0000476, '476', '', '', NULL, '', 'Married', '', '', '476'),
(0000479, '479', '', '', NULL, '', 'Married', '', '', '479'),
(0000482, '482', '', '', NULL, '', 'Married', '', '', '482'),
(0000489, '489', '', '', NULL, '', 'Married', '', '', '489'),
(0000492, '492', '', '', NULL, '', 'Married', '', '', '492'),
(0000496, '496', '', '', NULL, '', 'Married', '', '', '496'),
(0000497, '497', '', '', NULL, '', 'Married', '', '', '497'),
(0000499, '499', '', '', NULL, '', 'Married', '', '', '499'),
(0000500, '500', '', '', NULL, '', 'Married', '', '', '500'),
(0000502, '502', '', '', NULL, '', 'Married', '', '', '502'),
(0000504, '504', '', '', NULL, '', 'Married', '', '', '504'),
(0000505, '505', '', '', NULL, '', 'Married', '', '', '505'),
(0000508, '508', '', '', NULL, '', 'Married', '', '', '508'),
(0000509, '509', '', '', NULL, '', 'Married', '', '', '509'),
(0000513, '513', '', '', NULL, '', 'Married', '', '', '513'),
(0000517, '517', '', '', NULL, '', 'Married', '', '', '517'),
(0000520, '520', '', '', NULL, '', 'Married', '', '', '520'),
(0000521, '521', '', '', NULL, '', 'Married', '', '', '521'),
(0000525, '525', '', '', NULL, '', 'Married', '', '', '525'),
(0000527, '527', '', '', NULL, '', 'Married', '', '', '527'),
(0000534, '534', '', '', NULL, '', 'Married', '', '', '534'),
(0000536, '536', '', '', NULL, '', 'Married', '', '', '536'),
(0000538, '538', '', '', NULL, '', 'Married', '', '', '538'),
(0000539, '539', '', '', NULL, '', 'Married', '', '', '539'),
(0000541, '541', '', '', NULL, '', 'Married', '', '', '541'),
(0000544, '544', '', '', NULL, '', 'Married', '', '', '544'),
(0000547, '547', '', '', NULL, '', 'Married', '', '', '547'),
(0000548, '548', '', '', NULL, '', 'Married', '', '', '548'),
(0000549, '549', '', '', NULL, '', 'Married', '', '', '549'),
(0000553, '553', '', '', NULL, '', 'Married', '', '', '553'),
(0000555, '555', '', '', NULL, '', 'Married', '', '', '555'),
(0000556, '556', '', '', NULL, '', 'Married', '', '', '556'),
(0000561, '561', '', '', NULL, '', 'Married', '', '', '561'),
(0000562, '562', '', '', NULL, '', 'Married', '', '', '562'),
(0000565, '565', '', '', NULL, '', 'Married', '', '', '565'),
(0000566, '566', '', '', NULL, '', 'Married', '', '', '566'),
(0000571, '571', '', '', NULL, '', 'Married', '', '', '571'),
(0000574, '574', '', '', NULL, '', 'Married', '', '', '574'),
(0000577, '577', '', '', NULL, '', 'Married', '', '', '577'),
(0000578, '578', '', '', NULL, '', 'Married', '', '', '578'),
(0000580, '580', '', '', NULL, '', 'Married', '', '', '580'),
(0000582, '582', '', '', NULL, '', 'Married', '', '', '582'),
(0000583, '583', '', '', NULL, '', 'Married', '', '', '583'),
(0000584, '584', '', '', NULL, '', 'Married', '', '', '584'),
(0000586, '586', '', '', NULL, '', 'Married', '', '', '586'),
(0000587, '587', '', '', NULL, '', 'Married', '', '', '587'),
(0000588, 'Lamb - Moore', 'Ms Daryl Moore & Mr Noelle Lamb', '', NULL, '', 'Married', 'en', NULL, '588'),
(0000590, '590', '', '', NULL, '', 'Married', '', '', '590'),
(0000591, '591', '', '', NULL, '', 'Married', '', '', '591'),
(0000592, '592', '', '', NULL, '', 'Married', '', '', '592'),
(0000593, '593', '', '', NULL, '', 'Married', '', '', '593'),
(0000594, '594', '', '', NULL, '', 'Married', '', '', '594'),
(0000595, '595', '', '', NULL, '', 'Married', '', '', '595'),
(0000596, '596', '', '', NULL, '', 'Married', '', '', '596'),
(0000598, '598', '', '', NULL, '', 'Married', '', '', '598'),
(0000601, '601', '', '', NULL, '', 'Married', '', '', '601'),
(0000604, '604', '', '', NULL, '', 'Married', '', '', '604'),
(0000607, '607', '', '', NULL, '', 'Married', '', '', '607'),
(0000609, '609', '', '', NULL, '', 'Married', '', '', '609'),
(0000610, '610', '', '', NULL, '', 'Married', '', '', '610'),
(0000612, '612', '', '', NULL, '', 'Married', '', '', '612'),
(0000613, '613', '', '', NULL, '', 'Married', '', '', '613'),
(0000614, '614', '', '', NULL, '', 'Married', '', '', '614'),
(0000615, '615', '', '', NULL, '', 'Married', '', '', '615'),
(0000616, '616', '', '', NULL, '', 'Married', '', '', '616'),
(0000617, '617', '', '', NULL, '', 'Married', '', '', '617'),
(0000619, '619', '', '', NULL, '', 'Married', '', '', '619'),
(0000621, '621', '', '', NULL, '', 'Married', '', '', '621'),
(0000622, '622', '', '', NULL, '', 'Married', '', '', '622'),
(0000623, '623', '', '', NULL, '', 'Married', '', '', '623'),
(0000625, '625', '', '', NULL, '', 'Married', '', '', '625'),
(0000626, '626', '', '', NULL, '', 'Married', '', '', '626'),
(0000627, '627', '', '', NULL, '', 'Married', '', '', '627'),
(0000628, '628', '', '', NULL, '', 'Married', '', '', '628'),
(0000629, '629', '', '', NULL, '', 'Married', '', '', '629'),
(0000630, '630', '', '', NULL, '', 'Married', '', '', '630'),
(0000631, '631', '', '', NULL, '', 'Married', '', '', '631'),
(0000637, '637', '', '', NULL, '', 'Married', '', '', '637'),
(0000638, '638', '', '', NULL, '', 'Married', '', '', '638'),
(0000639, '639', '', '', NULL, '', 'Married', '', '', '639'),
(0000642, '642', '', '', NULL, '', 'Married', '', '', '642'),
(0000643, '643', '', '', NULL, '', 'Married', '', '', '643'),
(0000644, '644', '', '', NULL, '', 'Married', '', '', '644'),
(0000645, '645', '', '', NULL, '', 'Married', '', '', '645'),
(0000646, '646', '', '', NULL, '', 'Married', '', '', '646'),
(0000647, '647', '', '', NULL, '', 'Married', '', '', '647'),
(0000648, '648', '', '', NULL, '', 'Married', '', '', '648'),
(0000649, '649', '', '', NULL, '', 'Married', '', '', '649'),
(0000650, '650', '', '', NULL, '', 'Married', '', '', '650'),
(0000651, '651', '', '', NULL, '', 'Married', '', '', '651'),
(0000652, 'Zimmerman - Anderson', 'Mr. Dolan Zimmerman\n & Ms. Dorothy Anderson', '', 000002, '', 'Married', 'en', NULL, '652'),
(0000654, '654', '', '', NULL, '', 'Married', '', '', '654'),
(0000655, '655', '', '', NULL, '', 'Married', '', '', '655'),
(0000657, '657', '', '', NULL, '', 'Married', '', '', '657'),
(0000658, '658', '', '', NULL, '', 'Married', '', '', '658'),
(0000660, '660', '', '', NULL, '', 'Married', '', '', '660'),
(0000661, '661', '', '', NULL, '', 'Married', '', '', '661'),
(0000662, '662', '', '', NULL, '', 'Married', '', '', '662'),
(0000663, '663', '', '', NULL, '', 'Married', '', '', '663'),
(0000664, '664', '', '', NULL, '', 'Married', '', '', '664'),
(0000669, 'Lucas - Harrison', 'Dr. Grady Lucas\n & Dr. Xyla Harrison', '', 000002, '', 'Married', 'en', NULL, '669'),
(0000670, '670', '', '', NULL, '', 'Married', '', '', '670'),
(0000671, '671', '', '', NULL, '', 'Married', '', '', '671'),
(0000672, '672', '', '', NULL, '', 'Married', '', '', '672'),
(0000673, '673', '', '', NULL, '', 'Married', '', '', '673'),
(0000674, '674', '', '', NULL, '', 'Married', '', '', '674'),
(0000675, '675', '', '', NULL, '', 'Married', '', '', '675'),
(0000676, '676', '', '', NULL, '', 'Married', '', '', '676'),
(0000678, '678', '', '', NULL, '', 'Married', '', '', '678'),
(0000679, '679', '', '', NULL, '', 'Married', '', '', '679'),
(0000680, '680', '', '', NULL, '', 'Married', '', '', '680'),
(0000681, '681', '', '', NULL, '', 'Married', '', '', '681'),
(0000683, '683', '', '', NULL, '', 'Married', '', '', '683'),
(0000684, '684', '', '', NULL, '', 'Married', '', '', '684'),
(0000685, '685', '', '', NULL, '', 'Married', '', '', '685'),
(0000687, '687', '', '', NULL, '', 'Married', '', '', '687'),
(0000688, 'Blair - Andrews', 'Mrs Germaine Andrews & M. Amanda Blair', '', NULL, '', 'Married', 'en', NULL, '688'),
(0000691, '691', '', '', NULL, '', 'Married', '', '', '691'),
(0000693, '693', '', '', NULL, '', 'Married', '', '', '693'),
(0000694, '694', '', '', NULL, '', 'Married', '', '', '694'),
(0000698, '698', '', '', NULL, '', 'Married', '', '', '698'),
(0000699, '699', '', '', NULL, '', 'Married', '', '', '699'),
(0000702, '702', '', '', NULL, '', 'Married', '', '', '702'),
(0000704, '704', '', '', NULL, '', 'Married', '', '', '704'),
(0000705, '705', '', '', NULL, '', 'Married', '', '', '705'),
(0000706, '706', '', '', NULL, '', 'Married', '', '', '706'),
(0000707, '707', '', '', NULL, '', 'Married', '', '', '707'),
(0000708, '708', '', '', NULL, '', 'Married', '', '', '708'),
(0000709, '709', '', '', NULL, '', 'Married', '', '', '709'),
(0000710, '710', '', '', NULL, '', 'Married', '', '', '710'),
(0000711, '711', '', '', NULL, '', 'Married', '', '', '711'),
(0000712, '712', '', '', NULL, '', 'Married', '', '', '712'),
(0000713, '713', '', '', NULL, '', 'Married', '', '', '713'),
(0000714, '714', '', '', NULL, '', 'Married', '', '', '714'),
(0000715, '715', '', '', NULL, '', 'Married', '', '', '715'),
(0000716, '716', '', '', NULL, '', 'Married', '', '', '716'),
(0000718, 'E & H Kirkland', 'Dr. Haley Kirkland\n & Mr. Eaton Kirkland', '', 000002, '', 'Married', 'en', NULL, '718'),
(0000719, '719', '', '', NULL, '', 'Married', '', '', '719'),
(0000720, '720', '', '', NULL, '', 'Married', '', '', '720'),
(0000721, '721', '', '', NULL, '', 'Married', '', '', '721'),
(0000722, '722', '', '', NULL, '', 'Married', '', '', '722'),
(0000723, '723', '', '', NULL, '', 'Married', '', '', '723'),
(0000725, '725', '', '', NULL, '', 'Married', '', '', '725'),
(0000728, '728', '', '', NULL, '', 'Married', '', '', '728'),
(0000729, '729', '', '', NULL, '', 'Married', '', '', '729'),
(0000730, '730', '', '', NULL, '', 'Married', '', '', '730'),
(0000732, '732', '', '', NULL, '', 'Married', '', '', '732'),
(0000733, '733', '', '', NULL, '', 'Married', '', '', '733'),
(0000734, '734', '', '', NULL, '', 'Married', '', '', '734'),
(0000735, '735', '', '', NULL, '', 'Married', '', '', '735'),
(0000736, '736', '', '', NULL, '', 'Married', '', '', '736'),
(0000737, '737', '', '', NULL, '', 'Married', '', '', '737'),
(0000738, '738', '', '', NULL, '', 'Married', '', '', '738'),
(0000739, '739', '', '', NULL, '', 'Married', '', '', '739'),
(0000740, '740', '', '', NULL, '', 'Married', '', '', '740'),
(0000741, '741', '', '', NULL, '', 'Married', '', '', '741'),
(0000742, '742', '', '', NULL, '', 'Married', '', '', '742'),
(0000743, '743', '', '', NULL, '', 'Married', '', '', '743'),
(0000744, '744', '', '', NULL, '', 'Married', '', '', '744'),
(0000747, '747', '', '', NULL, '', 'Married', '', '', '747'),
(0000748, '748', '', '', NULL, '', 'Married', '', '', '748'),
(0000749, '749', '', '', NULL, '', 'Married', '', '', '749'),
(0000750, '750', '', '', NULL, '', 'Married', '', '', '750'),
(0000751, '751', '', '', NULL, '', 'Married', '', '', '751'),
(0000752, '752', '', '', NULL, '', 'Married', '', '', '752'),
(0000753, '753', '', '', NULL, '', 'Married', '', '', '753'),
(0000754, '754', '', '', NULL, '', 'Married', '', '', '754'),
(0000755, '755', '', '', NULL, '', 'Married', '', '', '755'),
(0000756, '756', '', '', NULL, '', 'Married', '', '', '756'),
(0000757, '757', '', '', NULL, '', 'Married', '', '', '757'),
(0000759, '759', '', '', NULL, '', 'Married', '', '', '759'),
(0000760, '760', '', '', NULL, '', 'Married', '', '', '760'),
(0000761, '761', '', '', NULL, '', 'Married', '', '', '761'),
(0000762, '762', '', '', NULL, '', 'Married', '', '', '762'),
(0000763, '763', '', '', NULL, '', 'Married', '', '', '763'),
(0000764, '764', '', '', NULL, '', 'Married', '', '', '764'),
(0000765, '765', '', '', NULL, '', 'Married', '', '', '765'),
(0000767, '767', '', '', NULL, '', 'Married', '', '', '767'),
(0000768, '768', '', '', NULL, '', 'Married', '', '', '768'),
(0000769, '769', '', '', NULL, '', 'Married', '', '', '769'),
(0000770, '770', '', '', NULL, '', 'Married', '', '', '770'),
(0000771, '771', '', '', NULL, '', 'Married', '', '', '771'),
(0000772, '772', '', '', NULL, '', 'Married', '', '', '772'),
(0000773, '773', '', '', NULL, '', 'Married', '', '', '773'),
(0000774, '774', '', '', NULL, '', 'Married', '', '', '774'),
(0000775, '775', '', '', NULL, '', 'Married', '', '', '775'),
(0000776, '776', '', '', NULL, '', 'Married', '', '', '776'),
(0000777, '777', '', '', NULL, '', 'Married', '', '', '777'),
(0000778, 'Schultz - Blackwell', 'Ms Tamekah Blackwell & Mr Tobias Schultz', '', NULL, '', 'Married', 'en', NULL, '778'),
(0000779, '779', '', '', NULL, '', 'Married', '', '', '779'),
(0000780, '780', '', '', NULL, '', 'Married', '', '', '780'),
(0000781, '781', '', '', NULL, '', 'Married', '', '', '781'),
(0000782, '782', '', '', NULL, '', 'Married', '', '', '782'),
(0000783, '783', '', '', NULL, '', 'Married', '', '', '783'),
(0000784, '784', '', '', NULL, '', 'Married', '', '', '784'),
(0000785, '785', '', '', NULL, '', 'Married', '', '', '785'),
(0000786, '786', '', '', NULL, '', 'Married', '', '', '786'),
(0000787, '787', '', '', NULL, '', 'Married', '', '', '787'),
(0000789, '789', '', '', NULL, '', 'Married', '', '', '789'),
(0000790, '790', '', '', NULL, '', 'Married', '', '', '790'),
(0000791, '791', '', '', NULL, '', 'Married', '', '', '791'),
(0000792, '792', '', '', NULL, '', 'Married', '', '', '792'),
(0000793, '793', '', '', NULL, '', 'Married', '', '', '793'),
(0000794, '794', '', '', NULL, '', 'Married', '', '', '794'),
(0000795, '795', '', '', NULL, '', 'Married', '', '', '795'),
(0000796, '796', '', '', NULL, '', 'Married', '', '', '796'),
(0000797, '797', '', '', NULL, '', 'Married', '', '', '797'),
(0000798, '798', '', '', NULL, '', 'Married', '', '', '798'),
(0000799, '799', '', '', NULL, '', 'Married', '', '', '799'),
(0000800, '800', '', '', NULL, '', 'Married', '', '', '800'),
(0000801, '801', '', '', NULL, '', 'Married', '', '', '801'),
(0000802, '802', '', '', NULL, '', 'Married', '', '', '802'),
(0000803, '803', '', '', NULL, '', 'Married', '', '', '803'),
(0000804, '804', '', '', NULL, '', 'Married', '', '', '804'),
(0000805, '805', '', '', NULL, '', 'Married', '', '', '805'),
(0000806, '806', '', '', NULL, '', 'Married', '', '', '806'),
(0000807, '807', '', '', NULL, '', 'Married', '', '', '807'),
(0000808, '808', '', '', NULL, '', 'Married', '', '', '808'),
(0000809, '809', '', '', NULL, '', 'Married', '', '', '809'),
(0000810, '810', '', '', NULL, '', 'Married', '', '', '810'),
(0000811, '811', '', '', NULL, '', 'Married', '', '', '811'),
(0000812, '812', '', '', NULL, '', 'Married', '', '', '812'),
(0000813, '813', '', '', NULL, '', 'Married', '', '', '813'),
(0000814, '814', '', '', NULL, '', 'Married', '', '', '814'),
(0000815, '815', '', '', NULL, '', 'Married', '', '', '815'),
(0000816, '816', '', '', NULL, '', 'Married', '', '', '816'),
(0000817, '817', '', '', NULL, '', 'Married', '', '', '817'),
(0000818, '818', '', '', NULL, '', 'Married', '', '', '818'),
(0000819, '819', '', '', NULL, '', 'Married', '', '', '819'),
(0000820, '820', '', '', NULL, '', 'Married', '', '', '820'),
(0000821, '821', '', '', NULL, '', 'Married', '', '', '821'),
(0000822, '822', '', '', NULL, '', 'Married', '', '', '822'),
(0000823, '823', '', '', NULL, '', 'Married', '', '', '823'),
(0000824, '824', '', '', NULL, '', 'Married', '', '', '824'),
(0000825, '825', '', '', NULL, '', 'Married', '', '', '825'),
(0000826, '826', '', '', NULL, '', 'Married', '', '', '826'),
(0000827, '827', '', '', NULL, '', 'Married', '', '', '827'),
(0000828, '828', '', '', NULL, '', 'Married', '', '', '828'),
(0000829, '829', '', '', NULL, '', 'Married', '', '', '829'),
(0000830, '830', '', '', NULL, '', 'Married', '', '', '830'),
(0000831, '831', '', '', NULL, '', 'Married', '', '', '831'),
(0000832, '832', '', '', NULL, '', 'Married', '', '', '832'),
(0000833, '833', '', '', NULL, '', 'Married', '', '', '833'),
(0000834, '834', '', '', NULL, '', 'Married', '', '', '834'),
(0000835, '835', '', '', NULL, '', 'Married', '', '', '835'),
(0000836, '836', '', '', NULL, '', 'Married', '', '', '836'),
(0000837, '837', '', '', NULL, '', 'Married', '', '', '837'),
(0000838, '838', '', '', NULL, '', 'Married', '', '', '838'),
(0000839, '839', '', '', NULL, '', 'Married', '', '', '839'),
(0000840, '840', '', '', NULL, '', 'Married', '', '', '840'),
(0000841, '841', '', '', NULL, '', 'Married', '', '', '841'),
(0000842, '842', '', '', NULL, '', 'Married', '', '', '842'),
(0000843, '843', '', '', NULL, '', 'Married', '', '', '843'),
(0000844, '844', '', '', NULL, '', 'Married', '', '', '844'),
(0000845, 'Abbott - Britt', 'Mr Leonard Abbott\n & Mrs. Alfreda Britt', '', 000002, '', 'Married', 'en', NULL, '845'),
(0000846, '846', '', '', NULL, '', 'Married', '', '', '846'),
(0000847, '847', '', '', NULL, '', 'Married', '', '', '847'),
(0000848, '848', '', '', NULL, '', 'Married', '', '', '848'),
(0000849, '849', '', '', NULL, '', 'Married', '', '', '849'),
(0000850, '850', '', '', NULL, '', 'Married', '', '', '850'),
(0000851, '851', '', '', NULL, '', 'Married', '', '', '851'),
(0000852, '852', '', '', NULL, '', 'Married', '', '', '852'),
(0000853, '853', '', '', NULL, '', 'Married', '', '', '853');

ALTER TABLE `gibbonFamily` ENABLE KEYS;
UNLOCK TABLES;


# Dump of table gibbonFamilyAdult
# ------------------------------------------------------------

LOCK TABLES `gibbonFamilyAdult` WRITE;
ALTER TABLE `gibbonFamilyAdult` DISABLE KEYS;

INSERT INTO `gibbonfamilyadult` (`id`, `comment`, `childDataAccess`, `contactPriority`, `contactCall`, `contactSMS`, `contactEmail`, `contactMail`, `family`, `person`) VALUES
(00000016, '', 'Y', 2, 'Y', 'Y', 'Y', 'Y', 0000005, 0000000157),
(00000017, '', 'Y', 1, 'Y', 'Y', 'Y', 'Y', 0000005, 0000000158),
(00000024, '', 'Y', 2, 'Y', 'Y', 'Y', 'Y', 0000009, 0000000165),
(00000025, '', 'Y', 1, 'Y', 'Y', 'Y', 'Y', 0000009, 0000000166),
(00000041, '', 'Y', 2, 'Y', 'Y', 'Y', 'Y', 0000019, 0000000185),
(00000042, '', 'Y', 1, 'Y', 'Y', 'Y', 'Y', 0000019, 0000000186),
(00000053, '', 'Y', 2, 'Y', 'Y', 'Y', 'Y', 0000025, 0000000197),
(00000054, '', 'Y', 1, 'Y', 'Y', 'Y', 'Y', 0000025, 0000000198),
(00000095, '', 'Y', 2, 'Y', 'Y', 'Y', 'Y', 0000047, 0000000242),
(00000096, '', 'Y', 1, 'Y', 'Y', 'Y', 'Y', 0000047, 0000000243),
(00000099, '', 'Y', 2, 'Y', 'Y', 'Y', 'Y', 0000050, 0000000244),
(00000100, '', 'Y', 1, 'Y', 'Y', 'Y', 'Y', 0000050, 0000000245),
(00000127, '', 'Y', 2, 'Y', 'Y', 'Y', 'Y', 0000065, 0000000272),
(00000128, '', 'Y', 1, 'Y', 'Y', 'Y', 'Y', 0000065, 0000000273),
(00000163, '', 'Y', 1, 'Y', 'Y', 'Y', 'Y', 0000088, 0000000124),
(00000164, '', 'Y', 2, 'Y', 'Y', 'Y', 'Y', 0000089, 0000000308),
(00000165, '', 'Y', 1, 'Y', 'Y', 'Y', 'Y', 0000089, 0000000309),
(00000240, '', 'Y', 1, 'Y', 'Y', 'Y', 'Y', 0000131, 0000000397),
(00000241, '', 'Y', 2, 'Y', 'Y', 'Y', 'Y', 0000131, 0000000398),
(00000243, 'comment here', 'Y', 2, 'N', 'Y', 'Y', 'N', 0000132, 0000000414),
(00000244, NULL, 'Y', 1, 'Y', 'Y', 'Y', 'Y', 0000132, 0000000415),
(00000264, '', 'Y', 2, 'Y', 'Y', 'Y', 'Y', 0000142, 0000000446),
(00000265, NULL, 'Y', 1, 'Y', 'Y', 'Y', 'Y', 0000142, 0000000447),
(00000287, '', 'Y', 1, 'Y', 'Y', 'Y', 'Y', 0000154, 0000000482),
(00000290, '', 'Y', 1, 'Y', 'Y', 'Y', 'Y', 0000156, 0000000488),
(00000291, '', 'Y', 2, 'Y', 'Y', 'Y', 'Y', 0000156, 0000000487),
(00000307, '', 'Y', 1, 'Y', 'Y', 'Y', 'Y', 0000165, 0000000520),
(00000308, '', 'Y', 2, 'Y', 'Y', 'Y', 'Y', 0000165, 0000000519),
(00000337, '', 'Y', 1, 'Y', 'Y', 'Y', 'Y', 0000180, 0000000427),
(00000338, '', 'Y', 2, 'Y', 'Y', 'Y', 'Y', 0000180, 0000000428),
(00000349, '', 'Y', 2, 'Y', 'Y', 'Y', 'Y', 0000188, 0000000587),
(00000350, '', 'Y', 1, 'Y', 'Y', 'Y', 'Y', 0000188, 0000000586),
(00000367, '', 'Y', 2, 'Y', 'Y', 'Y', 'Y', 0000199, 0000000616),
(00000368, '', 'Y', 1, 'Y', 'Y', 'Y', 'Y', 0000199, 0000000615),
(00000378, '', 'Y', 2, 'Y', 'Y', 'Y', 'Y', 0000206, 0000000642),
(00000379, '', 'Y', 1, 'Y', 'Y', 'Y', 'Y', 0000206, 0000000641),
(00000393, '', 'Y', 2, 'Y', 'Y', 'Y', 'Y', 0000211, 0000000657),
(00000394, '', 'Y', 1, 'Y', 'Y', 'Y', 'Y', 0000211, 0000000656),
(00000402, '', 'Y', 2, 'Y', 'Y', 'Y', 'Y', 0000216, 0000000672),
(00000403, '', 'Y', 1, 'Y', 'Y', 'Y', 'Y', 0000216, 0000000671),
(00000404, '', 'Y', 1, 'Y', 'Y', 'Y', 'Y', 0000221, 0000000685),
(00000420, '', 'Y', 1, 'Y', 'Y', 'Y', 'Y', 0000232, 0000000717),
(00000421, '', 'Y', 2, 'Y', 'Y', 'Y', 'Y', 0000232, 0000000718),
(00000482, '', 'Y', 2, 'Y', 'Y', 'Y', 'Y', 0000264, 0000000821),
(00000483, '', 'Y', 1, 'Y', 'Y', 'Y', 'Y', 0000264, 0000000822),
(00000501, '', 'Y', 1, 'Y', 'Y', 'Y', 'Y', 0000274, 0000000850),
(00000502, '', 'Y', 2, 'Y', 'Y', 'Y', 'Y', 0000274, 0000000851),
(00000513, '', 'Y', 2, 'Y', 'Y', 'Y', 'Y', 0000282, 0000000877),
(00000514, '', 'Y', 1, 'Y', 'Y', 'Y', 'Y', 0000282, 0000000878),
(00000525, '', 'Y', 1, 'Y', 'Y', 'Y', 'Y', 0000289, 0000000898),
(00000530, '', 'Y', 2, 'Y', 'Y', 'Y', 'Y', 0000292, 0000000906),
(00000535, '', 'Y', 1, 'Y', 'Y', 'Y', 'Y', 0000295, 0000000914),
(00000536, '', 'Y', 2, 'Y', 'Y', 'Y', 'Y', 0000295, 0000000915),
(00000541, '', 'Y', 1, 'Y', 'Y', 'Y', 'Y', 0000298, 0000000923),
(00000542, '', 'Y', 2, 'Y', 'Y', 'Y', 'Y', 0000298, 0000000924),
(00000544, '', 'Y', 2, 'Y', 'Y', 'Y', 'Y', 0000300, 0000000929),
(00000545, '', 'Y', 1, 'Y', 'Y', 'Y', 'Y', 0000300, 0000000930),
(00000567, '', 'Y', 1, 'Y', 'Y', 'Y', 'Y', 0000312, 0000000965),
(00000568, '', 'Y', 2, 'Y', 'Y', 'Y', 'Y', 0000312, 0000000966),
(00000584, '', 'Y', 1, 'Y', 'Y', 'Y', 'Y', 0000321, 0000000993),
(00000594, '', 'Y', 1, 'Y', 'Y', 'Y', 'Y', 0000327, 0000001009),
(00000595, '', 'Y', 2, 'Y', 'Y', 'Y', 'Y', 0000327, 0000001010),
(00000599, '', 'Y', 1, 'Y', 'Y', 'Y', 'Y', 0000330, 0000001017),
(00000600, '', 'Y', 2, 'Y', 'Y', 'Y', 'Y', 0000330, 0000001018),
(00000601, '', 'Y', 1, 'Y', 'Y', 'Y', 'Y', 0000331, 0000001020),
(00000602, '', 'Y', 2, 'Y', 'Y', 'Y', 'Y', 0000331, 0000001021),
(00000603, '', 'Y', 1, 'Y', 'Y', 'Y', 'Y', 0000332, 0000001023),
(00000604, '', 'Y', 2, 'Y', 'Y', 'Y', 'Y', 0000332, 0000001024),
(00000613, '', 'Y', 2, 'Y', 'Y', 'Y', 'Y', 0000321, 0000001037),
(00000630, '', 'Y', 1, 'Y', 'Y', 'Y', 'Y', 0000345, 0000001067),
(00000631, '', 'Y', 2, 'Y', 'Y', 'Y', 'Y', 0000345, 0000001068),
(00000638, '', 'Y', 1, 'Y', 'Y', 'Y', 'Y', 0000292, 0000001078),
(00000643, '', 'Y', 1, 'Y', 'Y', 'Y', 'Y', 0000351, 0000001087),
(00000644, '', 'Y', 2, 'Y', 'Y', 'Y', 'Y', 0000351, 0000001088),
(00000673, '', 'Y', 1, 'Y', 'Y', 'Y', 'Y', 0000365, 0000001155),
(00000674, '', 'Y', 2, 'Y', 'Y', 'Y', 'Y', 0000365, 0000001156),
(00000675, '', 'Y', 1, 'Y', 'Y', 'Y', 'Y', 0000366, 0000001158),
(00000676, '', 'Y', 2, 'Y', 'Y', 'Y', 'Y', 0000366, 0000001159),
(00000677, '', 'Y', 1, 'Y', 'Y', 'Y', 'Y', 0000367, 0000001161),
(00000678, '', 'Y', 2, 'Y', 'Y', 'Y', 'Y', 0000367, 0000001162),
(00000679, '', 'Y', 1, 'Y', 'Y', 'Y', 'Y', 0000368, 0000001164),
(00000680, '', 'Y', 2, 'Y', 'Y', 'Y', 'Y', 0000368, 0000001165),
(00000681, '', 'Y', 1, 'Y', 'Y', 'Y', 'Y', 0000369, 0000001167),
(00000682, '', 'Y', 2, 'Y', 'Y', 'Y', 'Y', 0000369, 0000001168),
(00000689, '', 'Y', 1, 'Y', 'Y', 'Y', 'Y', 0000373, 0000001180),
(00000690, '', 'Y', 2, 'Y', 'Y', 'Y', 'Y', 0000373, 0000001181),
(00000691, '', 'Y', 1, 'Y', 'Y', 'Y', 'Y', 0000374, 0000001183),
(00000692, '', 'Y', 2, 'Y', 'Y', 'Y', 'Y', 0000374, 0000001184),
(00000697, '', 'Y', 1, 'Y', 'Y', 'Y', 'Y', 0000377, 0000001192),
(00000698, '', 'Y', 1, 'Y', 'Y', 'Y', 'Y', 0000378, 0000001194),
(00000699, '', 'Y', 2, 'Y', 'Y', 'Y', 'Y', 0000378, 0000001195),
(00000702, '', 'Y', 1, 'Y', 'Y', 'Y', 'Y', 0000380, 0000001202),
(00000703, '', 'Y', 2, 'Y', 'Y', 'Y', 'Y', 0000380, 0000001203),
(00000704, '', 'Y', 1, 'Y', 'Y', 'Y', 'Y', 0000381, 0000001205),
(00000705, '', 'Y', 2, 'Y', 'Y', 'Y', 'Y', 0000381, 0000001206),
(00000706, '', 'Y', 1, 'Y', 'Y', 'Y', 'Y', 0000382, 0000001208),
(00000707, '', 'Y', 2, 'Y', 'Y', 'Y', 'Y', 0000382, 0000001209),
(00000710, '', 'Y', 1, 'Y', 'Y', 'Y', 'Y', 0000384, 0000001215),
(00000711, '', 'Y', 2, 'Y', 'Y', 'Y', 'Y', 0000384, 0000001216),
(00000714, '', 'Y', 1, 'Y', 'Y', 'Y', 'Y', 0000386, 0000001223),
(00000715, '', 'Y', 2, 'Y', 'Y', 'Y', 'Y', 0000386, 0000001224),
(00000720, '', 'Y', 1, 'Y', 'Y', 'Y', 'Y', 0000389, 0000001234),
(00000721, '', 'Y', 2, 'Y', 'Y', 'Y', 'Y', 0000389, 0000001235),
(00000722, '', 'Y', 1, 'Y', 'Y', 'Y', 'Y', 0000390, 0000001237),
(00000723, '', 'Y', 2, 'Y', 'Y', 'Y', 'Y', 0000390, 0000001238),
(00000726, '', 'Y', 1, 'Y', 'Y', 'Y', 'Y', 0000392, 0000001243),
(00000727, '', 'Y', 2, 'Y', 'Y', 'Y', 'Y', 0000392, 0000001244),
(00000728, '', 'Y', 3, 'Y', 'Y', 'Y', 'Y', 0000393, 0000001246),
(00000729, '', 'Y', 1, 'Y', 'Y', 'Y', 'Y', 0000393, 0000001247),
(00000732, '', 'Y', 1, 'Y', 'Y', 'Y', 'Y', 0000395, 0000001252),
(00000733, '', 'Y', 2, 'Y', 'Y', 'Y', 'Y', 0000395, 0000001253),
(00000734, '', 'Y', 1, 'Y', 'Y', 'Y', 'Y', 0000396, 0000001255),
(00000735, '', 'Y', 2, 'Y', 'Y', 'Y', 'Y', 0000396, 0000001256),
(00000737, '', 'Y', 1, 'Y', 'Y', 'Y', 'Y', 0000398, 0000001260),
(00000738, '', 'Y', 2, 'Y', 'Y', 'Y', 'Y', 0000398, 0000001261),
(00000739, '', 'Y', 1, 'Y', 'Y', 'Y', 'Y', 0000399, 0000001264),
(00000740, '', 'Y', 2, 'Y', 'Y', 'Y', 'Y', 0000399, 0000001265),
(00000748, '', 'Y', 2, 'Y', 'Y', 'Y', 'Y', 0000403, 0000001278),
(00000755, '', 'Y', 1, 'Y', 'Y', 'Y', 'Y', 0000407, 0000001289),
(00000756, '', 'Y', 2, 'Y', 'Y', 'Y', 'Y', 0000407, 0000001290),
(00000765, '', 'Y', 1, 'Y', 'Y', 'Y', 'Y', 0000412, 0000001305),
(00000766, '', 'Y', 2, 'Y', 'Y', 'Y', 'Y', 0000412, 0000001306),
(00000773, '', 'Y', 1, 'Y', 'Y', 'Y', 'Y', 0000416, 0000001317),
(00000774, '', 'Y', 2, 'Y', 'Y', 'Y', 'Y', 0000416, 0000001318),
(00000777, '', 'Y', 1, 'Y', 'Y', 'Y', 'Y', 0000418, 0000001323),
(00000778, '', 'Y', 2, 'Y', 'Y', 'Y', 'Y', 0000418, 0000001324),
(00000788, '', 'Y', 1, 'Y', 'Y', 'Y', 'Y', 0000425, 0000001353),
(00000789, '', 'Y', 2, 'Y', 'Y', 'Y', 'Y', 0000425, 0000001354),
(00000790, '', 'Y', 1, 'Y', 'Y', 'Y', 'Y', 0000426, 0000001356),
(00000791, '', 'Y', 2, 'Y', 'Y', 'Y', 'Y', 0000426, 0000001357),
(00000792, '', 'Y', 1, 'Y', 'Y', 'Y', 'Y', 0000427, 0000001359),
(00000793, '', 'Y', 2, 'Y', 'Y', 'Y', 'Y', 0000427, 0000001360),
(00000796, '', 'Y', 1, 'Y', 'Y', 'Y', 'Y', 0000429, 0000001365),
(00000797, '', 'Y', 2, 'Y', 'Y', 'Y', 'Y', 0000429, 0000001366),
(00000798, '', 'Y', 1, 'Y', 'Y', 'Y', 'Y', 0000430, 0000001368),
(00000799, '', 'Y', 2, 'Y', 'Y', 'Y', 'Y', 0000430, 0000001369),
(00000802, '', 'Y', 1, 'Y', 'Y', 'Y', 'Y', 0000432, 0000001375),
(00000803, '', 'Y', 2, 'Y', 'Y', 'Y', 'Y', 0000432, 0000001376),
(00000813, '', 'Y', 1, 'Y', 'Y', 'Y', 'Y', 0000436, 0000001389),
(00000814, '', 'Y', 2, 'Y', 'Y', 'Y', 'Y', 0000436, 0000001390),
(00000815, '', 'Y', 1, 'Y', 'Y', 'Y', 'Y', 0000437, 0000001392),
(00000816, '', 'Y', 1, 'Y', 'Y', 'Y', 'Y', 0000438, 0000001394),
(00000817, '', 'Y', 2, 'Y', 'Y', 'Y', 'Y', 0000438, 0000001395),
(00000818, '', 'Y', 1, 'Y', 'Y', 'Y', 'Y', 0000439, 0000001397),
(00000819, '', 'Y', 2, 'Y', 'Y', 'Y', 'Y', 0000439, 0000001398),
(00000820, '', 'Y', 1, 'Y', 'Y', 'Y', 'Y', 0000440, 0000001401),
(00000821, '', 'Y', 2, 'Y', 'Y', 'Y', 'Y', 0000440, 0000001402),
(00000822, '', 'Y', 1, 'Y', 'Y', 'Y', 'Y', 0000441, 0000001404),
(00000823, '', 'Y', 2, 'Y', 'Y', 'Y', 'Y', 0000441, 0000001405),
(00000830, '', 'Y', 2, 'Y', 'Y', 'Y', 'Y', 0000445, 0000001417),
(00000831, '', 'Y', 1, 'Y', 'Y', 'Y', 'Y', 0000445, 0000001418),
(00000835, '', 'Y', 1, 'Y', 'Y', 'Y', 'Y', 0000448, 0000001425),
(00000836, '', 'Y', 2, 'Y', 'Y', 'Y', 'Y', 0000448, 0000001426),
(00000837, '', 'Y', 1, 'Y', 'Y', 'Y', 'Y', 0000449, 0000001428),
(00000838, '', 'Y', 2, 'Y', 'Y', 'Y', 'Y', 0000449, 0000001429),
(00000839, '', 'Y', 1, 'Y', 'Y', 'Y', 'Y', 0000450, 0000001431),
(00000840, '', 'Y', 2, 'Y', 'Y', 'Y', 'Y', 0000450, 0000001432),
(00000847, '', 'Y', 1, 'Y', 'Y', 'Y', 'Y', 0000454, 0000001446),
(00000848, '', 'Y', 2, 'Y', 'Y', 'Y', 'Y', 0000454, 0000001447),
(00000858, '', 'Y', 1, 'Y', 'Y', 'Y', 'Y', 0000460, 0000001466),
(00000859, '', 'Y', 2, 'Y', 'Y', 'Y', 'Y', 0000460, 0000001467),
(00000862, '', 'Y', 1, 'Y', 'Y', 'Y', 'Y', 0000462, 0000001472),
(00000863, '', 'Y', 2, 'Y', 'Y', 'Y', 'Y', 0000462, 0000001473),
(00000864, '', 'Y', 1, 'Y', 'Y', 'Y', 'Y', 0000463, 0000001475),
(00000865, '', 'Y', 2, 'Y', 'Y', 'Y', 'Y', 0000463, 0000001476),
(00000866, '', 'Y', 1, 'Y', 'Y', 'Y', 'Y', 0000464, 0000001478),
(00000867, '', 'Y', 2, 'Y', 'Y', 'Y', 'Y', 0000464, 0000001479),
(00000870, '', 'Y', 1, 'Y', 'Y', 'Y', 'Y', 0000466, 0000001484),
(00000872, '', 'Y', 1, 'Y', 'Y', 'Y', 'Y', 0000467, 0000001487),
(00000873, '', 'Y', 2, 'Y', 'Y', 'Y', 'Y', 0000467, 0000001488),
(00000874, '', 'Y', 1, 'Y', 'Y', 'Y', 'Y', 0000468, 0000001493),
(00000875, '', 'Y', 2, 'Y', 'Y', 'Y', 'Y', 0000468, 0000001494),
(00000880, '', 'Y', 1, 'Y', 'Y', 'Y', 'Y', 0000471, 0000001508),
(00000881, '', 'Y', 2, 'Y', 'Y', 'Y', 'Y', 0000471, 0000001509),
(00000885, '', 'Y', 1, 'Y', 'Y', 'Y', 'Y', 0000473, 0000001515),
(00000886, '', 'Y', 2, 'Y', 'Y', 'Y', 'Y', 0000473, 0000001516),
(00000891, '', 'Y', 1, 'Y', 'Y', 'Y', 'Y', 0000476, 0000001529),
(00000892, '', 'Y', 2, 'Y', 'Y', 'Y', 'Y', 0000476, 0000001530),
(00000897, '', 'Y', 1, 'Y', 'Y', 'Y', 'Y', 0000479, 0000001539),
(00000898, '', 'Y', 2, 'Y', 'Y', 'Y', 'Y', 0000479, 0000001540),
(00000903, '', 'Y', 1, 'Y', 'Y', 'Y', 'Y', 0000482, 0000001549),
(00000904, '', 'Y', 2, 'Y', 'Y', 'Y', 'Y', 0000482, 0000001550),
(00000917, '', 'Y', 1, 'Y', 'Y', 'Y', 'Y', 0000489, 0000001572),
(00000918, '', 'Y', 2, 'Y', 'Y', 'Y', 'Y', 0000489, 0000001573),
(00000919, '', 'Y', 2, 'Y', 'Y', 'Y', 'Y', 0000437, 0000001574),
(00000925, '', 'Y', 1, 'Y', 'Y', 'Y', 'Y', 0000492, 0000001586),
(00000926, '', 'Y', 2, 'Y', 'Y', 'Y', 'Y', 0000492, 0000001587),
(00000934, '', 'Y', 1, 'Y', 'Y', 'Y', 'Y', 0000496, 0000001601),
(00000935, '', 'Y', 2, 'Y', 'Y', 'Y', 'Y', 0000496, 0000001602),
(00000936, '', 'Y', 1, 'Y', 'Y', 'Y', 'Y', 0000497, 0000001604),
(00000937, '', 'Y', 2, 'Y', 'Y', 'Y', 'Y', 0000497, 0000001605),
(00000940, '', 'Y', 1, 'Y', 'Y', 'Y', 'Y', 0000499, 0000001610),
(00000941, '', 'Y', 2, 'Y', 'Y', 'Y', 'Y', 0000499, 0000001611),
(00000942, '', 'Y', 2, 'Y', 'Y', 'Y', 'Y', 0000500, 0000001613),
(00000943, '', 'Y', 1, 'Y', 'Y', 'Y', 'Y', 0000500, 0000001614),
(00000946, '', 'Y', 1, 'Y', 'Y', 'Y', 'Y', 0000502, 0000001622),
(00000947, '', 'Y', 2, 'Y', 'Y', 'Y', 'Y', 0000502, 0000001623),
(00000950, '', 'Y', 1, 'Y', 'Y', 'Y', 'Y', 0000504, 0000001629),
(00000951, '', 'Y', 2, 'Y', 'Y', 'Y', 'Y', 0000504, 0000001630),
(00000952, '', 'Y', 1, 'Y', 'Y', 'Y', 'Y', 0000505, 0000001632),
(00000957, '', 'Y', 1, 'Y', 'Y', 'Y', 'Y', 0000508, 0000001640),
(00000958, '', 'Y', 2, 'Y', 'Y', 'Y', 'Y', 0000508, 0000001641),
(00000959, '', 'Y', 1, 'Y', 'Y', 'Y', 'Y', 0000509, 0000001643),
(00000960, '', 'Y', 2, 'Y', 'Y', 'Y', 'Y', 0000509, 0000001644),
(00000967, '', 'Y', 1, 'Y', 'Y', 'Y', 'Y', 0000513, 0000001655),
(00000968, '', 'Y', 2, 'Y', 'Y', 'Y', 'Y', 0000513, 0000001656),
(00000976, '', 'Y', 2, 'Y', 'Y', 'Y', 'Y', 0000517, 0000001668),
(00000977, '', 'Y', 1, 'Y', 'Y', 'Y', 'Y', 0000517, 0000001669),
(00000981, '', 'Y', 2, 'Y', 'Y', 'Y', 'Y', 0000154, 0000000651),
(00000984, '', 'Y', 1, 'Y', 'Y', 'Y', 'Y', 0000520, 0000001678),
(00000985, '', 'Y', 2, 'Y', 'Y', 'Y', 'Y', 0000520, 0000001679),
(00000986, '', 'Y', 1, 'Y', 'Y', 'Y', 'Y', 0000521, 0000001681),
(00000987, '', 'Y', 2, 'Y', 'Y', 'Y', 'Y', 0000521, 0000001682),
(00000994, '', 'Y', 1, 'Y', 'Y', 'Y', 'Y', 0000525, 0000001693),
(00000995, '', 'Y', 2, 'Y', 'Y', 'Y', 'Y', 0000525, 0000001694),
(00000998, '', 'Y', 1, 'Y', 'Y', 'Y', 'Y', 0000527, 0000001701),
(00000999, '', 'Y', 2, 'Y', 'Y', 'Y', 'Y', 0000527, 0000001702),
(00001011, '', 'Y', 1, 'Y', 'Y', 'Y', 'Y', 0000534, 0000001722),
(00001012, '', 'Y', 2, 'Y', 'Y', 'Y', 'Y', 0000534, 0000001723),
(00001015, '', 'Y', 1, 'Y', 'Y', 'Y', 'Y', 0000536, 0000001731),
(00001018, '', 'Y', 1, 'Y', 'Y', 'Y', 'Y', 0000538, 0000001736),
(00001019, '', 'Y', 2, 'Y', 'Y', 'Y', 'Y', 0000538, 0000001737),
(00001020, '', 'Y', 1, 'Y', 'Y', 'Y', 'Y', 0000539, 0000001740),
(00001021, '', 'Y', 2, 'Y', 'Y', 'Y', 'Y', 0000539, 0000001741),
(00001024, '', 'Y', 1, 'Y', 'Y', 'Y', 'Y', 0000541, 0000001745),
(00001025, '', 'Y', 2, 'Y', 'Y', 'Y', 'Y', 0000541, 0000001746),
(00001030, '', 'Y', 1, 'Y', 'Y', 'Y', 'Y', 0000544, 0000001754),
(00001031, '', 'Y', 2, 'Y', 'Y', 'Y', 'Y', 0000544, 0000001755),
(00001035, '', 'Y', 1, 'Y', 'Y', 'Y', 'Y', 0000547, 0000001762),
(00001036, '', 'Y', 2, 'Y', 'Y', 'Y', 'Y', 0000547, 0000001763),
(00001037, '', 'Y', 1, 'Y', 'Y', 'Y', 'Y', 0000548, 0000001774),
(00001038, '', 'Y', 2, 'Y', 'Y', 'Y', 'Y', 0000548, 0000001775),
(00001039, '', 'Y', 1, 'Y', 'Y', 'Y', 'Y', 0000549, 0000001780),
(00001040, '', 'Y', 2, 'Y', 'Y', 'Y', 'Y', 0000549, 0000001781),
(00001046, '', 'Y', 1, 'Y', 'Y', 'Y', 'Y', 0000553, 0000001792),
(00001047, '', 'Y', 2, 'Y', 'Y', 'Y', 'Y', 0000553, 0000001793),
(00001049, '', 'Y', 1, 'Y', 'Y', 'Y', 'Y', 0000555, 0000001797),
(00001050, '', 'Y', 2, 'Y', 'Y', 'Y', 'Y', 0000555, 0000001798),
(00001052, '', 'Y', 2, 'Y', 'Y', 'Y', 'Y', 0000556, 0000001802),
(00001053, '', 'Y', 3, 'Y', 'Y', 'Y', 'Y', 0000556, 0000001803),
(00001059, '', 'Y', 1, 'Y', 'Y', 'Y', 'Y', 0000561, 0000001815),
(00001060, '', 'Y', 2, 'Y', 'Y', 'Y', 'Y', 0000561, 0000001816),
(00001061, '', 'Y', 1, 'Y', 'Y', 'Y', 'Y', 0000562, 0000001820),
(00001062, '', 'Y', 2, 'Y', 'Y', 'Y', 'Y', 0000562, 0000001821),
(00001067, '', 'Y', 1, 'Y', 'Y', 'Y', 'Y', 0000565, 0000001829),
(00001068, '', 'Y', 2, 'Y', 'Y', 'Y', 'Y', 0000565, 0000001830),
(00001070, '', 'Y', 2, 'Y', 'Y', 'Y', 'Y', 0000566, 0000001833),
(00001075, '', 'Y', 1, 'Y', 'Y', 'Y', 'Y', 0000566, 0000001778),
(00001080, '', 'Y', 1, 'Y', 'Y', 'Y', 'Y', 0000571, 0000001846),
(00001081, '', 'Y', 2, 'Y', 'Y', 'Y', 'Y', 0000571, 0000001847),
(00001086, '', 'Y', 1, 'Y', 'Y', 'Y', 'Y', 0000574, 0000001859),
(00001087, '', 'Y', 2, 'Y', 'Y', 'Y', 'Y', 0000574, 0000001860),
(00001092, '', 'Y', 1, 'Y', 'Y', 'Y', 'Y', 0000577, 0000001868),
(00001093, '', 'Y', 2, 'Y', 'Y', 'Y', 'Y', 0000577, 0000001869),
(00001094, '', 'Y', 1, 'Y', 'Y', 'Y', 'Y', 0000578, 0000001871),
(00001095, '', 'Y', 2, 'Y', 'Y', 'Y', 'Y', 0000578, 0000001872),
(00001099, '', 'Y', 1, 'Y', 'Y', 'Y', 'Y', 0000580, 0000001880),
(00001100, '', 'Y', 2, 'Y', 'Y', 'Y', 'Y', 0000580, 0000001881),
(00001103, '', 'Y', 1, 'Y', 'Y', 'Y', 'Y', 0000582, 0000001886),
(00001104, '', 'Y', 2, 'Y', 'Y', 'Y', 'Y', 0000582, 0000001887),
(00001105, '', 'Y', 1, 'Y', 'Y', 'Y', 'Y', 0000583, 0000001889),
(00001106, '', 'Y', 2, 'Y', 'Y', 'Y', 'Y', 0000583, 0000001890),
(00001107, '', 'Y', 1, 'Y', 'Y', 'Y', 'Y', 0000584, 0000001892),
(00001108, '', 'Y', 2, 'Y', 'Y', 'Y', 'Y', 0000584, 0000001893),
(00001111, '', 'Y', 1, 'Y', 'Y', 'Y', 'Y', 0000586, 0000001899),
(00001112, '', 'Y', 2, 'Y', 'Y', 'Y', 'Y', 0000586, 0000001900),
(00001113, '', 'Y', 1, 'Y', 'Y', 'Y', 'Y', 0000587, 0000001902),
(00001114, '', 'Y', 2, 'Y', 'Y', 'Y', 'Y', 0000587, 0000001903),
(00001115, NULL, 'Y', 1, 'Y', 'Y', 'Y', 'Y', 0000588, 0000001906),
(00001116, '', 'Y', 2, 'Y', 'Y', 'Y', 'Y', 0000588, 0000001907),
(00001119, '', 'Y', 1, 'Y', 'Y', 'Y', 'Y', 0000590, 0000001912),
(00001120, '', 'Y', 1, 'Y', 'Y', 'Y', 'Y', 0000591, 0000001916),
(00001121, '', 'Y', 2, 'Y', 'Y', 'Y', 'Y', 0000591, 0000001917),
(00001122, '', 'Y', 1, 'Y', 'Y', 'Y', 'Y', 0000592, 0000001919),
(00001123, '', 'Y', 2, 'Y', 'Y', 'Y', 'Y', 0000592, 0000001920),
(00001124, '', 'Y', 1, 'Y', 'Y', 'Y', 'Y', 0000593, 0000001922),
(00001125, '', 'Y', 2, 'Y', 'Y', 'Y', 'Y', 0000593, 0000001923),
(00001126, '', 'Y', 1, 'Y', 'Y', 'Y', 'Y', 0000594, 0000001926),
(00001127, '', 'Y', 2, 'Y', 'Y', 'Y', 'Y', 0000594, 0000001927),
(00001128, '', 'Y', 1, 'Y', 'Y', 'Y', 'Y', 0000595, 0000001929),
(00001129, '', 'Y', 2, 'Y', 'Y', 'Y', 'Y', 0000595, 0000001930),
(00001130, '', 'Y', 1, 'Y', 'Y', 'Y', 'Y', 0000596, 0000001932),
(00001131, '', 'Y', 2, 'Y', 'Y', 'Y', 'Y', 0000596, 0000001933),
(00001134, '', 'Y', 1, 'Y', 'Y', 'Y', 'Y', 0000598, 0000001938),
(00001135, '', 'Y', 2, 'Y', 'Y', 'Y', 'Y', 0000598, 0000001939),
(00001140, '', 'Y', 1, 'Y', 'Y', 'Y', 'Y', 0000601, 0000001947),
(00001141, '', 'Y', 2, 'Y', 'Y', 'Y', 'Y', 0000601, 0000001948),
(00001146, '', 'Y', 1, 'Y', 'Y', 'Y', 'Y', 0000604, 0000001956),
(00001147, '', 'Y', 2, 'Y', 'Y', 'Y', 'Y', 0000604, 0000001957),
(00001151, '', 'Y', 1, 'Y', 'Y', 'Y', 'Y', 0000607, 0000001965),
(00001152, '', 'Y', 2, 'Y', 'Y', 'Y', 'Y', 0000607, 0000001966),
(00001155, '', 'Y', 1, 'Y', 'Y', 'Y', 'Y', 0000609, 0000001971),
(00001156, '', 'Y', 2, 'Y', 'Y', 'Y', 'Y', 0000609, 0000001972),
(00001157, '', 'Y', 1, 'Y', 'Y', 'Y', 'Y', 0000610, 0000001975),
(00001158, '', 'Y', 2, 'Y', 'Y', 'Y', 'Y', 0000610, 0000001976),
(00001161, '', 'Y', 1, 'Y', 'Y', 'Y', 'Y', 0000612, 0000001981),
(00001162, '', 'Y', 2, 'Y', 'Y', 'Y', 'Y', 0000612, 0000001982),
(00001163, '', 'Y', 1, 'Y', 'Y', 'Y', 'Y', 0000613, 0000001984),
(00001164, '', 'Y', 2, 'Y', 'Y', 'Y', 'Y', 0000613, 0000001985),
(00001165, '', 'Y', 1, 'Y', 'Y', 'Y', 'Y', 0000614, 0000001987),
(00001166, '', 'Y', 2, 'Y', 'Y', 'Y', 'Y', 0000614, 0000001988),
(00001167, '', 'Y', 1, 'Y', 'Y', 'Y', 'Y', 0000615, 0000001990),
(00001168, '', 'Y', 2, 'Y', 'Y', 'Y', 'Y', 0000615, 0000001991),
(00001169, '', 'Y', 1, 'Y', 'Y', 'Y', 'Y', 0000616, 0000001993),
(00001170, '', 'Y', 2, 'Y', 'Y', 'Y', 'Y', 0000616, 0000001994),
(00001172, '', 'Y', 2, 'Y', 'Y', 'Y', 'Y', 0000617, 0000001997),
(00001174, '', 'Y', 1, 'Y', 'Y', 'Y', 'Y', 0000619, 0000002001),
(00001175, '', 'Y', 2, 'Y', 'Y', 'Y', 'Y', 0000619, 0000002002),
(00001178, '', 'Y', 1, 'Y', 'Y', 'Y', 'Y', 0000621, 0000002007),
(00001179, '', 'Y', 2, 'Y', 'Y', 'Y', 'Y', 0000621, 0000002008),
(00001180, '', 'Y', 1, 'Y', 'Y', 'Y', 'Y', 0000622, 0000002010),
(00001181, '', 'Y', 2, 'Y', 'Y', 'Y', 'Y', 0000622, 0000002011),
(00001182, '', 'Y', 1, 'Y', 'Y', 'Y', 'Y', 0000623, 0000002013),
(00001183, '', 'Y', 2, 'Y', 'Y', 'Y', 'Y', 0000623, 0000002014),
(00001186, '', 'Y', 1, 'Y', 'Y', 'Y', 'Y', 0000625, 0000002020),
(00001187, '', 'Y', 2, 'Y', 'Y', 'Y', 'Y', 0000625, 0000002021),
(00001188, '', 'Y', 1, 'Y', 'Y', 'Y', 'Y', 0000626, 0000002023),
(00001189, '', 'Y', 2, 'Y', 'Y', 'Y', 'Y', 0000626, 0000002024),
(00001190, '', 'Y', 1, 'Y', 'Y', 'Y', 'Y', 0000627, 0000002030),
(00001192, '', 'Y', 2, 'Y', 'Y', 'Y', 'Y', 0000627, 0000002032),
(00001193, '', 'Y', 1, 'Y', 'Y', 'Y', 'Y', 0000628, 0000002034),
(00001194, '', 'Y', 1, 'Y', 'Y', 'Y', 'Y', 0000629, 0000002036),
(00001195, '', 'Y', 1, 'Y', 'Y', 'Y', 'Y', 0000630, 0000002038),
(00001196, '', 'Y', 2, 'Y', 'Y', 'Y', 'Y', 0000630, 0000002039),
(00001197, '', 'Y', 1, 'Y', 'Y', 'Y', 'Y', 0000631, 0000002041),
(00001198, '', 'Y', 3, 'Y', 'Y', 'Y', 'Y', 0000631, 0000002042),
(00001209, '', 'Y', 2, 'Y', 'Y', 'Y', 'Y', 0000637, 0000002061),
(00001210, '', 'Y', 1, 'Y', 'Y', 'Y', 'Y', 0000637, 0000002062),
(00001211, '', 'Y', 1, 'Y', 'Y', 'Y', 'Y', 0000638, 0000002064),
(00001212, '', 'Y', 2, 'Y', 'Y', 'Y', 'Y', 0000638, 0000002065),
(00001213, '', 'Y', 1, 'Y', 'Y', 'Y', 'Y', 0000639, 0000002067),
(00001214, '', 'Y', 3, 'Y', 'Y', 'Y', 'Y', 0000639, 0000002068),
(00001219, '', 'Y', 2, 'Y', 'Y', 'Y', 'Y', 0000642, 0000002077),
(00001220, '', 'Y', 1, 'Y', 'Y', 'Y', 'Y', 0000642, 0000002078),
(00001221, '', 'Y', 2, 'Y', 'Y', 'Y', 'Y', 0000643, 0000002080),
(00001222, '', 'Y', 1, 'Y', 'Y', 'Y', 'Y', 0000644, 0000002082),
(00001223, '', 'Y', 2, 'Y', 'Y', 'Y', 'Y', 0000644, 0000002083),
(00001224, '', 'Y', 1, 'Y', 'Y', 'Y', 'Y', 0000645, 0000002085),
(00001225, '', 'Y', 2, 'Y', 'Y', 'Y', 'Y', 0000645, 0000002086),
(00001226, '', 'Y', 1, 'Y', 'Y', 'Y', 'Y', 0000646, 0000002088),
(00001227, '', 'Y', 2, 'Y', 'Y', 'Y', 'Y', 0000646, 0000002089),
(00001228, '', 'Y', 1, 'Y', 'Y', 'Y', 'Y', 0000647, 0000002091),
(00001229, '', 'Y', 2, 'Y', 'Y', 'Y', 'Y', 0000647, 0000002092),
(00001230, '', 'Y', 1, 'Y', 'Y', 'Y', 'Y', 0000648, 0000002094),
(00001231, '', 'Y', 1, 'Y', 'Y', 'Y', 'Y', 0000556, 0000002095),
(00001232, '', 'Y', 1, 'Y', 'Y', 'Y', 'Y', 0000649, 0000002098),
(00001233, '', 'Y', 2, 'Y', 'Y', 'Y', 'Y', 0000649, 0000002099),
(00001234, '', 'Y', 1, 'Y', 'Y', 'Y', 'Y', 0000650, 0000002101),
(00001235, '', 'Y', 2, 'Y', 'Y', 'Y', 'Y', 0000650, 0000002102),
(00001238, '', 'Y', 1, 'Y', 'Y', 'Y', 'Y', 0000651, 0000002104),
(00001239, '', 'Y', 3, 'Y', 'Y', 'Y', 'Y', 0000651, 0000002105),
(00001240, '', 'Y', 1, 'Y', 'Y', 'Y', 'Y', 0000652, 0000002107),
(00001241, '', 'Y', 2, 'Y', 'Y', 'Y', 'Y', 0000652, 0000002108),
(00001244, '', 'Y', 1, 'Y', 'Y', 'Y', 'Y', 0000617, 0000001089),
(00001245, '', 'Y', 1, 'Y', 'Y', 'Y', 'Y', 0000654, 0000002114),
(00001246, '', 'Y', 2, 'Y', 'Y', 'Y', 'Y', 0000654, 0000002115),
(00001247, '', 'Y', 1, 'Y', 'Y', 'Y', 'Y', 0000655, 0000002117),
(00001248, '', 'Y', 2, 'Y', 'Y', 'Y', 'Y', 0000655, 0000002118),
(00001251, '', 'Y', 1, 'Y', 'Y', 'Y', 'Y', 0000657, 0000002121),
(00001252, '', 'Y', 2, 'Y', 'Y', 'Y', 'Y', 0000657, 0000002122),
(00001253, '', 'Y', 1, 'Y', 'Y', 'Y', 'Y', 0000658, 0000002124),
(00001254, '', 'Y', 2, 'Y', 'Y', 'Y', 'Y', 0000658, 0000002125),
(00001257, '', 'Y', 1, 'Y', 'Y', 'Y', 'Y', 0000660, 0000002130),
(00001258, '', 'Y', 2, 'Y', 'Y', 'Y', 'Y', 0000660, 0000002131),
(00001259, '', 'Y', 1, 'Y', 'Y', 'Y', 'Y', 0000661, 0000002136),
(00001260, '', 'Y', 2, 'Y', 'Y', 'Y', 'Y', 0000661, 0000002137),
(00001261, '', 'Y', 1, 'Y', 'Y', 'Y', 'Y', 0000662, 0000002139),
(00001262, '', 'Y', 2, 'Y', 'Y', 'Y', 'Y', 0000662, 0000002140),
(00001263, '', 'Y', 1, 'Y', 'Y', 'Y', 'Y', 0000663, 0000002142),
(00001264, '', 'Y', 2, 'Y', 'Y', 'Y', 'Y', 0000663, 0000002143),
(00001265, '', 'Y', 1, 'Y', 'Y', 'Y', 'Y', 0000664, 0000002146),
(00001266, '', 'Y', 2, 'Y', 'Y', 'Y', 'Y', 0000664, 0000002147),
(00001270, '', 'Y', 1, 'Y', 'Y', 'Y', 'Y', 0000669, 0000002157),
(00001271, '', 'Y', 2, 'Y', 'Y', 'Y', 'Y', 0000669, 0000002158),
(00001272, '', 'Y', 1, 'Y', 'Y', 'Y', 'Y', 0000670, 0000002161),
(00001273, '', 'Y', 2, 'Y', 'Y', 'Y', 'Y', 0000670, 0000002162),
(00001274, '', 'Y', 1, 'Y', 'Y', 'Y', 'Y', 0000671, 0000002164),
(00001275, '', 'Y', 2, 'Y', 'Y', 'Y', 'Y', 0000671, 0000002165),
(00001276, '', 'Y', 1, 'Y', 'Y', 'Y', 'Y', 0000672, 0000002167),
(00001277, '', 'Y', 2, 'Y', 'Y', 'Y', 'Y', 0000672, 0000002168),
(00001278, '', 'Y', 1, 'Y', 'Y', 'Y', 'Y', 0000673, 0000002170),
(00001279, '', 'Y', 2, 'Y', 'Y', 'Y', 'Y', 0000673, 0000002171),
(00001280, '', 'Y', 1, 'Y', 'Y', 'Y', 'Y', 0000674, 0000002173),
(00001281, '', 'Y', 2, 'Y', 'Y', 'Y', 'Y', 0000674, 0000002174),
(00001282, '', 'Y', 1, 'Y', 'Y', 'Y', 'Y', 0000675, 0000002176),
(00001283, '', 'Y', 2, 'Y', 'Y', 'Y', 'Y', 0000675, 0000002177),
(00001284, '', 'Y', 1, 'Y', 'Y', 'Y', 'Y', 0000676, 0000002179),
(00001285, '', 'Y', 2, 'Y', 'Y', 'Y', 'Y', 0000676, 0000002180),
(00001288, '', 'Y', 1, 'Y', 'Y', 'Y', 'Y', 0000678, 0000002185),
(00001289, '', 'Y', 2, 'Y', 'Y', 'Y', 'Y', 0000678, 0000002186),
(00001290, '', 'Y', 1, 'Y', 'Y', 'Y', 'Y', 0000679, 0000002188),
(00001291, '', 'Y', 2, 'Y', 'Y', 'Y', 'Y', 0000679, 0000002189),
(00001292, '', 'Y', 1, 'Y', 'Y', 'Y', 'Y', 0000680, 0000002191),
(00001293, '', 'Y', 2, 'Y', 'Y', 'Y', 'Y', 0000680, 0000002192),
(00001294, '', 'Y', 1, 'Y', 'Y', 'Y', 'Y', 0000681, 0000002195),
(00001295, '', 'Y', 2, 'Y', 'Y', 'Y', 'Y', 0000681, 0000002196),
(00001298, '', 'Y', 1, 'Y', 'Y', 'Y', 'Y', 0000683, 0000002201),
(00001299, '', 'Y', 2, 'Y', 'Y', 'Y', 'Y', 0000683, 0000002202),
(00001300, '', 'Y', 1, 'Y', 'Y', 'Y', 'Y', 0000684, 0000002204),
(00001301, '', 'Y', 2, 'Y', 'Y', 'Y', 'Y', 0000684, 0000002205),
(00001302, '', 'Y', 1, 'Y', 'Y', 'Y', 'Y', 0000685, 0000002207),
(00001303, '', 'Y', 2, 'Y', 'Y', 'Y', 'Y', 0000685, 0000002208),
(00001306, '', 'Y', 1, 'Y', 'Y', 'Y', 'Y', 0000687, 0000002213),
(00001307, '', 'Y', 2, 'Y', 'Y', 'Y', 'Y', 0000687, 0000002214),
(00001308, '', 'Y', 1, 'Y', 'Y', 'Y', 'Y', 0000688, 0000002217),
(00001309, '', 'Y', 2, 'Y', 'Y', 'Y', 'Y', 0000688, 0000002218),
(00001314, '', 'Y', 1, 'Y', 'Y', 'Y', 'Y', 0000691, 0000002226),
(00001315, '', 'Y', 2, 'Y', 'Y', 'Y', 'Y', 0000691, 0000002227),
(00001318, '', 'Y', 1, 'Y', 'Y', 'Y', 'Y', 0000693, 0000002234),
(00001319, '', 'Y', 2, 'Y', 'Y', 'Y', 'Y', 0000693, 0000002235),
(00001320, '', 'Y', 1, 'Y', 'Y', 'Y', 'Y', 0000694, 0000002237),
(00001321, '', 'Y', 2, 'Y', 'Y', 'Y', 'Y', 0000694, 0000002238),
(00001328, '', 'Y', 1, 'Y', 'Y', 'Y', 'Y', 0000698, 0000002251),
(00001329, '', 'Y', 2, 'Y', 'Y', 'Y', 'Y', 0000698, 0000002252),
(00001330, '', 'Y', 1, 'Y', 'Y', 'Y', 'Y', 0000699, 0000002254),
(00001331, '', 'Y', 2, 'Y', 'Y', 'Y', 'Y', 0000699, 0000002255),
(00001336, '', 'Y', 1, 'Y', 'Y', 'Y', 'Y', 0000702, 0000002263),
(00001337, '', 'Y', 2, 'Y', 'Y', 'Y', 'Y', 0000702, 0000002264),
(00001340, '', 'Y', 1, 'Y', 'Y', 'Y', 'Y', 0000704, 0000002269),
(00001341, '', 'Y', 2, 'Y', 'Y', 'Y', 'Y', 0000704, 0000002270),
(00001342, '', 'Y', 1, 'Y', 'Y', 'Y', 'Y', 0000705, 0000002272),
(00001343, '', 'Y', 2, 'Y', 'Y', 'Y', 'Y', 0000705, 0000002273),
(00001344, '', 'Y', 1, 'Y', 'Y', 'Y', 'Y', 0000706, 0000002275),
(00001345, '', 'Y', 2, 'Y', 'Y', 'Y', 'Y', 0000706, 0000002276),
(00001346, '', 'Y', 1, 'Y', 'Y', 'Y', 'Y', 0000707, 0000002278),
(00001347, '', 'Y', 2, 'Y', 'Y', 'Y', 'Y', 0000707, 0000002279),
(00001349, '', 'Y', 1, 'Y', 'Y', 'Y', 'Y', 0000708, 0000002281),
(00001350, '', 'Y', 2, 'Y', 'Y', 'Y', 'Y', 0000708, 0000002282),
(00001351, '', 'Y', 1, 'Y', 'Y', 'Y', 'Y', 0000709, 0000002284),
(00001352, '', 'Y', 2, 'Y', 'Y', 'Y', 'Y', 0000709, 0000002285),
(00001353, '', 'Y', 1, 'Y', 'Y', 'Y', 'Y', 0000710, 0000002287),
(00001354, '', 'Y', 2, 'Y', 'Y', 'Y', 'Y', 0000710, 0000002288),
(00001355, '', 'Y', 1, 'Y', 'Y', 'Y', 'Y', 0000711, 0000002294),
(00001356, '', 'Y', 2, 'Y', 'Y', 'Y', 'Y', 0000711, 0000002295),
(00001357, '', 'Y', 1, 'Y', 'Y', 'Y', 'Y', 0000712, 0000002297),
(00001358, '', 'Y', 2, 'Y', 'Y', 'Y', 'Y', 0000712, 0000002298),
(00001359, '', 'Y', 1, 'Y', 'Y', 'Y', 'Y', 0000713, 0000002300),
(00001360, '', 'Y', 2, 'Y', 'Y', 'Y', 'Y', 0000713, 0000002301),
(00001361, '', 'Y', 1, 'Y', 'Y', 'Y', 'Y', 0000714, 0000002303),
(00001362, '', 'Y', 2, 'Y', 'Y', 'Y', 'Y', 0000714, 0000002304),
(00001363, '', 'Y', 1, 'Y', 'Y', 'Y', 'Y', 0000715, 0000002307),
(00001364, '', 'Y', 2, 'Y', 'Y', 'Y', 'Y', 0000715, 0000002308),
(00001365, '', 'Y', 1, 'Y', 'Y', 'Y', 'Y', 0000716, 0000002310),
(00001366, '', 'Y', 2, 'Y', 'Y', 'Y', 'Y', 0000716, 0000002311),
(00001371, '', 'Y', 1, 'Y', 'Y', 'Y', 'Y', 0000718, 0000002317),
(00001372, '', 'Y', 2, 'Y', 'Y', 'Y', 'Y', 0000718, 0000002318),
(00001373, '', 'Y', 1, 'Y', 'Y', 'Y', 'Y', 0000719, 0000002320),
(00001374, '', 'Y', 2, 'Y', 'Y', 'Y', 'Y', 0000719, 0000002321),
(00001375, '', 'Y', 1, 'Y', 'Y', 'Y', 'Y', 0000720, 0000002324),
(00001376, '', 'Y', 2, 'Y', 'Y', 'Y', 'Y', 0000720, 0000002325),
(00001377, '', 'Y', 1, 'Y', 'Y', 'Y', 'Y', 0000721, 0000002328),
(00001378, '', 'Y', 2, 'Y', 'Y', 'Y', 'Y', 0000721, 0000002329),
(00001379, '', 'Y', 1, 'Y', 'Y', 'Y', 'Y', 0000722, 0000002331),
(00001380, '', 'Y', 2, 'Y', 'Y', 'Y', 'Y', 0000722, 0000002332),
(00001382, '', 'Y', 2, 'Y', 'Y', 'Y', 'Y', 0000723, 0000002336),
(00001385, '', 'Y', 1, 'Y', 'Y', 'Y', 'Y', 0000725, 0000002341),
(00001386, '', 'Y', 2, 'Y', 'Y', 'Y', 'Y', 0000725, 0000002342),
(00001392, '', 'Y', 1, 'Y', 'Y', 'Y', 'Y', 0000728, 0000002358),
(00001393, '', 'Y', 2, 'Y', 'Y', 'Y', 'Y', 0000728, 0000002359),
(00001394, '', 'Y', 1, 'Y', 'Y', 'Y', 'Y', 0000729, 0000002361),
(00001395, '', 'Y', 2, 'Y', 'Y', 'Y', 'Y', 0000729, 0000002362),
(00001396, '', 'Y', 1, 'Y', 'Y', 'Y', 'Y', 0000730, 0000002365),
(00001397, '', 'Y', 2, 'Y', 'Y', 'Y', 'Y', 0000730, 0000002366),
(00001400, '', 'Y', 1, 'Y', 'Y', 'Y', 'Y', 0000732, 0000002372),
(00001401, '', 'Y', 2, 'Y', 'Y', 'Y', 'Y', 0000732, 0000002373),
(00001402, '', 'Y', 1, 'Y', 'Y', 'Y', 'Y', 0000733, 0000002375),
(00001403, '', 'Y', 2, 'Y', 'Y', 'Y', 'Y', 0000733, 0000002376),
(00001404, '', 'Y', 1, 'Y', 'Y', 'Y', 'Y', 0000734, 0000002381),
(00001405, '', 'Y', 2, 'Y', 'Y', 'Y', 'Y', 0000734, 0000002382),
(00001406, '', 'Y', 1, 'Y', 'Y', 'Y', 'Y', 0000735, 0000002384),
(00001407, '', 'Y', 2, 'Y', 'Y', 'Y', 'Y', 0000735, 0000002385),
(00001408, '', 'Y', 1, 'Y', 'Y', 'Y', 'Y', 0000736, 0000002387),
(00001409, '', 'Y', 2, 'Y', 'Y', 'Y', 'Y', 0000736, 0000002388),
(00001410, '', 'Y', 1, 'Y', 'Y', 'Y', 'Y', 0000737, 0000002390),
(00001411, '', 'Y', 2, 'Y', 'Y', 'Y', 'Y', 0000737, 0000002391),
(00001412, '', 'Y', 1, 'Y', 'Y', 'Y', 'Y', 0000738, 0000002393),
(00001413, '', 'Y', 2, 'Y', 'Y', 'Y', 'Y', 0000738, 0000002394),
(00001414, '', 'Y', 1, 'Y', 'Y', 'Y', 'Y', 0000739, 0000002396),
(00001415, '', 'Y', 2, 'Y', 'Y', 'Y', 'Y', 0000739, 0000002397),
(00001416, '', 'Y', 1, 'Y', 'Y', 'Y', 'Y', 0000740, 0000002399),
(00001417, '', 'Y', 2, 'Y', 'Y', 'Y', 'Y', 0000740, 0000002400),
(00001418, '', 'Y', 1, 'Y', 'Y', 'Y', 'Y', 0000741, 0000002402),
(00001419, '', 'Y', 2, 'Y', 'Y', 'Y', 'Y', 0000741, 0000002403),
(00001420, '', 'Y', 1, 'Y', 'Y', 'Y', 'Y', 0000742, 0000002405),
(00001421, '', 'Y', 2, 'Y', 'Y', 'Y', 'Y', 0000742, 0000002406),
(00001422, '', 'Y', 1, 'Y', 'Y', 'Y', 'Y', 0000743, 0000002408),
(00001423, '', 'Y', 3, 'Y', 'Y', 'Y', 'Y', 0000734, 0000002409),
(00001424, '', 'Y', 1, 'Y', 'Y', 'Y', 'Y', 0000744, 0000002412),
(00001425, '', 'Y', 2, 'Y', 'Y', 'Y', 'Y', 0000744, 0000002413),
(00001433, '', 'Y', 1, 'Y', 'Y', 'Y', 'Y', 0000747, 0000002422),
(00001434, '', 'Y', 2, 'Y', 'Y', 'Y', 'Y', 0000747, 0000002423),
(00001435, '', 'Y', 1, 'Y', 'Y', 'Y', 'Y', 0000748, 0000000119),
(00001436, '', 'Y', 2, 'Y', 'Y', 'Y', 'Y', 0000748, 0000002428),
(00001437, '', 'Y', 1, 'Y', 'Y', 'Y', 'Y', 0000643, 0000002429),
(00001444, '', 'Y', 1, 'Y', 'Y', 'Y', 'Y', 0000749, 0000002431),
(00001445, '', 'Y', 2, 'Y', 'Y', 'Y', 'Y', 0000749, 0000002432),
(00001446, '', 'Y', 1, 'Y', 'Y', 'Y', 'Y', 0000750, 0000002434),
(00001447, '', 'Y', 2, 'Y', 'Y', 'Y', 'Y', 0000750, 0000002435),
(00001449, '', 'Y', 1, 'Y', 'Y', 'Y', 'Y', 0000751, 0000002437),
(00001450, '', 'Y', 2, 'Y', 'Y', 'Y', 'Y', 0000751, 0000002438),
(00001451, '', 'Y', 1, 'Y', 'Y', 'Y', 'Y', 0000752, 0000002442),
(00001452, '', 'Y', 2, 'Y', 'Y', 'Y', 'Y', 0000752, 0000002443),
(00001453, '', 'Y', 1, 'Y', 'Y', 'Y', 'Y', 0000753, 0000002445),
(00001454, '', 'Y', 2, 'Y', 'Y', 'Y', 'Y', 0000753, 0000002446),
(00001455, '', 'Y', 1, 'Y', 'Y', 'Y', 'Y', 0000754, 0000002448),
(00001456, '', 'Y', 2, 'Y', 'Y', 'Y', 'Y', 0000754, 0000002449),
(00001457, '', 'Y', 1, 'Y', 'Y', 'Y', 'Y', 0000755, 0000002451),
(00001458, '', 'Y', 2, 'Y', 'Y', 'Y', 'Y', 0000755, 0000002452),
(00001459, '', 'Y', 1, 'Y', 'Y', 'Y', 'Y', 0000756, 0000002454),
(00001460, '', 'Y', 2, 'Y', 'Y', 'Y', 'Y', 0000756, 0000002455),
(00001461, '', 'Y', 1, 'Y', 'Y', 'Y', 'Y', 0000757, 0000002457),
(00001462, '', 'Y', 2, 'Y', 'Y', 'Y', 'Y', 0000757, 0000002458),
(00001465, '', 'Y', 1, 'Y', 'Y', 'Y', 'Y', 0000759, 0000002464),
(00001466, '', 'Y', 2, 'Y', 'Y', 'Y', 'Y', 0000759, 0000002465),
(00001467, '', 'Y', 1, 'Y', 'Y', 'Y', 'Y', 0000760, 0000002467),
(00001468, '', 'Y', 2, 'Y', 'Y', 'Y', 'Y', 0000760, 0000002468),
(00001469, '', 'Y', 1, 'Y', 'Y', 'Y', 'Y', 0000761, 0000002470),
(00001470, '', 'Y', 2, 'Y', 'Y', 'Y', 'Y', 0000761, 0000002471),
(00001471, '', 'Y', 1, 'Y', 'Y', 'Y', 'Y', 0000762, 0000002474),
(00001472, '', 'Y', 2, 'Y', 'Y', 'Y', 'Y', 0000762, 0000002475),
(00001473, '', 'Y', 1, 'Y', 'Y', 'Y', 'Y', 0000763, 0000002477),
(00001474, '', 'Y', 2, 'Y', 'Y', 'Y', 'Y', 0000763, 0000002478),
(00001475, '', 'Y', 1, 'Y', 'Y', 'Y', 'Y', 0000764, 0000002480),
(00001476, '', 'Y', 2, 'Y', 'Y', 'Y', 'Y', 0000764, 0000002481),
(00001477, '', 'Y', 1, 'Y', 'Y', 'Y', 'Y', 0000765, 0000002483),
(00001478, '', 'Y', 2, 'Y', 'Y', 'Y', 'Y', 0000765, 0000002484),
(00001481, '', 'Y', 1, 'Y', 'Y', 'Y', 'Y', 0000767, 0000002489),
(00001482, '', 'Y', 1, 'Y', 'Y', 'Y', 'Y', 0000768, 0000002492),
(00001483, '', 'Y', 2, 'Y', 'Y', 'Y', 'Y', 0000768, 0000002493),
(00001485, '', 'Y', 1, 'Y', 'Y', 'Y', 'Y', 0000769, 0000002496),
(00001486, '', 'Y', 2, 'Y', 'Y', 'Y', 'Y', 0000769, 0000002497),
(00001487, '', 'Y', 2, 'Y', 'Y', 'Y', 'Y', 0000770, 0000002499),
(00001488, '', 'Y', 1, 'Y', 'Y', 'Y', 'Y', 0000770, 0000002500),
(00001489, '', 'Y', 1, 'Y', 'Y', 'Y', 'Y', 0000771, 0000002502),
(00001490, '', 'Y', 2, 'Y', 'Y', 'Y', 'Y', 0000771, 0000002503),
(00001491, '', 'Y', 1, 'Y', 'Y', 'Y', 'Y', 0000772, 0000002506),
(00001492, '', 'Y', 2, 'Y', 'Y', 'Y', 'Y', 0000772, 0000002507),
(00001493, '', 'Y', 1, 'Y', 'Y', 'Y', 'Y', 0000773, 0000002509),
(00001494, '', 'Y', 2, 'Y', 'Y', 'Y', 'Y', 0000773, 0000002510),
(00001495, '', 'Y', 1, 'Y', 'Y', 'Y', 'Y', 0000774, 0000002512),
(00001496, '', 'Y', 2, 'Y', 'Y', 'Y', 'Y', 0000774, 0000002513),
(00001497, '', 'Y', 1, 'Y', 'Y', 'Y', 'Y', 0000775, 0000002515),
(00001498, '', 'Y', 2, 'Y', 'Y', 'Y', 'Y', 0000775, 0000002516),
(00001499, '', 'Y', 1, 'Y', 'Y', 'Y', 'Y', 0000776, 0000002518),
(00001500, '', 'Y', 2, 'Y', 'Y', 'Y', 'Y', 0000776, 0000002519),
(00001501, '', 'Y', 1, 'Y', 'Y', 'Y', 'Y', 0000777, 0000002521),
(00001502, '', 'Y', 2, 'Y', 'Y', 'Y', 'Y', 0000777, 0000002522),
(00001503, '', 'Y', 1, 'Y', 'Y', 'Y', 'Y', 0000778, 0000002524),
(00001504, '', 'Y', 2, 'Y', 'Y', 'Y', 'Y', 0000778, 0000002525),
(00001505, '', 'Y', 1, 'Y', 'Y', 'Y', 'Y', 0000779, 0000002527),
(00001506, '', 'Y', 2, 'Y', 'Y', 'Y', 'Y', 0000779, 0000002528),
(00001507, '', 'Y', 1, 'Y', 'Y', 'Y', 'Y', 0000780, 0000002530),
(00001508, '', 'Y', 2, 'Y', 'Y', 'Y', 'Y', 0000780, 0000002531),
(00001510, '', 'Y', 1, 'Y', 'Y', 'Y', 'Y', 0000781, 0000002533),
(00001511, '', 'Y', 2, 'Y', 'Y', 'Y', 'Y', 0000781, 0000002534),
(00001512, '', 'Y', 1, 'Y', 'Y', 'Y', 'Y', 0000782, 0000002536),
(00001514, '', 'Y', 2, 'Y', 'Y', 'Y', 'Y', 0000783, 0000002539),
(00001515, '', 'Y', 1, 'Y', 'Y', 'Y', 'Y', 0000784, 0000002542),
(00001516, '', 'Y', 2, 'Y', 'Y', 'Y', 'Y', 0000784, 0000002543),
(00001517, '', 'Y', 1, 'Y', 'Y', 'Y', 'Y', 0000785, 0000002546),
(00001518, '', 'Y', 2, 'Y', 'Y', 'Y', 'Y', 0000785, 0000002547),
(00001519, '', 'Y', 1, 'Y', 'Y', 'Y', 'Y', 0000786, 0000002549),
(00001520, '', 'Y', 2, 'Y', 'Y', 'Y', 'Y', 0000786, 0000002550),
(00001521, '', 'Y', 1, 'Y', 'Y', 'Y', 'Y', 0000787, 0000002556),
(00001522, '', 'Y', 2, 'Y', 'Y', 'Y', 'Y', 0000787, 0000002557),
(00001525, '', 'Y', 1, 'Y', 'Y', 'Y', 'Y', 0000789, 0000002564),
(00001526, '', 'Y', 2, 'Y', 'Y', 'Y', 'Y', 0000789, 0000002565),
(00001527, '', 'Y', 1, 'Y', 'Y', 'Y', 'Y', 0000790, 0000002568),
(00001528, '', 'Y', 2, 'Y', 'Y', 'Y', 'Y', 0000790, 0000002569),
(00001529, '', 'Y', 1, 'Y', 'Y', 'Y', 'Y', 0000791, 0000002571),
(00001530, '', 'Y', 2, 'Y', 'Y', 'Y', 'Y', 0000791, 0000002572),
(00001531, '', 'Y', 1, 'Y', 'Y', 'Y', 'Y', 0000792, 0000002574),
(00001532, '', 'Y', 2, 'Y', 'Y', 'Y', 'Y', 0000792, 0000002575),
(00001533, '', 'Y', 1, 'Y', 'Y', 'Y', 'Y', 0000793, 0000002578),
(00001534, '', 'Y', 2, 'Y', 'Y', 'Y', 'Y', 0000793, 0000002579),
(00001535, '', 'Y', 1, 'Y', 'Y', 'Y', 'Y', 0000794, 0000002581),
(00001536, '', 'Y', 2, 'Y', 'Y', 'Y', 'Y', 0000794, 0000002582),
(00001537, '', 'Y', 1, 'Y', 'Y', 'Y', 'Y', 0000795, 0000002584),
(00001538, '', 'Y', 2, 'Y', 'Y', 'Y', 'Y', 0000795, 0000002585),
(00001539, '', 'Y', 1, 'Y', 'Y', 'Y', 'Y', 0000796, 0000002587),
(00001540, '', 'Y', 2, 'Y', 'Y', 'Y', 'Y', 0000796, 0000002588),
(00001541, '', 'Y', 1, 'Y', 'Y', 'Y', 'Y', 0000797, 0000002590),
(00001542, '', 'Y', 2, 'Y', 'Y', 'Y', 'Y', 0000797, 0000002591),
(00001543, '', 'Y', 1, 'Y', 'Y', 'Y', 'Y', 0000798, 0000002593),
(00001544, '', 'Y', 2, 'Y', 'Y', 'Y', 'Y', 0000798, 0000002594),
(00001545, '', 'Y', 1, 'Y', 'Y', 'Y', 'Y', 0000799, 0000002596),
(00001546, '', 'Y', 2, 'Y', 'Y', 'Y', 'Y', 0000799, 0000002597),
(00001547, '', 'Y', 1, 'Y', 'Y', 'Y', 'Y', 0000800, 0000002599),
(00001548, '', 'Y', 2, 'Y', 'Y', 'Y', 'Y', 0000800, 0000002600),
(00001549, '', 'Y', 1, 'Y', 'Y', 'Y', 'Y', 0000801, 0000002602),
(00001550, '', 'Y', 2, 'Y', 'Y', 'Y', 'Y', 0000801, 0000002603),
(00001551, '', 'Y', 1, 'Y', 'Y', 'Y', 'Y', 0000802, 0000002605),
(00001552, '', 'Y', 2, 'Y', 'Y', 'Y', 'Y', 0000802, 0000002606),
(00001553, '', 'Y', 1, 'Y', 'Y', 'Y', 'Y', 0000803, 0000002608),
(00001554, '', 'Y', 2, 'Y', 'Y', 'Y', 'Y', 0000803, 0000002609),
(00001555, '', 'Y', 1, 'Y', 'Y', 'Y', 'Y', 0000804, 0000002612),
(00001556, '', 'Y', 2, 'Y', 'Y', 'Y', 'Y', 0000804, 0000002613),
(00001557, '', 'Y', 1, 'Y', 'Y', 'Y', 'Y', 0000805, 0000002616),
(00001558, '', 'Y', 2, 'Y', 'Y', 'Y', 'Y', 0000805, 0000002617),
(00001559, '', 'Y', 1, 'Y', 'Y', 'Y', 'Y', 0000806, 0000002619),
(00001560, '', 'Y', 2, 'Y', 'Y', 'Y', 'Y', 0000806, 0000002620),
(00001561, '', 'Y', 1, 'Y', 'Y', 'Y', 'Y', 0000807, 0000002622),
(00001562, '', 'Y', 2, 'Y', 'Y', 'Y', 'Y', 0000807, 0000002623),
(00001563, '', 'Y', 1, 'Y', 'Y', 'Y', 'Y', 0000808, 0000002625),
(00001564, '', 'Y', 2, 'Y', 'Y', 'Y', 'Y', 0000808, 0000002626),
(00001565, '', 'Y', 1, 'Y', 'Y', 'Y', 'Y', 0000809, 0000002628),
(00001566, '', 'Y', 2, 'Y', 'Y', 'Y', 'Y', 0000809, 0000002629),
(00001567, '', 'Y', 1, 'Y', 'Y', 'Y', 'Y', 0000810, 0000002631),
(00001568, '', 'Y', 2, 'Y', 'Y', 'Y', 'Y', 0000810, 0000002632),
(00001569, '', 'Y', 1, 'Y', 'Y', 'Y', 'Y', 0000811, 0000002634),
(00001570, '', 'Y', 2, 'Y', 'Y', 'Y', 'Y', 0000811, 0000002635),
(00001571, '', 'Y', 1, 'Y', 'Y', 'Y', 'Y', 0000812, 0000002637),
(00001572, '', 'Y', 2, 'Y', 'Y', 'Y', 'Y', 0000812, 0000002638),
(00001573, '', 'Y', 1, 'Y', 'Y', 'Y', 'Y', 0000813, 0000002640),
(00001574, '', 'Y', 2, 'Y', 'Y', 'Y', 'Y', 0000813, 0000002641),
(00001575, '', 'Y', 1, 'Y', 'Y', 'Y', 'Y', 0000814, 0000002643),
(00001576, '', 'Y', 2, 'Y', 'Y', 'Y', 'Y', 0000814, 0000002644),
(00001577, '', 'Y', 1, 'Y', 'Y', 'Y', 'Y', 0000815, 0000002646),
(00001578, '', 'Y', 2, 'Y', 'Y', 'Y', 'Y', 0000815, 0000002647),
(00001579, '', 'Y', 1, 'Y', 'Y', 'Y', 'Y', 0000816, 0000002649),
(00001580, '', 'Y', 2, 'Y', 'Y', 'Y', 'Y', 0000816, 0000002650),
(00001581, '', 'Y', 1, 'Y', 'Y', 'Y', 'Y', 0000817, 0000002653),
(00001582, '', 'Y', 1, 'Y', 'Y', 'Y', 'Y', 0000818, 0000002655),
(00001583, '', 'Y', 2, 'Y', 'Y', 'Y', 'Y', 0000818, 0000002656),
(00001584, '', 'Y', 1, 'Y', 'Y', 'Y', 'Y', 0000819, 0000002658),
(00001585, '', 'Y', 2, 'Y', 'Y', 'Y', 'Y', 0000819, 0000002659),
(00001586, '', 'Y', 1, 'Y', 'Y', 'Y', 'Y', 0000820, 0000002661),
(00001587, '', 'Y', 2, 'Y', 'Y', 'Y', 'Y', 0000820, 0000002662),
(00001588, '', 'Y', 1, 'Y', 'Y', 'Y', 'Y', 0000821, 0000002664),
(00001589, '', 'Y', 2, 'Y', 'Y', 'Y', 'Y', 0000821, 0000002665),
(00001590, '', 'Y', 1, 'Y', 'Y', 'Y', 'Y', 0000822, 0000002668),
(00001591, '', 'Y', 2, 'Y', 'Y', 'Y', 'Y', 0000822, 0000002669),
(00001592, '', 'Y', 1, 'Y', 'Y', 'Y', 'Y', 0000823, 0000002671),
(00001593, '', 'Y', 2, 'Y', 'Y', 'Y', 'Y', 0000823, 0000002672),
(00001594, '', 'Y', 1, 'Y', 'Y', 'Y', 'Y', 0000824, 0000002674),
(00001595, '', 'Y', 2, 'Y', 'Y', 'Y', 'Y', 0000824, 0000002675),
(00001596, '', 'Y', 1, 'Y', 'Y', 'Y', 'Y', 0000825, 0000002677),
(00001597, '', 'Y', 2, 'Y', 'Y', 'Y', 'Y', 0000825, 0000002678),
(00001598, '', 'Y', 1, 'Y', 'Y', 'Y', 'Y', 0000826, 0000002681),
(00001599, '', 'Y', 2, 'Y', 'Y', 'Y', 'Y', 0000826, 0000002682),
(00001600, '', 'Y', 1, 'Y', 'Y', 'Y', 'Y', 0000827, 0000002684),
(00001601, '', 'Y', 2, 'Y', 'Y', 'Y', 'Y', 0000827, 0000002685),
(00001602, '', 'Y', 1, 'Y', 'Y', 'Y', 'Y', 0000828, 0000002687),
(00001603, '', 'Y', 2, 'Y', 'Y', 'Y', 'Y', 0000828, 0000002688),
(00001604, '', 'Y', 1, 'Y', 'Y', 'Y', 'Y', 0000829, 0000002690),
(00001605, '', 'Y', 2, 'Y', 'Y', 'Y', 'Y', 0000829, 0000002691),
(00001606, '', 'Y', 1, 'Y', 'Y', 'Y', 'Y', 0000830, 0000002693),
(00001607, '', 'Y', 2, 'Y', 'Y', 'Y', 'Y', 0000830, 0000002694),
(00001608, '', 'Y', 1, 'Y', 'Y', 'Y', 'Y', 0000831, 0000002697),
(00001609, '', 'Y', 2, 'Y', 'Y', 'Y', 'Y', 0000831, 0000002698),
(00001612, '', 'Y', 1, 'Y', 'Y', 'Y', 'Y', 0000832, 0000002701),
(00001613, '', 'Y', 1, 'Y', 'Y', 'Y', 'Y', 0000833, 0000002703),
(00001614, '', 'Y', 2, 'Y', 'Y', 'Y', 'Y', 0000833, 0000002704),
(00001615, '', 'Y', 1, 'Y', 'Y', 'Y', 'Y', 0000834, 0000002706),
(00001616, '', 'Y', 2, 'Y', 'Y', 'Y', 'Y', 0000834, 0000002707),
(00001617, '', 'Y', 1, 'Y', 'Y', 'Y', 'Y', 0000835, 0000002709),
(00001618, '', 'Y', 2, 'Y', 'Y', 'Y', 'Y', 0000835, 0000002710),
(00001619, '', 'Y', 1, 'Y', 'Y', 'Y', 'Y', 0000836, 0000002712),
(00001620, '', 'Y', 2, 'Y', 'Y', 'Y', 'Y', 0000836, 0000002713),
(00001621, '', 'Y', 1, 'Y', 'Y', 'Y', 'Y', 0000837, 0000002716),
(00001622, '', 'Y', 2, 'Y', 'Y', 'Y', 'Y', 0000837, 0000002717),
(00001623, '', 'Y', 1, 'Y', 'Y', 'Y', 'Y', 0000838, 0000002720),
(00001624, '', 'Y', 2, 'Y', 'Y', 'Y', 'Y', 0000838, 0000002721),
(00001625, '', 'Y', 1, 'Y', 'Y', 'Y', 'Y', 0000839, 0000002724),
(00001626, '', 'Y', 2, 'Y', 'Y', 'Y', 'Y', 0000839, 0000002725),
(00001627, '', 'Y', 1, 'Y', 'Y', 'Y', 'Y', 0000840, 0000002727),
(00001628, '', 'Y', 2, 'Y', 'Y', 'Y', 'Y', 0000840, 0000002728),
(00001629, '', 'Y', 1, 'Y', 'Y', 'Y', 'Y', 0000841, 0000002730),
(00001630, '', 'Y', 2, 'Y', 'Y', 'Y', 'Y', 0000841, 0000002731),
(00001632, '', 'Y', 1, 'Y', 'Y', 'Y', 'Y', 0000842, 0000002738),
(00001633, '', 'Y', 2, 'Y', 'Y', 'Y', 'Y', 0000842, 0000002739),
(00001635, '', 'Y', 1, 'Y', 'Y', 'Y', 'Y', 0000843, 0000002741),
(00001636, '', 'Y', 2, 'Y', 'Y', 'Y', 'Y', 0000843, 0000002742),
(00001637, '', 'Y', 1, 'Y', 'Y', 'Y', 'Y', 0000844, 0000002744),
(00001638, '', 'Y', 2, 'Y', 'Y', 'Y', 'Y', 0000844, 0000002745),
(00001639, '', 'Y', 1, 'Y', 'Y', 'Y', 'Y', 0000845, 0000002747),
(00001640, '', 'Y', 2, 'Y', 'Y', 'Y', 'Y', 0000845, 0000002748),
(00001641, '', 'Y', 1, 'Y', 'Y', 'Y', 'Y', 0000846, 0000002750),
(00001642, '', 'Y', 2, 'Y', 'Y', 'Y', 'Y', 0000846, 0000002751),
(00001643, '', 'Y', 1, 'Y', 'Y', 'Y', 'Y', 0000847, 0000002753),
(00001644, '', 'Y', 1, 'Y', 'Y', 'Y', 'Y', 0000848, 0000002755),
(00001645, '', 'Y', 2, 'Y', 'Y', 'Y', 'Y', 0000848, 0000002756),
(00001646, '', 'Y', 1, 'Y', 'Y', 'Y', 'Y', 0000849, 0000002758),
(00001647, '', 'Y', 2, 'Y', 'Y', 'Y', 'Y', 0000849, 0000002759),
(00001648, '', 'Y', 1, 'Y', 'Y', 'Y', 'Y', 0000850, 0000002762),
(00001649, '', 'Y', 2, 'Y', 'Y', 'Y', 'Y', 0000850, 0000002763),
(00001650, '', 'Y', 1, 'Y', 'Y', 'Y', 'Y', 0000851, 0000002765),
(00001651, '', 'Y', 2, 'Y', 'Y', 'Y', 'Y', 0000851, 0000002766),
(00001652, '', 'Y', 1, 'Y', 'Y', 'Y', 'Y', 0000852, 0000002768),
(00001653, '', 'Y', 2, 'Y', 'Y', 'Y', 'Y', 0000852, 0000002769),
(00001654, '', 'Y', 1, 'Y', 'Y', 'Y', 'Y', 0000853, 0000002771),
(00001655, '', 'Y', 2, 'Y', 'Y', 'Y', 'Y', 0000853, 0000002772),
(00001687, NULL, 'Y', 2, 'Y', 'Y', 'Y', 'Y', 0000148, 0000000462),
(00001688, NULL, 'Y', 1, 'Y', 'Y', 'Y', 'Y', 0000148, 0000000463);

ALTER TABLE `gibbonFamilyAdult` ENABLE KEYS;
UNLOCK TABLES;


# Dump of table gibbonFamilyChild
# ------------------------------------------------------------

LOCK TABLES `gibbonFamilyChild` WRITE;
ALTER TABLE `gibbonFamilyChild` DISABLE KEYS;

INSERT INTO `gibbonfamilychild` (`id`, `comment`, `family`, `person`) VALUES
(00000181, NULL, 0000156, 0000000486),
(00000195, NULL, 0000165, 0000000518),
(00000238, NULL, 0000199, 0000000614),
(00000244, NULL, 0000206, 0000000640),
(00000246, NULL, 0000089, 0000000681),
(00000247, NULL, 0000065, 0000000699),
(00000254, NULL, 0000211, 0000000655),
(00000260, NULL, 0000216, 0000000670),
(00000261, NULL, 0000019, 0000000673),
(00000262, NULL, 0000221, 0000000684),
(00000271, NULL, 0000232, 0000000716),
(00000305, NULL, 0000025, 0000000678),
(00000313, NULL, 0000005, 0000000831),
(00000319, NULL, 0000274, 0000000849),
(00000327, NULL, 0000282, 0000000876),
(00000336, NULL, 0000289, 0000000897),
(00000341, NULL, 0000292, 0000000905),
(00000344, NULL, 0000295, 0000000913),
(00000347, NULL, 0000298, 0000000922),
(00000350, NULL, 0000300, 0000000928),
(00000352, NULL, 0000047, 0000000931),
(00000354, NULL, 0000232, 0000000937),
(00000365, NULL, 0000312, 0000000964),
(00000385, NULL, 0000327, 0000001008),
(00000388, NULL, 0000330, 0000001016),
(00000389, NULL, 0000331, 0000001019),
(00000390, NULL, 0000332, 0000001022),
(00000403, NULL, 0000345, 0000001066),
(00000408, NULL, 0000050, 0000000934),
(00000409, NULL, 0000009, 0000000719),
(00000414, NULL, 0000351, 0000001086),
(00000429, NULL, 0000365, 0000001154),
(00000430, NULL, 0000366, 0000001157),
(00000431, NULL, 0000367, 0000001160),
(00000432, NULL, 0000368, 0000001163),
(00000433, NULL, 0000369, 0000001166),
(00000437, NULL, 0000264, 0000001178),
(00000438, NULL, 0000373, 0000001179),
(00000439, NULL, 0000374, 0000001182),
(00000442, NULL, 0000377, 0000001191),
(00000443, NULL, 0000378, 0000001193),
(00000446, NULL, 0000331, 0000001200),
(00000447, NULL, 0000380, 0000001201),
(00000448, NULL, 0000381, 0000001204),
(00000449, NULL, 0000382, 0000001207),
(00000452, NULL, 0000384, 0000001214),
(00000456, NULL, 0000386, 0000001222),
(00000458, NULL, 0000180, 0000001226),
(00000461, NULL, 0000389, 0000001233),
(00000462, NULL, 0000390, 0000001236),
(00000464, NULL, 0000392, 0000001242),
(00000465, NULL, 0000393, 0000001245),
(00000467, NULL, 0000395, 0000001251),
(00000468, NULL, 0000396, 0000001254),
(00000470, NULL, 0000398, 0000001259),
(00000472, NULL, 0000399, 0000001263),
(00000476, NULL, 0000131, 0000001275),
(00000477, NULL, 0000403, 0000001276),
(00000486, NULL, 0000289, 0000001257),
(00000499, NULL, 0000418, 0000001322),
(00000507, NULL, 0000425, 0000001352),
(00000508, NULL, 0000426, 0000001355),
(00000509, NULL, 0000427, 0000001358),
(00000511, NULL, 0000429, 0000001364),
(00000515, NULL, 0000432, 0000001374),
(00000521, NULL, 0000436, 0000001388),
(00000522, NULL, 0000437, 0000001391),
(00000523, NULL, 0000438, 0000001393),
(00000524, NULL, 0000439, 0000001396),
(00000525, NULL, 0000378, 0000001399),
(00000526, NULL, 0000440, 0000001400),
(00000527, NULL, 0000441, 0000001403),
(00000532, NULL, 0000416, 0000001410),
(00000534, NULL, 0000445, 0000001416),
(00000537, NULL, 0000448, 0000001424),
(00000538, NULL, 0000449, 0000001427),
(00000539, NULL, 0000450, 0000001430),
(00000543, NULL, 0000199, 0000001440),
(00000546, NULL, 0000454, 0000001445),
(00000553, NULL, 0000460, 0000001465),
(00000555, NULL, 0000462, 0000001471),
(00000556, NULL, 0000463, 0000001474),
(00000557, NULL, 0000464, 0000001477),
(00000559, NULL, 0000466, 0000001483),
(00000560, NULL, 0000467, 0000001486),
(00000561, NULL, 0000468, 0000001492),
(00000565, NULL, 0000154, 0000000649),
(00000566, NULL, 0000471, 0000001507),
(00000568, NULL, 0000473, 0000001514),
(00000571, NULL, 0000282, 0000001520),
(00000572, NULL, 0000476, 0000001528),
(00000577, NULL, 0000479, 0000001538),
(00000580, NULL, 0000482, 0000001548),
(00000588, NULL, 0000489, 0000001571),
(00000591, NULL, 0000492, 0000001585),
(00000593, NULL, 0000180, 0000001591),
(00000595, NULL, 0000403, 0000001593),
(00000598, NULL, 0000496, 0000001600),
(00000599, NULL, 0000497, 0000001603),
(00000601, NULL, 0000499, 0000001609),
(00000602, NULL, 0000500, 0000001612),
(00000604, NULL, 0000321, 0000001616),
(00000605, NULL, 0000382, 0000001617),
(00000607, NULL, 0000502, 0000001621),
(00000609, NULL, 0000392, 0000001627),
(00000610, NULL, 0000504, 0000001628),
(00000611, NULL, 0000505, 0000001631),
(00000614, NULL, 0000508, 0000001639),
(00000615, NULL, 0000509, 0000001642),
(00000617, NULL, 0000509, 0000001645),
(00000620, NULL, 0000513, 0000001654),
(00000621, NULL, 0000380, 0000001657),
(00000626, NULL, 0000517, 0000001667),
(00000631, NULL, 0000520, 0000001677),
(00000632, NULL, 0000521, 0000001680),
(00000634, NULL, 0000521, 0000001683),
(00000636, NULL, 0000521, 0000001686),
(00000638, NULL, 0000525, 0000001692),
(00000642, NULL, 0000527, 0000001700),
(00000644, NULL, 0000374, 0000001706),
(00000648, NULL, 0000142, 0000001713),
(00000651, NULL, 0000534, 0000001721),
(00000654, NULL, 0000536, 0000001730),
(00000656, NULL, 0000538, 0000001735),
(00000657, NULL, 0000539, 0000001739),
(00000659, NULL, 0000541, 0000001744),
(00000662, NULL, 0000544, 0000001753),
(00000665, NULL, 0000547, 0000001761),
(00000666, NULL, 0000548, 0000001773),
(00000667, NULL, 0000549, 0000001779),
(00000671, NULL, 0000553, 0000001791),
(00000673, NULL, 0000555, 0000001796),
(00000674, NULL, 0000556, 0000001801),
(00000679, NULL, 0000513, 0000001811),
(00000680, NULL, 0000561, 0000001814),
(00000682, NULL, 0000562, 0000001819),
(00000685, NULL, 0000565, 0000001828),
(00000686, NULL, 0000565, 0000001710),
(00000687, NULL, 0000566, 0000001831),
(00000694, NULL, 0000571, 0000001845),
(00000696, NULL, 0000571, 0000001848),
(00000698, NULL, 0000574, 0000001858),
(00000701, NULL, 0000500, 0000001864),
(00000702, NULL, 0000577, 0000001867),
(00000703, NULL, 0000578, 0000001870),
(00000705, NULL, 0000425, 0000001875),
(00000706, NULL, 0000399, 0000001878),
(00000707, NULL, 0000580, 0000001879),
(00000709, NULL, 0000432, 0000001882),
(00000710, NULL, 0000582, 0000001885),
(00000711, NULL, 0000583, 0000001888),
(00000712, NULL, 0000584, 0000001891),
(00000714, NULL, 0000366, 0000001894),
(00000715, NULL, 0000384, 0000001897),
(00000716, NULL, 0000586, 0000001898),
(00000717, NULL, 0000587, 0000001901),
(00000718, NULL, 0000365, 0000001904),
(00000719, NULL, 0000588, 0000001905),
(00000721, NULL, 0000590, 0000001911),
(00000722, NULL, 0000396, 0000001913),
(00000723, NULL, 0000206, 0000001914),
(00000724, NULL, 0000591, 0000001915),
(00000725, NULL, 0000592, 0000001918),
(00000726, NULL, 0000593, 0000001921),
(00000727, NULL, 0000292, 0000001924),
(00000728, NULL, 0000594, 0000001925),
(00000729, NULL, 0000595, 0000001928),
(00000730, NULL, 0000596, 0000001931),
(00000733, NULL, 0000188, 0000001934),
(00000734, NULL, 0000598, 0000001937),
(00000737, NULL, 0000601, 0000001946),
(00000740, NULL, 0000604, 0000001955),
(00000743, NULL, 0000407, 0000001960),
(00000745, NULL, 0000607, 0000001964),
(00000747, NULL, 0000609, 0000001970),
(00000749, NULL, 0000610, 0000001974),
(00000751, NULL, 0000610, 0000001977),
(00000752, NULL, 0000612, 0000001980),
(00000753, NULL, 0000613, 0000001983),
(00000754, NULL, 0000614, 0000001986),
(00000755, NULL, 0000615, 0000001989),
(00000756, NULL, 0000616, 0000001992),
(00000757, NULL, 0000617, 0000001995),
(00000759, NULL, 0000619, 0000002000),
(00000761, NULL, 0000621, 0000002006),
(00000762, NULL, 0000622, 0000002009),
(00000763, NULL, 0000623, 0000002012),
(00000766, NULL, 0000625, 0000002019),
(00000767, NULL, 0000626, 0000002022),
(00000768, NULL, 0000627, 0000002029),
(00000769, NULL, 0000628, 0000002033),
(00000770, NULL, 0000629, 0000002035),
(00000771, NULL, 0000630, 0000002037),
(00000772, NULL, 0000631, 0000002040),
(00000778, NULL, 0000571, 0000002056),
(00000779, NULL, 0000637, 0000002060),
(00000780, NULL, 0000638, 0000002063),
(00000781, NULL, 0000639, 0000002066),
(00000785, NULL, 0000642, 0000002076),
(00000786, NULL, 0000643, 0000002079),
(00000787, NULL, 0000644, 0000002081),
(00000788, NULL, 0000645, 0000002084),
(00000789, NULL, 0000646, 0000002087),
(00000791, NULL, 0000647, 0000002090),
(00000792, NULL, 0000648, 0000002093),
(00000793, NULL, 0000649, 0000002097),
(00000794, NULL, 0000650, 0000002100),
(00000795, NULL, 0000651, 0000002103),
(00000796, NULL, 0000652, 0000002106),
(00000798, NULL, 0000547, 0000002109),
(00000799, NULL, 0000654, 0000002113),
(00000800, NULL, 0000655, 0000002116),
(00000802, NULL, 0000657, 0000002120),
(00000803, NULL, 0000658, 0000002123),
(00000805, NULL, 0000660, 0000002129),
(00000806, NULL, 0000661, 0000002135),
(00000807, NULL, 0000662, 0000002138),
(00000808, NULL, 0000663, 0000002141),
(00000810, NULL, 0000664, 0000002145),
(00000813, NULL, 0000426, 0000002150),
(00000817, NULL, 0000669, 0000002156),
(00000818, NULL, 0000670, 0000002160),
(00000819, NULL, 0000671, 0000002163),
(00000820, NULL, 0000672, 0000002166),
(00000821, NULL, 0000673, 0000002169),
(00000822, NULL, 0000674, 0000002172),
(00000823, NULL, 0000675, 0000002175),
(00000824, NULL, 0000676, 0000002178),
(00000826, NULL, 0000678, 0000002184),
(00000827, NULL, 0000679, 0000002187),
(00000828, NULL, 0000680, 0000002190),
(00000829, NULL, 0000450, 0000002193),
(00000830, NULL, 0000681, 0000002194),
(00000832, NULL, 0000683, 0000002200),
(00000833, NULL, 0000684, 0000002203),
(00000834, NULL, 0000685, 0000002206),
(00000836, NULL, 0000687, 0000002212),
(00000837, NULL, 0000651, 0000002215),
(00000838, NULL, 0000688, 0000002216),
(00000841, NULL, 0000691, 0000002225),
(00000843, NULL, 0000165, 0000002231),
(00000844, NULL, 0000374, 0000002232),
(00000845, NULL, 0000693, 0000002233),
(00000846, NULL, 0000694, 0000002236),
(00000847, NULL, 0000295, 0000002239),
(00000849, NULL, 0000471, 0000002243),
(00000852, NULL, 0000412, 0000002247),
(00000853, NULL, 0000698, 0000002250),
(00000854, NULL, 0000699, 0000002253),
(00000857, NULL, 0000702, 0000002262),
(00000859, NULL, 0000616, 0000002265),
(00000860, NULL, 0000704, 0000002268),
(00000861, NULL, 0000705, 0000002271),
(00000862, NULL, 0000706, 0000002274),
(00000863, NULL, 0000707, 0000002277),
(00000864, NULL, 0000708, 0000002280),
(00000865, NULL, 0000709, 0000002283),
(00000866, NULL, 0000710, 0000002286),
(00000867, NULL, 0000711, 0000002293),
(00000868, NULL, 0000712, 0000002296),
(00000869, NULL, 0000713, 0000002299),
(00000870, NULL, 0000714, 0000002302),
(00000871, NULL, 0000715, 0000002306),
(00000872, NULL, 0000716, 0000002309),
(00000874, NULL, 0000718, 0000002316),
(00000875, NULL, 0000719, 0000002319),
(00000876, NULL, 0000720, 0000002323),
(00000877, NULL, 0000721, 0000002327),
(00000878, NULL, 0000722, 0000002330),
(00000879, NULL, 0000496, 0000002333),
(00000880, NULL, 0000723, 0000002334),
(00000882, NULL, 0000725, 0000002340),
(00000883, NULL, 0000430, 0000001367),
(00000884, NULL, 0000156, 0000002348),
(00000887, NULL, 0000728, 0000002357),
(00000888, NULL, 0000729, 0000002360),
(00000889, NULL, 0000730, 0000002364),
(00000891, NULL, 0000732, 0000002371),
(00000892, NULL, 0000733, 0000002374),
(00000893, NULL, 0000734, 0000002380),
(00000894, NULL, 0000735, 0000002383),
(00000895, NULL, 0000736, 0000002386),
(00000896, NULL, 0000737, 0000002389),
(00000897, NULL, 0000738, 0000002392),
(00000898, NULL, 0000739, 0000002395),
(00000899, NULL, 0000740, 0000002398),
(00000900, NULL, 0000741, 0000002401),
(00000901, NULL, 0000742, 0000002404),
(00000902, NULL, 0000743, 0000002407),
(00000903, NULL, 0000744, 0000002411),
(00000906, NULL, 0000747, 0000002420),
(00000907, NULL, 0000430, 0000002425),
(00000908, NULL, 0000499, 0000002426),
(00000909, NULL, 0000748, 0000002427),
(00000910, NULL, 0000749, 0000002430),
(00000911, NULL, 0000750, 0000002433),
(00000912, NULL, 0000751, 0000002436),
(00000913, NULL, 0000752, 0000002441),
(00000914, NULL, 0000753, 0000002444),
(00000915, NULL, 0000754, 0000002447),
(00000916, NULL, 0000755, 0000002450),
(00000917, NULL, 0000756, 0000002453),
(00000918, NULL, 0000757, 0000002456),
(00000919, NULL, 0000468, 0000002459),
(00000921, NULL, 0000132, 0000002460),
(00000922, NULL, 0000759, 0000002463),
(00000923, NULL, 0000760, 0000002466),
(00000924, NULL, 0000761, 0000002469),
(00000925, NULL, 0000439, 0000002472),
(00000926, NULL, 0000762, 0000002473),
(00000927, NULL, 0000763, 0000002476),
(00000928, NULL, 0000764, 0000002479),
(00000929, NULL, 0000765, 0000002482),
(00000932, NULL, 0000767, 0000002488),
(00000933, NULL, 0000767, 0000002490),
(00000934, NULL, 0000768, 0000002491),
(00000935, NULL, 0000769, 0000002495),
(00000936, NULL, 0000770, 0000002498),
(00000937, NULL, 0000771, 0000002501),
(00000938, NULL, 0000771, 0000002504),
(00000939, NULL, 0000772, 0000002505),
(00000940, NULL, 0000773, 0000002508),
(00000941, NULL, 0000774, 0000002511),
(00000942, NULL, 0000775, 0000002514),
(00000943, NULL, 0000776, 0000002517),
(00000944, NULL, 0000777, 0000002520),
(00000945, NULL, 0000778, 0000002523),
(00000946, NULL, 0000779, 0000002526),
(00000947, NULL, 0000780, 0000002529),
(00000948, NULL, 0000781, 0000002532),
(00000949, NULL, 0000782, 0000002535),
(00000950, NULL, 0000783, 0000002537),
(00000951, NULL, 0000784, 0000002541),
(00000952, NULL, 0000785, 0000002545),
(00000953, NULL, 0000786, 0000002548),
(00000954, NULL, 0000787, 0000002555),
(00000956, NULL, 0000789, 0000002563),
(00000957, NULL, 0000403, 0000002566),
(00000958, NULL, 0000790, 0000002567),
(00000959, NULL, 0000791, 0000002570),
(00000960, NULL, 0000792, 0000002573),
(00000961, NULL, 0000289, 0000002576),
(00000962, NULL, 0000793, 0000002577),
(00000963, NULL, 0000794, 0000002580),
(00000964, NULL, 0000795, 0000002583),
(00000965, NULL, 0000796, 0000002586),
(00000966, NULL, 0000797, 0000002589),
(00000967, NULL, 0000798, 0000002592),
(00000968, NULL, 0000799, 0000002595),
(00000969, NULL, 0000800, 0000002598),
(00000970, NULL, 0000801, 0000002601),
(00000971, NULL, 0000802, 0000002604),
(00000972, NULL, 0000803, 0000002607),
(00000973, NULL, 0000504, 0000002610),
(00000974, NULL, 0000804, 0000002611),
(00000975, NULL, 0000367, 0000002614),
(00000976, NULL, 0000805, 0000002615),
(00000977, NULL, 0000806, 0000002618),
(00000978, NULL, 0000807, 0000002621),
(00000979, NULL, 0000808, 0000002624),
(00000980, NULL, 0000809, 0000002627),
(00000981, NULL, 0000810, 0000002630),
(00000982, NULL, 0000811, 0000002633),
(00000983, NULL, 0000812, 0000002636),
(00000984, NULL, 0000813, 0000002639),
(00000985, NULL, 0000814, 0000002642),
(00000986, NULL, 0000815, 0000002645),
(00000987, NULL, 0000816, 0000002648),
(00000988, NULL, 0000787, 0000002651),
(00000989, NULL, 0000817, 0000002652),
(00000990, NULL, 0000818, 0000002654),
(00000991, NULL, 0000819, 0000002657),
(00000992, NULL, 0000820, 0000002660),
(00000993, NULL, 0000821, 0000002663),
(00000994, NULL, 0000772, 0000002666),
(00000995, NULL, 0000822, 0000002667),
(00000996, NULL, 0000823, 0000002670),
(00000997, NULL, 0000824, 0000002673),
(00000998, NULL, 0000825, 0000002676),
(00000999, NULL, 0000705, 0000002679),
(00001000, NULL, 0000826, 0000002680),
(00001001, NULL, 0000827, 0000002683),
(00001002, NULL, 0000828, 0000002686),
(00001003, NULL, 0000829, 0000002689),
(00001004, NULL, 0000830, 0000002692),
(00001005, NULL, 0000438, 0000002695),
(00001006, NULL, 0000831, 0000002696),
(00001007, NULL, 0000607, 0000002699),
(00001008, NULL, 0000832, 0000002700),
(00001009, NULL, 0000833, 0000002702),
(00001010, NULL, 0000834, 0000002705),
(00001011, NULL, 0000835, 0000002708),
(00001012, NULL, 0000836, 0000002711),
(00001013, NULL, 0000660, 0000002714),
(00001014, NULL, 0000837, 0000002715),
(00001015, NULL, 0000838, 0000002719),
(00001016, NULL, 0000839, 0000002723),
(00001017, NULL, 0000840, 0000002726),
(00001018, NULL, 0000841, 0000002729),
(00001019, NULL, 0000842, 0000002737),
(00001020, NULL, 0000843, 0000002740),
(00001021, NULL, 0000844, 0000002743),
(00001022, NULL, 0000845, 0000002746),
(00001023, NULL, 0000846, 0000002749),
(00001024, NULL, 0000847, 0000002752),
(00001025, NULL, 0000848, 0000002754),
(00001026, NULL, 0000849, 0000002757),
(00001027, NULL, 0000849, 0000002760),
(00001028, NULL, 0000850, 0000002761),
(00001029, NULL, 0000851, 0000002764),
(00001030, NULL, 0000852, 0000002767),
(00001031, NULL, 0000853, 0000002770),
(00001075, NULL, 0000148, 0000001377),
(00001076, NULL, 0000148, 0000000925),
(00001084, NULL, 0000088, 0000002063);

ALTER TABLE `gibbonFamilyChild` ENABLE KEYS;
UNLOCK TABLES;


# Dump of table gibbonFinanceFeeCategory
# ------------------------------------------------------------

LOCK TABLES `gibbonFinanceFeeCategory` WRITE;
ALTER TABLE `gibbonFinanceFeeCategory` DISABLE KEYS;

INSERT INTO `gibbonFinanceFeeCategory` (`gibbonFinanceFeeCategoryID`, `name`, `nameShort`, `description`, `active`, `gibbonPersonIDCreator`, `timestampCreator`, `gibbonPersonIDUpdate`, `timestampUpdate`)
VALUES
	(0001,'Other','OTHR','Category for fees not fitting into any other category.','Y',0000000001,'2013-07-12 08:25:32',NULL,NULL),
	(0019,'Tuition Fee','TUIT','School Tuition ','Y',0000001810,'2017-04-13 12:43:01',0000000857,'2017-05-23 09:59:14'),
	(0020,'Debenture','DEB','Non-Refundable Debenture','Y',0000001810,'2017-05-23 09:41:23',0000000857,'2017-05-23 11:29:17'),
	(0021,'Public Exam Fee','EXAM','','Y',0000000857,'2017-06-16 15:02:52',NULL,NULL),
	(0022,'Misc Deposit','DEP','Deposit for Activities and Miscellaneous Costs','Y',0000000857,'2018-06-28 11:25:45',NULL,NULL);

ALTER TABLE `gibbonFinanceFeeCategory` ENABLE KEYS;
UNLOCK TABLES;


# Dump of table gibbonOutcome
# ------------------------------------------------------------

LOCK TABLES `gibbonOutcome` WRITE;
ALTER TABLE `gibbonOutcome` DISABLE KEYS;

INSERT INTO `gibbonOutcome` (`gibbonOutcomeID`, `name`, `nameShort`, `category`, `description`, `active`, `scope`, `gibbonDepartmentID`, `gibbonYearGroupIDList`, `gibbonPersonIDCreator`)
VALUES
	(00000081,'Conducting Myself & Relating To Others','ATL-CM','Approach to Learning','','Y','School',NULL,'001,002,003,004,005,006,007',0000000001),
	(00000082,'Working With Other Students','ATL-WWOS','Approach to Learning','','Y','School',NULL,'001,002,003,004,005,006,007',0000000001),
	(00000083,'Working Independently','ATL-WI','Approach to Learning','','Y','School',NULL,'001,002,003,004,005,006,007',0000000001),
	(00000084,'Showing Initiative & Making Choices','ATL-SIMC','Approach to Learning','','Y','School',NULL,'001,002,003,004,005,006,007',0000000001),
	(00000085,'Organisation','ATL-Org','Approach to Learning','','Y','School',NULL,'001,002,003,004,005,006,007',0000000001),
	(00000086,'Attitude To Feedback & Advice','ATL-ATFA','Approach to Learning','','Y','School',NULL,'001,002,003,004,005,006,007',0000000001),
	(00000087,'Resilience & Motivation','ATL-RM','Approach to Learning','','Y','School',NULL,'001,002,003,004,005,006,007',0000000001),
	(00000088,'Attitude To Challenge','ATL-ATC','Approach to Learning','','Y','School',NULL,'001,002,003,004,005,006,007',0000000001),
	(00000240,'Contribution to Class','ATL-CTC','Approach to Learning','','Y','School',NULL,'001,002,003,004,005,006,007',0000000001);

ALTER TABLE `gibbonOutcome` ENABLE KEYS;
UNLOCK TABLES;


# Dump of table gibbonPlannerEntry
# ------------------------------------------------------------


INSERT INTO `gibbonPlannerEntry` (`gibbonPlannerEntryID`, `gibbonCourseClassID`, `gibbonUnitID`, `date`, `timeStart`, `timeEnd`, `name`, `summary`, `description`, `teachersNotes`, `homework`, `homeworkDueDateTime`, `homeworkDetails`, `homeworkSubmission`, `homeworkSubmissionDateOpen`, `homeworkSubmissionDrafts`, `homeworkSubmissionType`, `homeworkSubmissionRequired`, `homeworkCrowdAssess`, `homeworkCrowdAssessOtherTeachersRead`, `homeworkCrowdAssessOtherParentsRead`, `homeworkCrowdAssessClassmatesParentsRead`, `homeworkCrowdAssessSubmitterParentsRead`, `homeworkCrowdAssessOtherStudentsRead`, `homeworkCrowdAssessClassmatesRead`, `viewableStudents`, `viewableParents`, `gibbonPersonIDCreator`, `gibbonPersonIDLastEdit`)
VALUES
	(00000000000001, 00002426, 0000003065, '2019-08-19', '13:10:00', '14:20:00', 'Epic Wallpaper 1', 'Want To Make Some Eye Candy?, Assessment, Getting Started With Acorn, Fi...', '', '', 'N', NULL, '', 'N', NULL, NULL, '', 'Optional', 'N', 'N', 'N', 'N', 'N', 'N', 'N', 'Y', 'Y', 0000000001, 0000000001),
	(00000000000002, 00002426, 0000003065, '2019-08-19', '14:20:00', '15:30:00', 'Epic Wallpaper 2', 'Why So Big?, Layers, Finding A Silhouette, Making A Cutout, Find A Backg...', '', '', 'N', NULL, '', 'N', NULL, NULL, '', 'Optional', 'N', 'N', 'N', 'N', 'N', 'N', 'N', 'Y', 'Y', 0000000001, 0000000001),
	(00000000000003, 00002426, 0000003065, '2019-08-26', '13:10:00', '14:20:00', 'Epic Wallpaper 3', 'Hong Kong Style, Apply Your Background, Playtime, Filters, Playtime', '', '', 'N', NULL, '', 'N', NULL, NULL, '', 'Optional', 'N', 'N', 'N', 'N', 'N', 'N', 'N', 'Y', 'Y', 0000000001, 0000000001),
	(00000000000004, 00002426, 0000003065, '2019-08-27', '09:40:00', '10:50:00', 'Epic Wallpaper 4', 'Creative Commons License, Text Controls, Playtime', '', '', 'N', NULL, '', 'N', NULL, NULL, '', 'Optional', 'N', 'N', 'N', 'N', 'N', 'N', 'N', 'Y', 'Y', 0000000001, 0000000001),
	(00000000000005, 00002426, 0000003065, '2019-09-02', '13:10:00', '14:20:00', 'Epic Wallpaper 5', 'Finish, Export & Submit, Raster vs. Vector', '', '', 'N', NULL, '', 'N', NULL, NULL, '', 'Optional', 'N', 'N', 'N', 'N', 'N', 'N', 'N', 'Y', 'Y', 0000000001, 0000000001);


LOCK TABLES `gibbonResource` WRITE;
ALTER TABLE `gibbonResource` DISABLE KEYS;

INSERT INTO `gibbonResource` (`gibbonResourceID`, `name`, `description`, `gibbonYearGroupIDList`, `type`, `category`, `purpose`, `tags`, `content`, `gibbonPersonID`, `timestamp`)
VALUES
	(00000000000001,'TED.com','','001,002,003,004,005,006,007','Link','Website','Inspiration','video,expert,allsubjects,self,ted,keynote','http://www.ted.com',0000000001,'2011-10-17 01:14:45'),
	(00000000000002,'rossparker.org','','001,002,003,004,005,006,007','Link','Website','Inspiration','ross parker,resource,blog,teacher,video,cpd,units,lessons','http://rossparker.org',0000000001,'2011-10-17 01:16:14'),
	(00000000000003,'If by Rudyard Kippling','','001,002,003,004,005,006,007','HTML','Poetry','Inspiration','rudyard kipling,poetry,english,literature,self,man,values','<p><span style=\"font-family: Arial;\">IF you can keep your head when all about you <br /> Are losing theirs and blaming it on you,<br /> If you can trust yourself when all men doubt you,<br /> But make allowance for their doubting too;<br /> If you can wait and not be tired by waiting,<br /> Or being lied about, don\'t deal in lies,<br /> Or being hated, don\'t give way to hating,<br /> And yet don\'t look too good, nor talk too wise:<p>If you can dream - and not make dreams your master;<br /> If you can think - and not make thoughts your aim;<br /> If you can meet with Triumph and Disaster<br /> And treat those two impostors just the same;<br /> If you can bear to hear the truth you\'ve spoken<br /> Twisted by knaves to make a trap for fools,<br /> Or watch the things you gave your life to, broken,<br /> And stoop and build \'em up with worn-out tools:</p><p>If you can make one heap of all your winnings <br /> And risk it on one turn of pitch-and-toss,<br /> And lose, and start again at your beginnings<br /> And never breathe a word about your loss;<br /> If you can force your heart and nerve and sinew<br /> To serve your turn long after they are gone,<br /> And so hold on when there is nothing in you<br /> Except the Will which says to them: \'Hold on!\'</p><p>If you can talk with crowds and keep your virtue,<br /> \' Or walk with Kings - nor lose the common touch,<br /> if neither foes nor loving friends can hurt you,<br /> If all men count with you, but none too much;<br /> If you can fill the unforgiving minute<br /> With sixty seconds\' worth of distance run,<br /> Yours is the Earth and everything that\'s in it,<br /> And - which is more - you\'ll be a Man, my son!</p></span></p>',0000000001,'2011-10-17 01:17:53'),
	(00000000000004,'Human Eye in Slow Motion','','001,002,003,004,005,006,007','Link','Video','Other','biology,science,eye','http://www.youtube.com/watch?v=ySMtB5nWxPs#!',0000000001,'2011-10-19 04:13:48'),
	(00000000000005,'iGenius: Steve Jobs','','001,002,003,004,005,006,007','Link','Video','Other','ict,technology,steve jobs,apple,change,culture,business','http://www.youtube.com/watch?v=O1JNLK8fiII#!',0000000001,'2011-10-19 14:44:32'),
	(00000000000006,'The Plastic Bag','','001,002,003,004,005,006,007','HTML','Video','Other','eag,plastic,waste,mockumentary,video,youtube,embed','<p><iframe src=\"http://www.youtube.com/embed/GLgh9h2ePYw\" frameborder=\"0\" height=\"315\" width=\"560\"></iframe></p>',0000000001,'2011-10-21 17:46:18');

ALTER TABLE `gibbonResource` ENABLE KEYS;
UNLOCK TABLES;


# Dump of table gibbonResourceTag
# ------------------------------------------------------------

LOCK TABLES `gibbonResourceTag` WRITE;
ALTER TABLE `gibbonResourceTag` DISABLE KEYS;

INSERT INTO `gibbonResourceTag` (`gibbonResourceTagID`, `tag`, `count`)
VALUES
	(000000000001,'allsubjects',1),
	(000000000002,'apple',1),
	(000000000003,'biology',1),
	(000000000004,'blog',1),
	(000000000005,'business',1),
	(000000000006,'change',1),
	(000000000007,'cpd',1),
	(000000000008,'culture',1),
	(000000000009,'eag',1),
	(000000000010,'embed',1),
	(000000000011,'english',1),
	(000000000012,'expert',1),
	(000000000013,'eye',1),
	(000000000014,'ict',1),
	(000000000015,'keynote',1),
	(000000000016,'lessons',1),
	(000000000017,'literature',1),
	(000000000018,'man',1),
	(000000000019,'mockumentary',1),
	(000000000020,'plastic',1),
	(000000000021,'poetry',1),
	(000000000022,'resource',1),
	(000000000023,'ross parker',1),
	(000000000024,'rudyard kipling',1),
	(000000000025,'science',1),
	(000000000026,'self',2),
	(000000000027,'steve jobs',1),
	(000000000028,'teacher',1),
	(000000000029,'technology',1),
	(000000000030,'ted',1),
	(000000000031,'units',1),
	(000000000032,'values',1),
	(000000000033,'video',3),
	(000000000034,'waste',1),
	(000000000035,'youtube',1);

ALTER TABLE `gibbonResourceTag` ENABLE KEYS;
UNLOCK TABLES;

# Dump of table gibbonRollGroup
# ------------------------------------------------------------

LOCK TABLES `gibbonRollGroup` WRITE;
ALTER TABLE `gibbonRollGroup` DISABLE KEYS;

INSERT INTO `gibbonRollGroup` (`gibbonRollGroupID`, `AcademicYearID`, `name`, `nameShort`, `gibbonPersonIDTutor`, `gibbonPersonIDTutor2`, `gibbonPersonIDTutor3`, `gibbonPersonIDEA`, `gibbonPersonIDEA2`, `gibbonPersonIDEA3`, `gibbonSpaceID`, `gibbonRollGroupIDNext`, `attendance`, `website`)
VALUES
	(00143,025,'07.1','07.1',0000002363,NULL,NULL,NULL,NULL,NULL,00007,00000,'Y',''),
	(00144,025,'07.2','07.2',0000001778,NULL,NULL,NULL,NULL,NULL,00006,00000,'Y',''),
	(00145,025,'07.3','07.3',0000001601,NULL,NULL,NULL,NULL,NULL,00020,00000,'Y',''),
	(00146,025,'08.1','08.1',0000002732,NULL,NULL,NULL,NULL,NULL,00024,00000,'Y',''),
	(00147,025,'08.2','08.2',0000000120,NULL,NULL,NULL,NULL,NULL,00019,00000,'Y',''),
	(00148,025,'08.3','08.3',0000002562,NULL,NULL,NULL,NULL,NULL,00001,00000,'Y',''),
	(00149,025,'09.1','09.1',0000002134,NULL,NULL,NULL,NULL,NULL,00002,00000,'Y',''),
	(00150,025,'09.2','09.2',0000001123,NULL,NULL,NULL,NULL,NULL,00008,00000,'Y',''),
	(00151,025,'10.1','10.1',0000002347,NULL,NULL,NULL,NULL,NULL,00046,00000,'Y',''),
	(00152,025,'10.2','10.2',0000000198,NULL,NULL,NULL,NULL,NULL,00049,00000,'Y',''),
	(00153,025,'11.1','11.1',0000000866,NULL,NULL,NULL,NULL,NULL,00018,00000,'Y',''),
	(00154,025,'11.2','11.2',0000001119,NULL,NULL,NULL,NULL,NULL,00047,00000,'Y',''),
	(00155,025,'12.1','12.1',0000000867,NULL,NULL,NULL,NULL,NULL,00004,00000,'Y',''),
	(00156,025,'13.1','13.1',0000000124,NULL,NULL,NULL,NULL,NULL,00031,00000,'Y',''),
	(00157,025,'12.2','12.2',0000000869,NULL,NULL,NULL,NULL,NULL,00010,00000,'Y',''),
	(00158,025,'SRC','SRC',0000000375,0000001117,NULL,NULL,NULL,NULL,00028,00000,'Y',''),
	(00159,025,'09.3','09.3',0000002326,NULL,NULL,NULL,NULL,NULL,00021,00000,'Y',''),
	(00162,025,'07.4','07.4',0000002722,NULL,NULL,NULL,NULL,NULL,00029,00000,'Y',''),
	(00163,025,'10.3','10.3',0000001122,NULL,NULL,NULL,NULL,NULL,00048,00000,'Y',''),
	(00164,025,'11.3','11.3',0000002027,NULL,NULL,NULL,NULL,NULL,00023,00000,'Y','');

ALTER TABLE `gibbonRollGroup` ENABLE KEYS;
UNLOCK TABLES;


# Dump of table gibbonRubric
# ------------------------------------------------------------

LOCK TABLES `gibbonRubric` WRITE;
ALTER TABLE `gibbonRubric` DISABLE KEYS;

INSERT INTO `gibbonRubric` (`gibbonRubricID`, `name`, `category`, `description`, `active`, `scope`, `gibbonDepartmentID`, `gibbonYearGroupIDList`, `gibbonScaleID`, `gibbonPersonIDCreator`)
VALUES
	(00000238,'Approaches to Learning Rubric v3','','','Y','School',NULL,'001,002,003,004,005,006,007',NULL,0000000001);

ALTER TABLE `gibbonRubric` ENABLE KEYS;
UNLOCK TABLES;


# Dump of table gibbonRubricCell
# ------------------------------------------------------------

LOCK TABLES `gibbonRubricCell` WRITE;
ALTER TABLE `gibbonRubricCell` DISABLE KEYS;

INSERT INTO `gibbonRubricCell` (`gibbonRubricCellID`, `gibbonRubricID`, `gibbonRubricColumnID`, `gibbonRubricRowID`, `contents`)
VALUES
	(00000006984,00000238,000001110,000000990,'Actively resists challenge and leaving comfort zone.'),
	(00000006985,00000238,000001111,000000990,'Unsettled by challenge and prefers to remain in comfort zone.'),
	(00000006986,00000238,000001112,000000990,'Open to challenge with encouragement and support. Prepared to be stretched.'),
	(00000006987,00000238,000001113,000000990,'Welcomes challenge and enjoys being stretched.'),
	(00000006988,00000238,000001114,000000990,'Actively seeks out challenge and prefers to be stretched.'),
	(00000006989,00000238,000001110,000000991,'Highly discouraged by setbacks and resistant to support and external motivation, Internal motivation is absent.'),
	(00000006990,00000238,000001111,000000991,'Easily discouraged by setbacks, requires ongoing support and external motivation to persevere. Internal motivation is fragile and tends to rely on interest.'),
	(00000006991,00000238,000001112,000000991,'Somewhat discouraged by setbacks, but perseveres with initial support and external motivation. Internal motivation is evident but inconsistent and primarily associated with interest.'),
	(00000006992,00000238,000001113,000000991,'Accepts setbacks as a part of learning and growing. Is able to persevere. Self-motivation is consistent across activities.'),
	(00000006993,00000238,000001114,000000991,'Welcomes setbacks as inevitable to making progress and growing as a person. Highly self-motivated.'),
	(00000006994,00000238,000001110,000000992,'Finds feedback impossible to accept. Closed to advice.'),
	(00000006995,00000238,000001111,000000992,'Typically defensive or dismissive of feedback. Ignores or discounts advice.'),
	(00000006996,00000238,000001112,000000992,'Usually open to feedback and prepared to act on it. Usually follows good advice.'),
	(00000006997,00000238,000001113,000000992,'Engages with feedback and responds to it. Takes and follows good advice.'),
	(00000006998,00000238,000001114,000000992,'Readily engages with feedback. Seeks and acts carefully on good advice.'),
	(00000006999,00000238,000001110,000000993,'Disorganised. Few, if any, strategies for prioritizing activities within and out of class.'),
	(00000007000,00000238,000001111,000000993,'Poorly organised. Some strategies for prioritizing activities within and out of class, but they tend to be either inadequate or poorly used.'),
	(00000007001,00000238,000001112,000000993,'Usually organized, given support and encouragement. Uses strategies to prioritize activities within and out of class, with general success.'),
	(00000007002,00000238,000001113,000000993,'Organised. Successful strategies to prioritize activities, within and out of class.'),
	(00000007003,00000238,000001114,000000993,'Highly organized. Flexible strategies to prioritize activities, within and out of class, and to anticipate change.'),
	(00000007004,00000238,000001110,000000994,'Gets stuck easily and does not seek help. Prone to inactivity in class.'),
	(00000007005,00000238,000001111,000000994,'Tends not to generate own solutions and requires teacher input to move on once stuck. Inconsistent effort in class.'),
	(00000007006,00000238,000001112,000000994,'Shows initiative in generating own solutions and seeks help when stuck, both from teacher or other students. Consistent effort in class.'),
	(00000007007,00000238,000001113,000000994,'Shows creativity in generating own solutions and quickly seeks help when stuck, both from teacher and other students. Consistent, dedicated effort in class.'),
	(00000007008,00000238,000001114,000000994,'Highly resourceful and imaginative with a wide repertoire of strategies to move on when stuck. Exemplary effort in class.'),
	(00000007009,00000238,000001110,000000995,'Needs prompting to begin tasks. Easily distracted. Limited endurance.'),
	(00000007010,00000238,000001111,000000995,'Sometimes needs prompting to begin tasks. Occasionally distracted. Endurance tends to correlate with interest.'),
	(00000007011,00000238,000001112,000000995,'Begins tasks promptly. Generally focussed. Appropriate levels of endurance, especially when interested.'),
	(00000007012,00000238,000001113,000000995,'Self-starter, stays on task and focussed. Appropriate levels of endurance, independent of interest.'),
	(00000007013,00000238,000001114,000000995,'Self-starter, stays on task and achieves flow. Advanced levels of endurance, independent of interest.'),
	(00000007014,00000238,000001110,000000996,'Finds group work challenging. Tends only to work with friends. Can be disruptive.'),
	(00000007015,00000238,000001111,000000996,'Functions in a group though happiest working with friends. Able to play a part and make a contribution.'),
	(00000007016,00000238,000001112,000000996,'Comfortable in group work, whether or not with friends. Collaborates effectively and reliably contributes.'),
	(00000007017,00000238,000001113,000000996,'Accomplished in group work. Facilitates collaboration and contributes. Loyal, takes responsibility, concerned for others.'),
	(00000007018,00000238,000001114,000000996,'Flourishes in group work. Makes things happen. Loyal, takes responsibility, helps others grow.'),
	(00000007019,00000238,000001110,000000997,'Finds it hard to relate to others sensitively. Sometimes unaware of or unconcerned about behaviour.'),
	(00000007020,00000238,000001111,000000997,'Has preferred way of relating to others, and finds it hard to shift into other relationships.'),
	(00000007021,00000238,000001112,000000997,'Has a range of ways of relating to others, shifting between modes when desired and advisable.'),
	(00000007022,00000238,000001113,000000997,'Has a wide range of ways of relating to others, shifting between modes with ease.'),
	(00000007023,00000238,000001114,000000997,'Subtle and versatile in relating to others, shifting between modes reliably and mindfully.'),
	(00000007024,00000238,000001110,000000998,'Tends not to contribute to class, even when prompted.'),
	(00000007025,00000238,000001111,000000998,'Contributes to class only when prompted. '),
	(00000007026,00000238,000001112,000000998,'Occasionally contributes to class without being prompted.'),
	(00000007027,00000238,000001113,000000998,'Contributes to class without being prompted.'),
	(00000007028,00000238,000001114,000000998,'Regularly and reliably contributes to class. Progresses learning in the group.'),
	(00000007066,00000238,000001128,000000990,'At this juncture, this aspect of performance is not yet assessable.'),
	(00000007067,00000238,000001128,000000991,'At this juncture, this aspect of performance is not yet assessable.'),
	(00000007068,00000238,000001128,000000992,'At this juncture, this aspect of performance is not yet assessable.'),
	(00000007069,00000238,000001128,000000993,'At this juncture, this aspect of performance is not yet assessable.'),
	(00000007070,00000238,000001128,000000994,'At this juncture, this aspect of performance is not yet assessable.'),
	(00000007071,00000238,000001128,000000995,'At this juncture, this aspect of performance is not yet assessable.'),
	(00000007072,00000238,000001128,000000996,'At this juncture, this aspect of performance is not yet assessable.'),
	(00000007073,00000238,000001128,000000997,'At this juncture, this aspect of performance is not yet assessable.'),
	(00000007074,00000238,000001128,000000998,'At this juncture, this aspect of performance is not yet assessable.');

ALTER TABLE `gibbonRubricCell` ENABLE KEYS;
UNLOCK TABLES;


# Dump of table gibbonRubricColumn
# ------------------------------------------------------------

LOCK TABLES `gibbonRubricColumn` WRITE;
ALTER TABLE `gibbonRubricColumn` DISABLE KEYS;

INSERT INTO `gibbonRubricColumn` (`gibbonRubricColumnID`, `gibbonRubricID`, `title`, `sequenceNumber`, `gibbonScaleGradeID`, `visualise`)
VALUES
	(000001110,00000238,'Profile 1',1,NULL,'Y'),
	(000001111,00000238,'Profile 2',2,NULL,'Y'),
	(000001112,00000238,'Profile 3',3,NULL,'Y'),
	(000001113,00000238,'Profile 4',4,NULL,'Y'),
	(000001114,00000238,'Profile 5',5,NULL,'Y'),
	(000001128,00000238,'Not Yet Assessable ',5,NULL,'N');

ALTER TABLE `gibbonRubricColumn` ENABLE KEYS;
UNLOCK TABLES;


# Dump of table gibbonRubricRow
# ------------------------------------------------------------

LOCK TABLES `gibbonRubricRow` WRITE;
ALTER TABLE `gibbonRubricRow` DISABLE KEYS;

INSERT INTO `gibbonRubricRow` (`gibbonRubricRowID`, `gibbonRubricID`, `title`, `sequenceNumber`, `gibbonOutcomeID`)
VALUES
	(000000990,00000238,'',1,00000088),
	(000000991,00000238,'',2,00000087),
	(000000992,00000238,'',3,00000086),
	(000000993,00000238,'',4,00000085),
	(000000994,00000238,'',5,00000084),
	(000000995,00000238,'',6,00000083),
	(000000996,00000238,'',7,00000082),
	(000000997,00000238,'',8,00000081),
	(000000998,00000238,'',9,00000240);

ALTER TABLE `gibbonRubricRow` ENABLE KEYS;
UNLOCK TABLES;

# Dump of table gibbonStaff
# ------------------------------------------------------------

LOCK TABLES `gibbonStaff` WRITE;
ALTER TABLE `gibbonStaff` DISABLE KEYS;

INSERT INTO `gibbonStaff` (`gibbonStaffID`, `gibbonPersonID`, `type`, `initials`, `jobTitle`, `smartWorkflowHelp`, `firstAidQualified`, `firstAidExpiry`, `countryOfOrigin`, `qualifications`, `biography`, `biographicalGrouping`, `biographicalGroupingPriority`)
VALUES
	(0000000001,0000000001,'Teaching',NULL,'','Y','',NULL,'','','','',0),
	(0000000002,0000000136,'Support',NULL,'','Y','',NULL,'','','','',0),
	(0000000003,0000000125,'Teaching',NULL,'','Y','',NULL,'','','','',0),
	(0000000004,0000000132,'Teaching',NULL,'','Y','',NULL,'','','','',0),
	(0000000005,0000000145,'Teaching',NULL,'','Y','',NULL,'','','','',0),
	(0000000006,0000000123,'Teaching',NULL,'','Y','',NULL,'','','','',0),
	(0000000007,0000000140,'Teaching',NULL,'','Y','',NULL,'','','','',0),
	(0000000008,0000000150,'Teaching',NULL,'','Y','',NULL,'','','','',0),
	(0000000009,0000000156,'Support',NULL,'','Y','',NULL,'','','','',0),
	(0000000010,0000000121,'Teaching',NULL,'','Y','',NULL,'','','','',0),
	(0000000011,0000000137,'Teaching',NULL,'','Y','',NULL,'','','','',0),
	(0000000012,0000000141,'Teaching',NULL,'','Y','',NULL,'','','','',0),
	(0000000013,0000000142,'Teaching',NULL,'','Y','',NULL,'','','','',0),
	(0000000014,0000000139,'Support',NULL,'','Y','',NULL,'','','','',0),
	(0000000015,0000000117,'Teaching',NULL,'','Y','',NULL,'','','','',0),
	(0000000016,0000000120,'Teaching',NULL,'','Y','',NULL,'','','','',0),
	(0000000017,0000000151,'Teaching',NULL,'','Y','',NULL,'','','','',0),
	(0000000018,0000000143,'Teaching',NULL,'','Y','',NULL,'','','','',0),
	(0000000019,0000000124,'Teaching',NULL,'','Y','',NULL,'','','','',0),
	(0000000020,0000000144,'Teaching',NULL,'','Y','',NULL,'','','','',0),
	(0000000021,0000000119,'Teaching',NULL,'','Y','',NULL,'','','','',0),
	(0000000023,0000000122,'Teaching',NULL,'','Y','',NULL,'','','','',0),
	(0000000024,0000000370,'Support',NULL,'','Y','',NULL,'','','','',0),
	(0000000025,0000000198,'Teaching',NULL,'','Y','',NULL,'','','','',0),
	(0000000026,0000000371,'Support',NULL,'','Y','',NULL,'','','','',0),
	(0000000027,0000000381,'Support',NULL,'','Y','',NULL,'','','','',0),
	(0000000028,0000000385,'Support',NULL,'','Y','',NULL,'','','','',0),
	(0000000029,0000000373,'Teaching',NULL,'','Y','',NULL,'','','','',0),
	(0000000030,0000000374,'Teaching',NULL,'','Y','',NULL,'','','','',0),
	(0000000031,0000000375,'Teaching',NULL,'','Y','',NULL,'','','','',0),
	(0000000032,0000000376,'Teaching',NULL,'','Y','',NULL,'','','','',0),
	(0000000033,0000000377,'Teaching',NULL,'','Y','',NULL,'','','','',0),
	(0000000034,0000000378,'Teaching',NULL,'','Y','',NULL,'','','','',0),
	(0000000035,0000000564,'Support',NULL,'','Y','',NULL,'','','','',0),
	(0000000036,0000000565,'Support',NULL,'','Y','',NULL,'','','','',0),
	(0000000037,0000000372,'Support',NULL,'','Y','',NULL,'','','','',0),
	(0000000038,0000000579,'Support',NULL,'','Y','',NULL,'','','','',0),
	(0000000039,0000000338,'Support',NULL,'','Y','',NULL,'','','','',0),
	(0000000040,0000000589,'Teaching',NULL,'','Y','',NULL,'','','','',0),
	(0000000041,0000000628,'Support',NULL,'','Y','',NULL,'','','','',0),
	(0000000042,0000000689,'Support',NULL,'','Y','',NULL,'','','','',0),
	(0000000043,0000000769,'Teaching',NULL,'','Y','',NULL,'','','','',0),
	(0000000044,0000000770,'Teaching',NULL,'','Y','',NULL,'','','','',0),
	(0000000045,0000000771,'Teaching',NULL,'','Y','',NULL,'','','','',0),
	(0000000046,0000000622,'Teaching',NULL,'','Y','',NULL,'','','','',0),
	(0000000047,0000000772,'Teaching',NULL,'','Y','',NULL,'','','','',0),
	(0000000048,0000000773,'Teaching',NULL,'','Y','',NULL,'','','','',0),
	(0000000049,0000000774,'Teaching',NULL,'','Y','',NULL,'','','','',0),
	(0000000050,0000000775,'Teaching',NULL,'','Y','',NULL,'','','','',0),
	(0000000051,0000000810,'Support',NULL,'','Y','',NULL,'','','','',0),
	(0000000052,0000000811,'Support',NULL,'','Y','',NULL,'','','','',0),
	(0000000053,0000000812,'Support',NULL,'','Y','',NULL,'','','','',0),
	(0000000054,0000000813,'Support',NULL,'','Y','',NULL,'','','','',0),
	(0000000055,0000000503,'Support',NULL,'','Y','',NULL,'','','','',0),
	(0000000056,0000000824,'Teaching',NULL,'','Y','',NULL,'','','','',0),
	(0000000057,0000000823,'Support',NULL,'','Y','',NULL,'','','','',0),
	(0000000058,0000000590,'Support',NULL,'','Y','',NULL,'','','','',0),
	(0000000059,0000000584,'Teaching',NULL,'','Y','',NULL,'','','','',0),
	(0000000060,0000000839,'Teaching',NULL,'','Y','',NULL,'','','','',0),
	(0000000061,0000000866,'Teaching',NULL,'','Y','',NULL,'','','','',0),
	(0000000062,0000000867,'Teaching',NULL,'','Y','',NULL,'','','','',0),
	(0000000063,0000000868,'Teaching',NULL,'','Y','',NULL,'','','','',0),
	(0000000064,0000000869,'Teaching',NULL,'','Y','',NULL,'','','','',0),
	(0000000065,0000000870,'Teaching',NULL,'','Y','',NULL,'','','','',0),
	(0000000066,0000000871,'Teaching',NULL,'','Y','',NULL,'','','','',0),
	(0000000067,0000001053,'Teaching',NULL,'','Y','',NULL,'','','','',0),
	(0000000068,0000001054,'Teaching',NULL,'','Y','',NULL,'','','','',0),
	(0000000069,0000001055,'Teaching',NULL,'','Y','',NULL,'','','','',0),
	(0000000070,0000001056,'Support',NULL,'','Y','',NULL,'','','','',0),
	(0000000071,0000001057,'Teaching',NULL,'','Y','',NULL,'','','','',0),
	(0000000072,0000001084,'Support',NULL,'','Y','',NULL,'','','','',0),
	(0000000073,0000001096,'Support',NULL,'','Y','',NULL,'','','','',0),
	(0000000075,0000001104,'Teaching',NULL,'','Y','',NULL,'','','','',0),
	(0000000076,0000001110,'Teaching',NULL,'','Y','',NULL,'','','','',0),
	(0000000077,0000001112,'Teaching',NULL,'','Y','',NULL,'','','','',0),
	(0000000078,0000001131,'Support',NULL,'','Y','',NULL,'','','','',0),
	(0000000079,0000001101,'Support',NULL,'','Y','',NULL,'','','','',0),
	(0000000080,0000001118,'Teaching',NULL,'','Y','',NULL,'','','','',0),
	(0000000081,0000001123,'Teaching',NULL,'','Y','',NULL,'','','','',0),
	(0000000082,0000001116,'Teaching',NULL,'','Y','',NULL,'','','','',0),
	(0000000083,0000001119,'Teaching',NULL,'','Y','',NULL,'','','','',0),
	(0000000084,0000001122,'Teaching',NULL,'','Y','',NULL,'','','','',0),
	(0000000085,0000001117,'Teaching',NULL,'','Y','',NULL,'','','','',0),
	(0000000086,0000001120,'Teaching',NULL,'','Y','',NULL,'','','','',0),
	(0000000087,0000001121,'Teaching',NULL,'','Y','',NULL,'','','','',0),
	(0000000089,0000001331,'Support',NULL,'','Y','',NULL,'','','','',0),
	(0000000090,0000001489,'Teaching',NULL,'','Y','',NULL,'','','','',0),
	(0000000091,0000001501,'Teaching',NULL,'','Y','',NULL,'','','','',0),
	(0000000092,0000001502,'Teaching',NULL,'','Y','',NULL,'','','','',0),
	(0000000093,0000001503,'Teaching',NULL,'','Y','',NULL,'','','','',0),
	(0000000094,0000001504,'Teaching',NULL,'','Y','',NULL,'','','','',0),
	(0000000095,0000001505,'Teaching',NULL,'','Y','',NULL,'','','','',0),
	(0000000096,0000001506,'Teaching',NULL,'','Y','',NULL,'','','','',0),
	(0000000097,0000001526,'Teaching',NULL,'','Y','',NULL,'','','','',0),
	(0000000098,0000000857,'Support',NULL,'','Y','',NULL,'','','','',0),
	(0000000099,0000001517,'Support',NULL,'','Y','',NULL,'','','','',0),
	(0000000100,0000001109,'Support',NULL,'','Y','',NULL,'','','','',0),
	(0000000101,0000001531,'Teaching',NULL,'','Y','',NULL,'','','','',0),
	(0000000102,0000001518,'Support',NULL,'','Y','',NULL,'','','','',0),
	(0000000103,0000001580,'Teaching',NULL,'','Y','',NULL,'','','','',0),
	(0000000104,0000001581,'Teaching',NULL,'','Y','',NULL,'','','','',0),
	(0000000105,0000001579,'Support',NULL,'','Y','',NULL,'','','','',0),
	(0000000106,0000001738,'Teaching',NULL,'','Y','',NULL,'','','','',0),
	(0000000107,0000001519,'Support',NULL,'','Y','',NULL,'','','','',0),
	(0000000108,0000001776,'Teaching',NULL,'','Y','',NULL,'','','','',0),
	(0000000109,0000001777,'Teaching',NULL,'','Y','',NULL,'','','','',0),
	(0000000110,0000001778,'Teaching',NULL,'','Y','',NULL,'','','','',0),
	(0000000111,0000001782,'Support',NULL,'','Y','',NULL,'','','','',0),
	(0000000112,0000001799,'Support',NULL,'','Y','',NULL,'','','','',0),
	(0000000113,0000001810,'Support',NULL,'','Y','',NULL,'','','','',0),
	(0000000114,0000001818,'Teaching',NULL,'','Y','',NULL,'','','','',0),
	(0000000115,0000000192,'Support',NULL,'','Y','',NULL,'','','','',0),
	(0000000116,0000001873,'Teaching',NULL,'','Y','',NULL,'','','','',0),
	(0000000117,0000002052,'Support',NULL,'','Y','',NULL,'','','','',0),
	(0000000118,0000002027,'Teaching',NULL,'','Y','',NULL,'','','','',0),
	(0000000119,0000002059,'Support',NULL,'','Y','',NULL,'','','','',0),
	(0000000120,0000002075,'Support',NULL,'','Y','',NULL,'','','','',0),
	(0000000121,0000002026,'Teaching',NULL,'','Y','',NULL,'','','','',0),
	(0000000122,0000002025,'Teaching',NULL,'','Y','',NULL,'','','','',0),
	(0000000123,0000002028,'Teaching',NULL,'','Y','',NULL,'','','','',0),
	(0000000124,0000002096,'Teaching',NULL,'','Y','',NULL,'','','','',0),
	(0000000125,0000001675,'Teaching',NULL,'','Y','',NULL,'','','','',0),
	(0000000126,0000000965,'Support',NULL,'','Y','',NULL,'','','','',0),
	(0000000127,0000001398,'Support',NULL,'','Y','',NULL,'','','','',0),
	(0000000128,0000001854,'Support',NULL,'','Y','',NULL,'','','','',0),
	(0000000129,0000002132,'Support',NULL,'','Y','',NULL,'','','','',0),
	(0000000130,0000001601,'Teaching',NULL,'','Y','',NULL,'','','','',0),
	(0000000131,0000002133,'Support',NULL,'','Y','',NULL,'','','','',0),
	(0000000132,0000002134,'Teaching',NULL,'','Y','',NULL,'','','','',0),
	(0000000133,0000002289,'Support',NULL,'','Y','',NULL,'','','','',0),
	(0000000134,0000002291,'Support',NULL,'','Y','',NULL,'','','','',0),
	(0000000135,0000002290,'Support',NULL,'','Y','',NULL,'','','','',0),
	(0000000136,0000002292,'Support',NULL,'','Y','',NULL,'','','','',0),
	(0000000137,0000002305,'Support',NULL,'','Y','',NULL,'','','','',0),
	(0000000138,0000002312,'Teaching',NULL,'','Y','',NULL,'','','','',0),
	(0000000139,0000002322,'Support',NULL,'','Y','',NULL,'','','','',0),
	(0000000140,0000001089,'Support',NULL,'','Y','',NULL,'','','','',0),
	(0000000141,0000002326,'Teaching',NULL,'','Y','',NULL,'','','','',0),
	(0000000142,0000002347,'Teaching',NULL,'','Y','',NULL,'','','','',0),
	(0000000143,0000002363,'Teaching',NULL,'','Y','',NULL,'','','','',0),
	(0000000144,0000002356,'Support',NULL,'','Y','',NULL,'','','','',0),
	(0000000145,0000002379,'Support',NULL,'','Y','',NULL,'','','','',0),
	(0000000146,0000002377,'Support',NULL,'','Y','',NULL,'','','','',0),
	(0000000147,0000002378,'Support',NULL,'','Y','',NULL,'','','','',0),
	(0000000148,0000002410,'LS Assistant',NULL,'','Y','',NULL,'','','','',0),
	(0000000150,0000002439,'Support',NULL,'','Y','',NULL,'','','','',0),
	(0000000151,0000002440,'Teacher',NULL,'','Y','',NULL,'','','','',0),
	(0000000152,0000002424,'Support',NULL,'','Y','',NULL,'','','','',0),
	(0000000153,0000002494,'Support',NULL,'','Y','',NULL,'','','','',0),
	(0000000154,0000000014,'LS Assistant',NULL,'','Y','',NULL,'','','','',0),
	(0000000155,0000001277,'LS Assistant',NULL,'','Y','',NULL,'','','','',0),
	(0000000156,0000002335,'LS Assistant',NULL,'','Y','',NULL,'','','','',0),
	(0000000157,0000002551,'Teaching',NULL,'','Y','',NULL,'','','','',0),
	(0000000158,0000002552,'Teaching',NULL,'','Y','',NULL,'','','','',0),
	(0000000159,0000002553,'LS Assistant',NULL,'','Y','',NULL,'','','','',0),
	(0000000160,0000002544,'LS Assistant',NULL,'','Y','',NULL,'','','','',0),
	(0000000161,0000002554,'Support',NULL,'','Y','',NULL,'','','','',0),
	(0000000162,0000002561,'Support',NULL,'','Y','',NULL,'','','','',0),
	(0000000163,0000002562,'Teaching',NULL,'','Y','',NULL,'','','','',0),
	(0000000164,0000002722,'Teaching',NULL,'','Y','',NULL,'','','','',0),
	(0000000165,0000002732,'Teaching',NULL,'','Y','',NULL,'','','','',0),
	(0000000166,0000002733,'Teaching',NULL,'','Y','',NULL,'','','','',0),
	(0000000167,0000002734,'Teaching',NULL,'','Y','',NULL,'','','','',0),
	(0000000168,0000002735,'Teaching',NULL,'','Y','',NULL,'','','','',0),
	(0000000169,0000002538,'Support',NULL,'','Y','',NULL,'','','','',0),
	(0000000170,0000002736,'Support',NULL,'','Y','',NULL,'','','','',0);

ALTER TABLE `gibbonStaff` ENABLE KEYS;
UNLOCK TABLES;


# Dump of table gibbonStudentEnrolment
# ------------------------------------------------------------

LOCK TABLES `gibbonStudentEnrolment` WRITE;
ALTER TABLE `gibbonStudentEnrolment` DISABLE KEYS;

INSERT INTO `gibbonStudentEnrolment` (`gibbonStudentEnrolmentID`, `gibbonPersonID`, `AcademicYearID`, `gibbonYearGroupID`, `gibbonRollGroupID`, `rollOrder`)
VALUES
	(00002482,0000001424,025,005,00153,NULL),
	(00002483,0000001520,025,005,00153,NULL),
	(00002484,0000001471,025,005,00153,NULL),
	(00002485,0000001352,025,005,00153,NULL),
	(00002486,0000001367,025,005,00153,NULL),
	(00002487,0000002357,025,005,00153,NULL),
	(00002488,0000001355,025,005,00153,NULL),
	(00002489,0000002407,025,005,00153,NULL),
	(00002490,0000001465,025,005,00153,NULL),
	(00002491,0000001692,025,005,00153,NULL),
	(00002492,0000001416,025,005,00153,NULL),
	(00002493,0000001538,025,005,00153,NULL),
	(00002494,0000001358,025,005,00153,NULL),
	(00002495,0000001393,025,005,00153,NULL),
	(00002496,0000001845,025,005,00153,NULL),
	(00002497,0000001486,025,005,00153,NULL),
	(00002498,0000001430,025,005,00154,NULL),
	(00002499,0000001585,025,005,00154,NULL),
	(00002500,0000002444,025,005,00154,NULL),
	(00002501,0000001410,025,005,00154,NULL),
	(00002502,0000002316,025,005,00154,NULL),
	(00002503,0000002084,025,005,00154,NULL),
	(00002504,0000001427,025,005,00154,NULL),
	(00002505,0000001440,025,005,00154,NULL),
	(00002506,0000001492,025,005,00154,NULL),
	(00002507,0000001391,025,005,00154,NULL),
	(00002508,0000001477,025,005,00154,NULL),
	(00002509,0000001377,025,005,00154,NULL),
	(00002510,0000002490,025,005,00154,NULL),
	(00002511,0000002306,025,005,00154,NULL),
	(00002512,0000001374,025,005,00154,NULL),
	(00002513,0000002286,025,005,00154,NULL),
	(00002514,0000001445,025,005,00164,NULL),
	(00002515,0000002380,025,005,00164,NULL),
	(00002516,0000001388,025,005,00164,NULL),
	(00002517,0000002398,025,005,00164,NULL),
	(00002518,0000001364,025,005,00164,NULL),
	(00002519,0000001396,025,005,00164,NULL),
	(00002520,0000001403,025,005,00164,NULL),
	(00002521,0000001399,025,005,00164,NULL),
	(00002522,0000001400,025,005,00164,NULL),
	(00002523,0000001483,025,005,00164,NULL),
	(00002524,0000001507,025,005,00164,NULL),
	(00002525,0000001867,025,005,00164,NULL),
	(00002526,0000001631,025,005,00164,NULL),
	(00002527,0000001710,025,005,00164,NULL),
	(00002528,0000002729,025,005,00164,NULL),
	(00002529,0000001571,025,005,00164,NULL),
	(00002531,0000001276,025,006,00155,NULL),
	(00002532,0000001275,025,006,00155,NULL),
	(00002533,0000002100,025,006,00155,NULL),
	(00002534,0000001251,025,006,00155,NULL),
	(00002535,0000001163,025,006,00155,NULL),
	(00002536,0000001226,025,006,00155,NULL),
	(00002537,0000002145,025,006,00155,NULL),
	(00002538,0000001178,025,006,00155,NULL),
	(00002539,0000001214,025,006,00155,NULL),
	(00002540,0000001204,025,006,00155,NULL),
	(00002541,0000001157,025,006,00155,NULL),
	(00002542,0000001236,025,006,00155,NULL),
	(00002543,0000001257,025,006,00155,NULL),
	(00002544,0000001191,025,006,00155,NULL),
	(00002545,0000002138,025,006,00155,NULL),
	(00002546,0000001160,025,006,00155,NULL),
	(00002547,0000002411,025,006,00155,NULL),
	(00002548,0000001245,025,006,00157,NULL),
	(00002549,0000002120,025,006,00157,NULL),
	(00002550,0000001200,025,006,00157,NULL),
	(00002551,0000001680,025,006,00157,NULL),
	(00002552,0000001193,025,006,00157,NULL),
	(00002553,0000001154,025,006,00157,NULL),
	(00002554,0000001259,025,006,00157,NULL),
	(00002555,0000001233,025,006,00157,NULL),
	(00002556,0000001548,025,006,00157,NULL),
	(00002557,0000001814,025,006,00157,NULL),
	(00002558,0000001254,025,006,00157,NULL),
	(00002559,0000001528,025,006,00157,NULL),
	(00002560,0000001201,025,006,00157,NULL),
	(00002561,0000002090,025,006,00157,NULL),
	(00002562,0000001242,025,006,00157,NULL),
	(00002563,0000002103,025,006,00157,NULL),
	(00002564,0000001179,025,006,00157,NULL),
	(00002565,0000002505,025,002,00146,NULL),
	(00002566,0000002283,025,002,00146,NULL),
	(00002567,0000002511,025,002,00146,NULL),
	(00002568,0000002193,025,002,00146,NULL),
	(00002569,0000002537,025,002,00146,NULL),
	(00002570,0000002212,025,002,00146,NULL),
	(00002571,0000002374,025,002,00146,NULL),
	(00002572,0000002323,025,002,00146,NULL),
	(00002573,0000002364,025,002,00146,NULL),
	(00002574,0000002333,025,002,00146,NULL),
	(00002575,0000002233,025,002,00146,NULL),
	(00002576,0000002243,025,002,00146,NULL),
	(00002577,0000002216,025,002,00146,NULL),
	(00002578,0000002330,025,002,00146,NULL),
	(00002579,0000002514,025,002,00146,NULL),
	(00002580,0000002215,025,002,00146,NULL),
	(00002581,0000002340,025,002,00146,NULL),
	(00002582,0000002169,025,002,00146,NULL),
	(00002583,0000002498,025,002,00146,NULL),
	(00002584,0000002302,025,002,00146,NULL),
	(00002585,0000002517,025,002,00146,NULL),
	(00002586,0000002371,025,002,00147,NULL),
	(00002587,0000002190,025,002,00147,NULL),
	(00002588,0000002334,025,002,00147,NULL),
	(00002589,0000002236,025,002,00147,NULL),
	(00002590,0000002520,025,002,00147,NULL),
	(00002591,0000002150,025,002,00147,NULL),
	(00002592,0000002239,025,002,00147,NULL),
	(00002593,0000002501,025,002,00147,NULL),
	(00002594,0000002523,025,002,00147,NULL),
	(00002595,0000002178,025,002,00147,NULL),
	(00002596,0000002206,025,002,00147,NULL),
	(00002597,0000002271,025,002,00147,NULL),
	(00002598,0000002420,025,002,00147,NULL),
	(00002599,0000002175,025,002,00147,NULL),
	(00002600,0000002253,025,002,00147,NULL),
	(00002601,0000002383,025,002,00147,NULL),
	(00002602,0000002360,025,002,00147,NULL),
	(00002603,0000002166,025,002,00147,NULL),
	(00002604,0000002535,025,002,00147,NULL),
	(00002605,0000002529,025,002,00147,NULL),
	(00002606,0000002247,025,002,00148,NULL),
	(00002607,0000002194,025,002,00148,NULL),
	(00002608,0000002172,025,002,00148,NULL),
	(00002609,0000002293,025,002,00148,NULL),
	(00002610,0000002250,025,002,00148,NULL),
	(00002611,0000002277,025,002,00148,NULL),
	(00002612,0000002319,025,002,00148,NULL),
	(00002613,0000002508,025,002,00148,NULL),
	(00002614,0000002504,025,002,00148,NULL),
	(00002615,0000002200,025,002,00148,NULL),
	(00002616,0000002545,025,002,00148,NULL),
	(00002617,0000002231,025,002,00148,NULL),
	(00002618,0000002160,025,002,00148,NULL),
	(00002619,0000002203,025,002,00148,NULL),
	(00002620,0000002296,025,002,00148,NULL),
	(00002621,0000002299,025,002,00148,NULL),
	(00002622,0000002348,025,002,00148,NULL),
	(00002623,0000002163,025,002,00148,NULL),
	(00002624,0000002526,025,002,00148,NULL),
	(00002625,0000002187,025,002,00148,NULL),
	(00002626,0000002469,025,001,00143,NULL),
	(00002627,0000002695,025,001,00143,NULL),
	(00002628,0000002450,025,001,00143,NULL),
	(00002629,0000002459,025,001,00143,NULL),
	(00002630,0000002611,025,001,00143,NULL),
	(00002631,0000002679,025,001,00143,NULL),
	(00002632,0000002447,025,001,00143,NULL),
	(00002633,0000002683,025,001,00143,NULL),
	(00002634,0000002760,025,001,00143,NULL),
	(00002635,0000002614,025,001,00143,NULL),
	(00002636,0000002485,025,001,00143,NULL),
	(00002637,0000002472,025,001,00143,NULL),
	(00002638,0000002610,025,001,00143,NULL),
	(00002639,0000002636,025,001,00143,NULL),
	(00002640,0000002627,025,001,00143,NULL),
	(00002641,0000002754,025,001,00143,NULL),
	(00002642,0000002615,025,001,00143,NULL),
	(00002643,0000002601,025,001,00143,NULL),
	(00002644,0000002746,025,001,00143,NULL),
	(00002645,0000002482,025,001,00143,NULL),
	(00002646,0000002715,025,001,00143,NULL),
	(00002647,0000002430,025,001,00144,NULL),
	(00002648,0000002657,025,001,00144,NULL),
	(00002649,0000002460,025,001,00144,NULL),
	(00002650,0000002630,025,001,00144,NULL),
	(00002651,0000002621,025,001,00144,NULL),
	(00002652,0000002692,025,001,00144,NULL),
	(00002653,0000002607,025,001,00144,NULL),
	(00002654,0000002633,025,001,00144,NULL),
	(00002655,0000002426,025,001,00144,NULL),
	(00002656,0000002652,025,001,00144,NULL),
	(00002657,0000002699,025,001,00144,NULL),
	(00002658,0000002642,025,001,00144,NULL),
	(00002659,0000002453,025,001,00144,NULL),
	(00002660,0000002702,025,001,00144,NULL),
	(00002661,0000002743,025,001,00144,NULL),
	(00002662,0000002645,025,001,00144,NULL),
	(00002663,0000002476,025,001,00144,NULL),
	(00002664,0000002663,025,001,00144,NULL),
	(00002665,0000002651,025,001,00144,NULL),
	(00002666,0000002563,025,001,00144,NULL),
	(00002667,0000002696,025,001,00144,NULL),
	(00002668,0000002749,025,001,00145,NULL),
	(00002669,0000002580,025,001,00145,NULL),
	(00002670,0000002624,025,001,00145,NULL),
	(00002671,0000002654,025,001,00145,NULL),
	(00002672,0000002666,025,001,00145,NULL),
	(00002673,0000002466,025,001,00145,NULL),
	(00002674,0000002686,025,001,00145,NULL),
	(00002675,0000002726,025,001,00145,NULL),
	(00002676,0000002586,025,001,00145,NULL),
	(00002677,0000002639,025,001,00145,NULL),
	(00002678,0000002473,025,001,00145,NULL),
	(00002679,0000002433,025,001,00145,NULL),
	(00002680,0000002711,025,001,00145,NULL),
	(00002681,0000002436,025,001,00145,NULL),
	(00002682,0000002479,025,001,00145,NULL),
	(00002683,0000002427,025,001,00145,NULL),
	(00002684,0000002689,025,001,00145,NULL),
	(00002685,0000002708,025,001,00145,NULL),
	(00002686,0000002670,025,001,00145,NULL),
	(00002687,0000002576,025,001,00145,NULL),
	(00002688,0000002566,025,001,00145,NULL),
	(00002689,0000002618,025,001,00162,NULL),
	(00002690,0000002573,025,001,00162,NULL),
	(00002691,0000002592,025,001,00162,NULL),
	(00002692,0000002583,025,001,00162,NULL),
	(00002693,0000002705,025,001,00162,NULL),
	(00002694,0000002660,025,001,00162,NULL),
	(00002695,0000002598,025,001,00162,NULL),
	(00002696,0000002589,025,001,00162,NULL),
	(00002697,0000002604,025,001,00162,NULL),
	(00002698,0000002425,025,001,00162,NULL),
	(00002699,0000002676,025,001,00162,NULL),
	(00002700,0000002595,025,001,00162,NULL),
	(00002701,0000002700,025,001,00162,NULL),
	(00002702,0000002463,025,001,00162,NULL),
	(00002703,0000002648,025,001,00162,NULL),
	(00002704,0000002761,025,001,00162,NULL),
	(00002705,0000002714,025,001,00162,NULL),
	(00002706,0000002680,025,001,00162,NULL),
	(00002707,0000002570,025,001,00145,NULL),
	(00002708,0000002770,025,001,00143,NULL),
	(00002709,0000002577,025,001,00143,NULL),
	(00002710,0000002757,025,001,00143,NULL),
	(00002711,0000002225,025,001,00143,NULL),
	(00002712,0000002764,025,001,00143,NULL),
	(00002713,0000002567,025,001,00143,NULL),
	(00002714,0000002456,025,001,00143,NULL),
	(00002715,0000002667,025,001,00143,NULL),
	(00002716,0000002740,025,001,00143,NULL),
	(00002717,0000002274,025,001,00143,NULL),
	(00002718,0000002752,025,001,00143,NULL),
	(00002719,0000002767,025,001,00143,NULL),
	(00002720,0000002033,025,004,00151,NULL),
	(00002721,0000002022,025,003,00159,NULL),
	(00002722,0000001677,025,004,00152,NULL),
	(00002723,0000002404,025,003,00159,NULL),
	(00002724,0000002079,025,003,00159,NULL),
	(00002725,0000001819,025,007,00156,NULL),
	(00002726,0000002113,025,003,00149,NULL),
	(00002727,0000002386,025,004,00163,NULL),
	(00002728,0000002081,025,004,00152,NULL),
	(00002729,0000001977,025,003,00150,NULL),
	(00002730,0000001974,025,003,00149,NULL),
	(00002731,0000001591,025,004,00151,NULL),
	(00002732,0000001744,025,004,00151,NULL),
	(00002733,0000000925,025,007,00143,NULL),
	(00002734,0000001617,025,004,00152,NULL),
	(00002735,0000001019,025,007,00156,NULL),
	(00002736,0000001891,025,003,00150,NULL),
	(00002737,0000001207,025,006,00157,NULL),
	(00002738,0000002123,025,003,00159,NULL),
	(00002739,0000002093,025,003,00159,NULL),
	(00002740,0000001263,025,006,00155,NULL),
	(00002741,0000001878,025,003,00149,NULL),
	(00002742,0000002541,025,007,00156,NULL),
	(00002743,0000002037,025,003,00150,NULL),
	(00002744,0000001970,025,003,00159,NULL),
	(00002745,0000002135,025,003,00150,NULL),
	(00002746,0000002035,025,004,00152,NULL),
	(00002747,0000001918,025,003,00150,NULL),
	(00002748,0000001686,025,004,00151,NULL),
	(00002749,0000002327,025,003,00149,NULL),
	(00002750,0000002389,025,003,00150,NULL),
	(00002751,0000001901,025,003,00149,NULL),
	(00002752,0000001700,025,004,00152,NULL),
	(00002753,0000001779,025,004,00151,NULL),
	(00002754,0000001882,025,003,00149,NULL),
	(00002755,0000001739,025,004,00152,NULL),
	(00002756,0000000876,025,007,00156,NULL),
	(00002757,0000002265,025,002,00148,NULL),
	(00002758,0000001992,025,003,00149,NULL),
	(00002759,0000001934,025,003,00149,NULL),
	(00002760,0000002116,025,003,00159,NULL),
	(00002761,0000001879,025,003,00159,NULL),
	(00002762,0000001657,025,004,00163,NULL),
	(00002763,0000001801,025,004,00151,NULL),
	(00002764,0000002019,025,003,00159,NULL),
	(00002765,0000002548,025,004,00163,NULL),
	(00002766,0000000934,025,007,00156,NULL),
	(00002767,0000000937,025,007,00156,NULL),
	(00002768,0000000931,025,007,00156,NULL),
	(00002769,0000002087,025,004,00152,NULL),
	(00002770,0000001831,025,004,00163,NULL),
	(00002771,0000002268,025,002,00148,NULL),
	(00002772,0000001928,025,003,00159,NULL),
	(00002773,0000001925,025,003,00159,NULL),
	(00002774,0000002495,025,003,00149,NULL),
	(00002775,0000000913,025,007,00156,NULL),
	(00002776,0000000964,025,007,00156,NULL),
	(00002777,0000001667,025,004,00163,NULL),
	(00002778,0000001937,025,003,00150,NULL),
	(00002779,0000001791,025,004,00151,NULL),
	(00002780,0000001986,025,003,00150,NULL),
	(00002781,0000001913,025,003,00150,NULL),
	(00002782,0000002673,025,004,00152,NULL),
	(00002783,0000001885,025,003,00150,NULL),
	(00002784,0000002006,025,003,00149,NULL),
	(00002785,0000001753,025,004,00163,NULL),
	(00002786,0000002009,025,003,00149,NULL),
	(00002787,0000002076,025,003,00150,NULL),
	(00002788,0000001616,025,004,00163,NULL),
	(00002789,0000001022,025,007,00156,NULL),
	(00002790,0000002401,025,004,00152,NULL),
	(00002791,0000001960,025,003,00159,NULL),
	(00002792,0000001983,025,003,00149,NULL),
	(00002793,0000001905,025,003,00150,NULL),
	(00002794,0000001888,025,003,00150,NULL),
	(00002795,0000001721,025,004,00151,NULL),
	(00002796,0000001166,025,006,00155,NULL),
	(00002797,0000000897,025,007,00156,NULL),
	(00002798,0000002395,025,002,00146,NULL),
	(00002799,0000001796,025,004,00163,NULL),
	(00002800,0000002156,025,004,00151,NULL),
	(00002801,0000002029,025,003,00159,NULL),
	(00002802,0000002262,025,002,00148,NULL),
	(00002803,0000002719,025,004,00151,NULL),
	(00002804,0000002060,025,004,00152,NULL),
	(00002805,0000002066,025,004,00152,NULL),
	(00002806,0000002000,025,003,00150,NULL),
	(00002807,0000002441,025,004,00163,NULL),
	(00002808,0000001222,025,006,00155,NULL),
	(00002809,0000001870,025,003,00149,NULL),
	(00002810,0000001921,025,003,00150,NULL),
	(00002811,0000002129,025,003,00159,NULL),
	(00002812,0000001773,025,004,00152,NULL),
	(00002813,0000001761,025,004,00151,NULL),
	(00002814,0000002109,025,006,00155,NULL),
	(00002815,0000002723,025,004,00163,NULL),
	(00002816,0000002555,025,003,00150,NULL),
	(00002817,0000001603,025,004,00163,NULL),
	(00002818,0000001946,025,003,00159,NULL),
	(00002819,0000001914,025,003,00149,NULL),
	(00002820,0000002309,025,004,00151,NULL),
	(00002821,0000001955,025,003,00150,NULL),
	(00002822,0000000922,025,007,00156,NULL),
	(00002823,0000002141,025,003,00150,NULL),
	(00002824,0000002063,025,004,00163,NULL),
	(00002825,0000002491,025,003,00149,NULL),
	(00002826,0000001897,025,003,00149,NULL),
	(00002827,0000000928,025,007,00156,NULL),
	(00002828,0000001995,025,003,00149,NULL),
	(00002829,0000001904,025,003,00159,NULL),
	(00002830,0000001609,025,004,00163,NULL),
	(00002831,0000001730,025,004,00151,NULL),
	(00002832,0000002184,025,007,00156,NULL),
	(00002833,0000001848,025,004,00152,NULL),
	(00002834,0000002056,025,003,00150,NULL),
	(00002835,0000002737,025,004,00151,NULL),
	(00002836,0000001627,025,004,00152,NULL),
	(00002837,0000001600,025,004,00151,NULL),
	(00002838,0000001894,025,003,00159,NULL),
	(00002839,0000002012,025,003,00150,NULL),
	(00002840,0000001645,025,004,00152,NULL),
	(00002841,0000001915,025,003,00149,NULL),
	(00002842,0000001980,025,003,00149,NULL),
	(00002843,0000002532,025,003,00149,NULL),
	(00002844,0000001639,025,004,00151,NULL),
	(00002845,0000001642,025,004,00151,NULL),
	(00002846,0000000905,025,007,00156,NULL),
	(00002847,0000001924,025,003,00150,NULL),
	(00002848,0000001182,025,006,00155,NULL),
	(00002849,0000002232,025,002,00146,NULL),
	(00002850,0000001706,025,004,00152,NULL),
	(00002851,0000002040,025,003,00159,NULL),
	(00002852,0000001654,025,004,00163,NULL),
	(00002853,0000001828,025,004,00152,NULL),
	(00002854,0000001911,025,003,00159,NULL),
	(00002855,0000001858,025,004,00163,NULL),
	(00002856,0000002280,025,003,00149,NULL),
	(00002857,0000001735,025,004,00152,NULL),
	(00002858,0000001898,025,003,00150,NULL),
	(00002859,0000001964,025,003,00150,NULL),
	(00002860,0000001931,025,003,00159,NULL),
	(00002861,0000001016,025,007,00156,NULL),
	(00002862,0000001713,025,004,00163,NULL),
	(00002863,0000001008,025,007,00156,NULL),
	(00002864,0000001989,025,003,00159,NULL),
	(00002865,0000001593,025,004,00151,NULL),
	(00002866,0000001864,025,003,00149,NULL),
	(00002867,0000001612,025,004,00152,NULL),
	(00002868,0000002097,025,004,00151,NULL),
	(00002869,0000001628,025,004,00163,NULL),
	(00002870,0000001621,025,004,00163,NULL),
	(00002871,0000002488,025,004,00152,NULL),
	(00002872,0000002392,025,007,00156,NULL),
	(00002873,0000001875,025,003,00159,NULL);

ALTER TABLE `gibbonStudentEnrolment` ENABLE KEYS;
UNLOCK TABLES;


# Dump of table gibbonTT
# ------------------------------------------------------------

LOCK TABLES `gibbonTT` WRITE;
ALTER TABLE `gibbonTT` DISABLE KEYS;

INSERT INTO `gibbonTT` (`gibbonTTID`, `AcademicYearID`, `name`, `nameShort`, `nameShortDisplay`, `gibbonYearGroupIDList`, `active`)
VALUES
	(00000010,025,'2019-2020 TT','2019-2020TT','Timetable Day Short Name','001,002,003,004,005,006,007','Y');

ALTER TABLE `gibbonTT` ENABLE KEYS;
UNLOCK TABLES;


# Dump of table gibbonTTColumn
# ------------------------------------------------------------

LOCK TABLES `gibbonTTColumn` WRITE;
ALTER TABLE `gibbonTTColumn` DISABLE KEYS;

INSERT INTO `gibbonTTColumn` (`gibbonTTColumnID`, `name`, `nameShort`)
VALUES
	(000038,'2019-20 Mon','201920Mo'),
	(000039,'2019-20 Tue','201920Tu'),
	(000040,'2019-20 Wed','201920We'),
	(000041,'2019-20 Thu','201920Th'),
	(000042,'2019-20 Fri','201920Fri');

ALTER TABLE `gibbonTTColumn` ENABLE KEYS;
UNLOCK TABLES;


# Dump of table gibbonTTColumnRow
# ------------------------------------------------------------

LOCK TABLES `gibbonTTColumnRow` WRITE;
ALTER TABLE `gibbonTTColumnRow` DISABLE KEYS;

INSERT INTO `gibbonTTColumnRow` (`gibbonTTColumnRowID`, `gibbonTTColumnID`, `name`, `nameShort`, `timeStart`, `timeEnd`, `type`)
VALUES
	(00000302,000038,'Registration','Reg','08:15:00','08:30:00','Pastoral'),
	(00000303,000038,'Period 1','P1','08:30:00','09:40:00','Lesson'),
	(00000304,000038,'Period 2','P2','09:40:00','10:50:00','Lesson'),
	(00000305,000038,'Break 1','B1','10:50:00','11:10:00','Break'),
	(00000306,000038,'Period 3','P3','11:10:00','12:20:00','Lesson'),
	(00000307,000038,'Break 2','B2','12:20:00','13:10:00','Break'),
	(00000308,000038,'Period 4','P4','13:10:00','14:20:00','Lesson'),
	(00000309,000038,'Period 5','P5','14:20:00','15:30:00','Lesson'),
	(00000310,000039,'Registration','Reg','08:15:00','08:30:00','Pastoral'),
	(00000311,000039,'Period 1','P1','08:30:00','09:40:00','Lesson'),
	(00000312,000039,'Period 2','P2','09:40:00','10:50:00','Lesson'),
	(00000313,000039,'Break 1','B1','10:50:00','11:10:00','Break'),
	(00000314,000039,'Period 3','P3','11:10:00','12:20:00','Lesson'),
	(00000315,000039,'Break 2','B2','12:20:00','13:10:00','Break'),
	(00000316,000039,'Period 4','P4','13:10:00','14:20:00','Lesson'),
	(00000317,000039,'Activities','Act','14:20:00','15:30:00','Other'),
	(00000318,000040,'Period 1','P1','08:55:00','10:00:00','Lesson'),
	(00000319,000040,'Period 2','P2','10:00:00','11:05:00','Lesson'),
	(00000320,000040,'Break 1','B1','11:05:00','11:25:00','Break'),
	(00000321,000040,'Period 3','P3','11:25:00','12:30:00','Lesson'),
	(00000322,000040,'Break 2','B2','12:30:00','13:15:00','Break'),
	(00000323,000040,'Period 4','P4','13:15:00','14:20:00','Lesson'),
	(00000324,000040,'Collaboratio','Coll','14:20:00','16:30:00','Other'),
	(00000325,000041,'Registration','Reg','08:15:00','08:30:00','Pastoral'),
	(00000326,000041,'Period 1','P1','08:30:00','09:40:00','Lesson'),
	(00000327,000041,'Period 2','P2','09:40:00','10:50:00','Lesson'),
	(00000328,000041,'Break 1','B1','10:50:00','11:10:00','Break'),
	(00000329,000041,'Period 3','P3','11:10:00','12:20:00','Lesson'),
	(00000330,000041,'Break 2','B2','12:20:00','13:10:00','Break'),
	(00000331,000041,'Period 4','P4','13:10:00','14:20:00','Lesson'),
	(00000332,000041,'Period 5','P5','14:20:00','15:30:00','Lesson'),
	(00000333,000042,'Registration','Reg','08:15:00','08:30:00','Pastoral'),
	(00000334,000042,'Period 1','P1','08:30:00','09:40:00','Lesson'),
	(00000335,000042,'Period 2','P2','09:40:00','10:50:00','Lesson'),
	(00000336,000042,'Break 1','B1','10:50:00','11:10:00','Break'),
	(00000337,000042,'Period 3','P3','11:10:00','12:20:00','Lesson'),
	(00000338,000042,'Break 2','B2','12:20:00','13:10:00','Break'),
	(00000339,000042,'Period 4','P4','13:10:00','14:20:00','Lesson'),
	(00000340,000042,'Period 5','P5','14:20:00','15:30:00','Lesson'),
	(00000341,000038,'Meetings','Meet','15:30:00','16:30:00','Other'),
	(00000342,000040,'Tutorial','Tut','08:15:00','08:55:00','Pastoral'),
	(00000343,000041,'Clinics','Cln','15:30:00','16:30:00','Other');

ALTER TABLE `gibbonTTColumnRow` ENABLE KEYS;
UNLOCK TABLES;


# Dump of table gibbonTTDay
# ------------------------------------------------------------

LOCK TABLES `gibbonTTDay` WRITE;
ALTER TABLE `gibbonTTDay` DISABLE KEYS;

INSERT INTO `gibbonTTDay` (`gibbonTTDayID`, `gibbonTTID`, `gibbonTTColumnID`, `name`, `nameShort`, `color`, `fontColor`)
VALUES
	(0000000061,00000010,000038,'Mon 1 Red','Mo1R','cc0000','ffffff'),
	(0000000062,00000010,000039,'Tue 1 Red','Tu1R','cc0000','ffffff'),
	(0000000063,00000010,000040,'Wed 1 Red','We1R','cc0000','ffffff'),
	(0000000064,00000010,000041,'Thu 1 Red','Th1R','cc0000','ffffff'),
	(0000000065,00000010,000042,'Fri 1 Red','Fr1R','cc0000','ffffff'),
	(0000000066,00000010,000038,'Mon 2 Blue','Mo2B','0000cc','ffffff'),
	(0000000067,00000010,000039,'Tue 2 Blue ','Tu2B','0000cc','ffffff'),
	(0000000068,00000010,000040,'Wed 2 Blue','We2B','0000cc','ffffff'),
	(0000000069,00000010,000041,'Thu 2 Blue','Th2B','0000cc','ffffff'),
	(0000000070,00000010,000042,'Fri 2 Blue','Fr2B','0000cc','ffffff');

ALTER TABLE `gibbonTTDay` ENABLE KEYS;
UNLOCK TABLES;


# Dump of table gibbonTTDayDate
# ------------------------------------------------------------

LOCK TABLES `gibbonTTDayDate` WRITE;
ALTER TABLE `gibbonTTDayDate` DISABLE KEYS;


INSERT INTO `gibbonTTDayDate` (`gibbonTTDayDateID`, `gibbonTTDayID`, `date`)
VALUES
	(0000001638,0000000064,'2019-08-15'),
	(0000001639,0000000064,'2019-08-29'),
	(0000001640,0000000064,'2019-09-12'),
	(0000001641,0000000064,'2019-09-26'),
	(0000001642,0000000064,'2019-10-17'),
	(0000001643,0000000064,'2019-10-31'),
	(0000001644,0000000064,'2019-11-21'),
	(0000001645,0000000064,'2019-12-05'),
	(0000001646,0000000064,'2020-01-09'),
	(0000001647,0000000064,'2020-01-23'),
	(0000001648,0000000064,'2020-02-13'),
	(0000001649,0000000064,'2020-02-27'),
	(0000001650,0000000064,'2020-03-12'),
	(0000001651,0000000064,'2020-03-26'),
	(0000001652,0000000064,'2020-04-23'),
	(0000001656,0000000065,'2019-08-16'),
	(0000001657,0000000065,'2019-08-30'),
	(0000001658,0000000065,'2019-09-13'),
	(0000001659,0000000065,'2019-09-27'),
	(0000001660,0000000065,'2019-10-18'),
	(0000001661,0000000065,'2019-11-01'),
	(0000001662,0000000065,'2019-11-22'),
	(0000001663,0000000065,'2019-12-06'),
	(0000001664,0000000065,'2020-01-10'),
	(0000001665,0000000065,'2020-02-14'),
	(0000001666,0000000065,'2020-02-28'),
	(0000001667,0000000065,'2020-03-13'),
	(0000001668,0000000065,'2020-03-27'),
	(0000001669,0000000065,'2020-04-24'),
	(0000001673,0000000063,'2019-08-28'),
	(0000001674,0000000063,'2019-09-11'),
	(0000001675,0000000063,'2019-09-25'),
	(0000001676,0000000063,'2019-10-16'),
	(0000001677,0000000063,'2019-10-30'),
	(0000001678,0000000063,'2019-11-20'),
	(0000001679,0000000063,'2019-12-04'),
	(0000001680,0000000063,'2020-01-08'),
	(0000001681,0000000063,'2020-01-22'),
	(0000001682,0000000063,'2020-02-12'),
	(0000001683,0000000063,'2020-02-26'),
	(0000001684,0000000063,'2020-03-11'),
	(0000001685,0000000063,'2020-03-25'),
	(0000001686,0000000063,'2020-04-22'),
	(0000001691,0000000062,'2019-08-27'),
	(0000001692,0000000062,'2019-09-10'),
	(0000001693,0000000062,'2019-09-24'),
	(0000001694,0000000062,'2019-10-15'),
	(0000001695,0000000062,'2019-10-29'),
	(0000001696,0000000062,'2019-11-19'),
	(0000001697,0000000062,'2019-12-03'),
	(0000001698,0000000062,'2020-01-07'),
	(0000001699,0000000062,'2020-01-21'),
	(0000001700,0000000062,'2020-02-11'),
	(0000001701,0000000062,'2020-02-25'),
	(0000001702,0000000062,'2020-03-10'),
	(0000001703,0000000062,'2020-03-24'),
	(0000001704,0000000062,'2020-04-21'),
	(0000001705,0000000065,'2020-05-08'),
	(0000001706,0000000065,'2020-05-22'),
	(0000001707,0000000065,'2020-06-05'),
	(0000001708,0000000065,'2020-06-19'),
	(0000001709,0000000064,'2020-05-07'),
	(0000001710,0000000064,'2020-05-21'),
	(0000001711,0000000064,'2020-06-04'),
	(0000001712,0000000064,'2020-06-18'),
	(0000001713,0000000063,'2020-05-06'),
	(0000001714,0000000063,'2020-05-20'),
	(0000001715,0000000063,'2020-06-03'),
	(0000001716,0000000063,'2020-06-17'),
	(0000001717,0000000062,'2020-05-05'),
	(0000001718,0000000062,'2020-05-19'),
	(0000001719,0000000062,'2020-06-02'),
	(0000001720,0000000062,'2020-06-16'),
	(0000001721,0000000061,'2019-08-26'),
	(0000001722,0000000061,'2019-09-09'),
	(0000001723,0000000061,'2019-09-23'),
	(0000001724,0000000061,'2019-10-14'),
	(0000001725,0000000061,'2019-10-28'),
	(0000001726,0000000061,'2019-11-18'),
	(0000001727,0000000061,'2019-12-02'),
	(0000001728,0000000061,'2020-01-06'),
	(0000001729,0000000061,'2020-01-20'),
	(0000001730,0000000061,'2020-02-10'),
	(0000001731,0000000061,'2020-02-24'),
	(0000001732,0000000061,'2020-03-09'),
	(0000001733,0000000061,'2020-03-23'),
	(0000001734,0000000061,'2020-04-20'),
	(0000001735,0000000061,'2020-05-04'),
	(0000001736,0000000061,'2020-05-18'),
	(0000001737,0000000061,'2020-06-01'),
	(0000001738,0000000061,'2020-06-15'),
	(0000001739,0000000066,'2019-08-19'),
	(0000001740,0000000066,'2019-09-02'),
	(0000001741,0000000066,'2019-09-16'),
	(0000001742,0000000066,'2019-09-30'),
	(0000001743,0000000066,'2019-10-21'),
	(0000001744,0000000066,'2019-11-11'),
	(0000001745,0000000066,'2019-11-25'),
	(0000001746,0000000066,'2019-12-09'),
	(0000001747,0000000066,'2020-01-13'),
	(0000001748,0000000066,'2020-02-17'),
	(0000001749,0000000066,'2020-03-02'),
	(0000001750,0000000066,'2020-03-16'),
	(0000001751,0000000066,'2020-03-30'),
	(0000001752,0000000066,'2020-04-27'),
	(0000001753,0000000066,'2020-05-11'),
	(0000001754,0000000066,'2020-05-25'),
	(0000001755,0000000066,'2020-06-08'),
	(0000001756,0000000066,'2020-06-22'),
	(0000001757,0000000067,'2019-08-20'),
	(0000001758,0000000067,'2019-09-03'),
	(0000001759,0000000067,'2019-09-17'),
	(0000001760,0000000067,'2019-10-22'),
	(0000001761,0000000067,'2019-11-12'),
	(0000001762,0000000067,'2019-11-26'),
	(0000001763,0000000067,'2019-12-10'),
	(0000001764,0000000067,'2020-01-14'),
	(0000001765,0000000067,'2020-02-04'),
	(0000001766,0000000067,'2020-02-18'),
	(0000001767,0000000067,'2020-03-03'),
	(0000001768,0000000067,'2020-03-17'),
	(0000001769,0000000067,'2020-03-31'),
	(0000001770,0000000067,'2020-04-28'),
	(0000001771,0000000067,'2020-05-12'),
	(0000001772,0000000067,'2020-05-26'),
	(0000001773,0000000067,'2020-06-09'),
	(0000001774,0000000067,'2020-06-23'),
	(0000001775,0000000068,'2019-08-21'),
	(0000001776,0000000068,'2019-09-04'),
	(0000001777,0000000068,'2019-09-18'),
	(0000001778,0000000068,'2019-10-02'),
	(0000001779,0000000068,'2019-10-23'),
	(0000001780,0000000068,'2019-11-13'),
	(0000001781,0000000068,'2019-11-27'),
	(0000001782,0000000068,'2019-12-11'),
	(0000001783,0000000068,'2020-01-15'),
	(0000001784,0000000068,'2020-02-05'),
	(0000001785,0000000068,'2020-02-19'),
	(0000001786,0000000068,'2020-03-04'),
	(0000001787,0000000068,'2020-03-18'),
	(0000001788,0000000068,'2020-04-01'),
	(0000001789,0000000068,'2020-04-29'),
	(0000001790,0000000068,'2020-05-13'),
	(0000001791,0000000068,'2020-05-27'),
	(0000001792,0000000068,'2020-06-10'),
	(0000001793,0000000068,'2020-06-24'),
	(0000001794,0000000069,'2019-08-22'),
	(0000001795,0000000069,'2019-09-05'),
	(0000001796,0000000069,'2019-09-19'),
	(0000001797,0000000069,'2019-10-03'),
	(0000001798,0000000069,'2019-10-24'),
	(0000001799,0000000069,'2019-11-14'),
	(0000001800,0000000069,'2019-11-28'),
	(0000001801,0000000069,'2019-12-12'),
	(0000001802,0000000069,'2020-01-16'),
	(0000001803,0000000069,'2020-02-06'),
	(0000001804,0000000069,'2020-02-20'),
	(0000001805,0000000069,'2020-03-05'),
	(0000001806,0000000069,'2020-03-19'),
	(0000001807,0000000069,'2020-04-02'),
	(0000001808,0000000069,'2020-05-14'),
	(0000001809,0000000069,'2020-05-28'),
	(0000001810,0000000069,'2020-06-11'),
	(0000001811,0000000070,'2019-08-23'),
	(0000001812,0000000070,'2019-09-06'),
	(0000001813,0000000070,'2019-09-20'),
	(0000001814,0000000070,'2019-10-04'),
	(0000001815,0000000070,'2019-10-25'),
	(0000001816,0000000070,'2019-11-15'),
	(0000001817,0000000070,'2019-11-29'),
	(0000001818,0000000070,'2019-12-13'),
	(0000001819,0000000070,'2020-01-17'),
	(0000001820,0000000070,'2020-02-07'),
	(0000001821,0000000070,'2020-02-21'),
	(0000001822,0000000070,'2020-03-06'),
	(0000001823,0000000070,'2020-03-20'),
	(0000001824,0000000070,'2020-04-03'),
	(0000001825,0000000070,'2020-05-15'),
	(0000001826,0000000070,'2020-05-29'),
	(0000001827,0000000070,'2020-06-12');

ALTER TABLE `gibbonTTDayDate` ENABLE KEYS;
UNLOCK TABLES;


# Dump of table gibbonTTDayRowClass
# ------------------------------------------------------------

LOCK TABLES `gibbonTTDayRowClass` WRITE;
ALTER TABLE `gibbonTTDayRowClass` DISABLE KEYS;

INSERT INTO `gibbonTTDayRowClass` (`gibbonTTDayRowClassID`, `gibbonTTColumnRowID`, `gibbonTTDayID`, `gibbonCourseClassID`, `gibbonSpaceID`)
VALUES
	(000000013168,00000159,0000000065,00002409,0000000007),
	(000000013169,00000337,0000000070,00002409,0000000007),
	(000000013170,00000335,0000000070,00002408,0000000007),
	(000000013171,00000327,0000000064,00002408,0000000007),
	(000000013172,00000309,0000000061,00002407,0000000007),
	(000000013173,00000304,0000000066,00002407,0000000007),
	(000000013174,00000306,0000000061,00002518,0000000007),
	(000000013175,00000309,0000000066,00002518,0000000007),
	(000000013176,00000303,0000000061,00002484,0000000007),
	(000000013177,00000304,0000000061,00002484,0000000007),
	(000000013178,00000303,0000000066,00002484,0000000007),
	(000000013179,00000319,0000000063,00002484,0000000007),
	(000000013180,00000319,0000000068,00002484,0000000007),
	(000000013181,00000306,0000000061,00002280,0000000052),
	(000000013182,00000308,0000000061,00002280,0000000052),
	(000000013183,00000308,0000000066,00002280,0000000052),
	(000000013184,00000332,0000000064,00002280,0000000052),
	(000000013185,00000323,0000000068,00002280,0000000052),
	(000000013186,00000327,0000000064,00002310,0000000052),
	(000000013187,00000331,0000000064,00002310,0000000052),
	(000000013188,00000331,0000000069,00002310,0000000052),
	(000000013189,00000311,0000000062,00002310,0000000052),
	(000000013190,00000311,0000000067,00002310,0000000052),
	(000000013191,00000304,0000000061,00002412,0000000030),
	(000000013192,00000304,0000000066,00002412,0000000030),
	(000000013193,00000314,0000000067,00002412,0000000030),
	(000000013194,00000319,0000000063,00002412,0000000030),
	(000000013195,00000319,0000000068,00002412,0000000030),
	(000000013196,00000159,0000000065,00002411,0000000029),
	(000000013197,00000308,0000000061,00002411,0000000029),
	(000000013198,00000309,0000000066,00002411,0000000029),
	(000000013199,00000327,0000000069,00002411,0000000029),
	(000000013200,00000319,0000000068,00002411,0000000029),
	(000000013201,00000334,0000000070,00002410,0000000029),
	(000000013202,00000303,0000000061,00002410,0000000029),
	(000000013203,00000303,0000000066,00002410,0000000029),
	(000000013204,00000327,0000000064,00002410,0000000029),
	(000000013205,00000319,0000000063,00002410,0000000029),
	(000000013206,00000157,0000000065,00002519,0000000029),
	(000000013207,00000335,0000000070,00002519,0000000029),
	(000000013208,00000309,0000000061,00002519,0000000029),
	(000000013209,00000308,0000000066,00002519,0000000029),
	(000000013210,00000321,0000000063,00002519,0000000029),
	(000000013211,00000308,0000000061,00002447,0000000030),
	(000000013212,00000309,0000000066,00002447,0000000001),
	(000000013213,00000311,0000000062,00002447,0000000030),
	(000000013214,00000311,0000000067,00002447,0000000030),
	(000000013215,00000323,0000000063,00002447,0000000030),
	(000000013216,00000323,0000000068,00002447,0000000030),
	(000000013217,00000157,0000000065,00002446,0000000030),
	(000000013218,00000303,0000000061,00002446,0000000031),
	(000000013219,00000309,0000000066,00002446,0000000031),
	(000000013220,00000329,0000000069,00002446,0000000030),
	(000000013221,00000323,0000000063,00002446,0000000009),
	(000000013222,00000318,0000000068,00002446,0000000030),
	(000000013223,00000335,0000000070,00002445,0000000030),
	(000000013224,00000308,0000000061,00002445,0000000032),
	(000000013225,00000303,0000000066,00002445,0000000031),
	(000000013226,00000326,0000000064,00002445,0000000030),
	(000000013227,00000326,0000000069,00002445,0000000030),
	(000000013228,00000311,0000000062,00002445,0000000031),
	(000000013229,00000334,0000000070,00002336,0000000032),
	(000000013230,00000306,0000000061,00002336,0000000032),
	(000000013231,00000306,0000000066,00002336,0000000032),
	(000000013232,00000323,0000000063,00002336,0000000032),
	(000000013233,00000323,0000000068,00002336,0000000032),
	(000000013234,00000326,0000000064,00002370,0000000032),
	(000000013235,00000326,0000000069,00002370,0000000032),
	(000000013236,00000332,0000000064,00002337,0000000011),
	(000000013237,00000332,0000000069,00002337,0000000011),
	(000000013238,00000323,0000000063,00002337,0000000011),
	(000000013239,00000323,0000000068,00002337,0000000011),
	(000000013240,00000156,0000000065,00002371,0000000032),
	(000000013241,00000340,0000000070,00002371,0000000032),
	(000000013242,00000319,0000000068,00002371,0000000032),
	(000000013243,00000312,0000000062,00002339,0000000022),
	(000000013244,00000312,0000000067,00002339,0000000022),
	(000000013245,00000321,0000000063,00002339,0000000022),
	(000000013246,00000321,0000000068,00002339,0000000022),
	(000000013247,00000311,0000000062,00002373,0000000022),
	(000000013248,00000311,0000000067,00002373,0000000022),
	(000000013249,00000309,0000000061,00002340,0000000022),
	(000000013250,00000309,0000000066,00002340,0000000022),
	(000000013251,00000306,0000000061,00002374,0000000022),
	(000000013252,00000306,0000000066,00002374,0000000022),
	(000000013253,00000156,0000000065,00002414,0000000047),
	(000000013254,00000340,0000000070,00002414,0000000047),
	(000000013255,00000326,0000000064,00002414,0000000047),
	(000000013256,00000326,0000000069,00002414,0000000047),
	(000000013257,00000316,0000000062,00002414,0000000047),
	(000000013258,00000316,0000000067,00002414,0000000047),
	(000000013259,00000156,0000000065,00002413,0000000048),
	(000000013260,00000340,0000000070,00002413,0000000048),
	(000000013261,00000326,0000000064,00002413,0000000048),
	(000000013262,00000326,0000000069,00002413,0000000048),
	(000000013263,00000316,0000000062,00002413,0000000048),
	(000000013264,00000316,0000000067,00002413,0000000048),
	(000000013265,00000156,0000000065,00002417,0000000010),
	(000000013266,00000340,0000000070,00002417,0000000010),
	(000000013267,00000326,0000000064,00002417,0000000010),
	(000000013268,00000326,0000000069,00002417,0000000010),
	(000000013269,00000316,0000000062,00002417,0000000010),
	(000000013270,00000316,0000000067,00002417,0000000010),
	(000000013271,00000156,0000000065,00002416,0000000049),
	(000000013272,00000340,0000000070,00002416,0000000049),
	(000000013273,00000326,0000000064,00002416,0000000049),
	(000000013274,00000326,0000000069,00002416,0000000049),
	(000000013275,00000316,0000000062,00002416,0000000049),
	(000000013276,00000316,0000000067,00002416,0000000049),
	(000000013277,00000332,0000000064,00002449,0000000047),
	(000000013278,00000332,0000000069,00002449,0000000047),
	(000000013279,00000314,0000000062,00002449,0000000047),
	(000000013280,00000314,0000000067,00002449,0000000047),
	(000000013281,00000321,0000000063,00002449,0000000047),
	(000000013282,00000321,0000000068,00002449,0000000047),
	(000000013283,00000332,0000000064,00002448,0000000046),
	(000000013284,00000332,0000000069,00002448,0000000046),
	(000000013285,00000314,0000000062,00002448,0000000046),
	(000000013286,00000314,0000000067,00002448,0000000046),
	(000000013287,00000321,0000000063,00002448,0000000046),
	(000000013288,00000321,0000000068,00002448,0000000046),
	(000000013289,00000332,0000000064,00002452,0000000010),
	(000000013290,00000332,0000000069,00002452,0000000010),
	(000000013291,00000314,0000000062,00002452,0000000010),
	(000000013292,00000314,0000000067,00002452,0000000010),
	(000000013293,00000321,0000000063,00002452,0000000010),
	(000000013294,00000321,0000000068,00002452,0000000010),
	(000000013295,00000332,0000000064,00002451,0000000049),
	(000000013296,00000332,0000000069,00002451,0000000049),
	(000000013297,00000314,0000000062,00002451,0000000049),
	(000000013298,00000314,0000000067,00002451,0000000049),
	(000000013299,00000321,0000000063,00002451,0000000049),
	(000000013300,00000321,0000000068,00002451,0000000049),
	(000000013301,00000332,0000000064,00002450,0000000048),
	(000000013302,00000332,0000000069,00002450,0000000048),
	(000000013303,00000314,0000000062,00002450,0000000048),
	(000000013304,00000314,0000000067,00002450,0000000048),
	(000000013305,00000321,0000000063,00002450,0000000048),
	(000000013306,00000321,0000000068,00002450,0000000048),
	(000000013307,00000160,0000000065,00002486,0000000010),
	(000000013308,00000339,0000000070,00002486,0000000010),
	(000000013309,00000306,0000000061,00002486,0000000010),
	(000000013310,00000306,0000000066,00002486,0000000010),
	(000000013311,00000327,0000000064,00002486,0000000010),
	(000000013312,00000327,0000000069,00002486,0000000010),
	(000000013313,00000160,0000000065,00002485,0000000049),
	(000000013314,00000339,0000000070,00002485,0000000049),
	(000000013315,00000306,0000000061,00002485,0000000049),
	(000000013316,00000306,0000000066,00002485,0000000049),
	(000000013317,00000327,0000000064,00002485,0000000049),
	(000000013318,00000327,0000000069,00002485,0000000049),
	(000000013319,00000160,0000000065,00002489,0000000046),
	(000000013320,00000339,0000000070,00002489,0000000046),
	(000000013321,00000306,0000000061,00002489,0000000046),
	(000000013322,00000306,0000000066,00002489,0000000046),
	(000000013323,00000327,0000000064,00002489,0000000046),
	(000000013324,00000327,0000000069,00002489,0000000046),
	(000000013325,00000160,0000000065,00002487,0000000048),
	(000000013326,00000339,0000000070,00002487,0000000048),
	(000000013327,00000306,0000000061,00002487,0000000048),
	(000000013328,00000306,0000000066,00002487,0000000048),
	(000000013329,00000327,0000000064,00002487,0000000048),
	(000000013330,00000327,0000000069,00002487,0000000048),
	(000000013331,00000160,0000000065,00002488,0000000047),
	(000000013332,00000339,0000000070,00002488,0000000047),
	(000000013333,00000306,0000000061,00002488,0000000047),
	(000000013334,00000306,0000000066,00002488,0000000047),
	(000000013335,00000327,0000000064,00002488,0000000047),
	(000000013336,00000327,0000000069,00002488,0000000047),
	(000000013337,00000159,0000000065,00002282,0000000048),
	(000000013338,00000337,0000000070,00002282,0000000048),
	(000000013339,00000303,0000000061,00002282,0000000048),
	(000000013340,00000303,0000000066,00002282,0000000048),
	(000000013341,00000319,0000000063,00002282,0000000048),
	(000000013342,00000319,0000000068,00002282,0000000048),
	(000000013343,00000159,0000000065,00002281,0000000010),
	(000000013344,00000337,0000000070,00002281,0000000010),
	(000000013345,00000303,0000000061,00002281,0000000010),
	(000000013346,00000303,0000000066,00002281,0000000010),
	(000000013347,00000319,0000000063,00002281,0000000010),
	(000000013348,00000319,0000000068,00002281,0000000010),
	(000000013349,00000159,0000000065,00002284,0000000049),
	(000000013350,00000337,0000000070,00002284,0000000049),
	(000000013351,00000303,0000000061,00002284,0000000049),
	(000000013352,00000303,0000000066,00002284,0000000049),
	(000000013353,00000319,0000000063,00002284,0000000049),
	(000000013354,00000319,0000000068,00002284,0000000049),
	(000000013355,00000159,0000000065,00002283,0000000047),
	(000000013356,00000337,0000000070,00002283,0000000047),
	(000000013357,00000303,0000000061,00002283,0000000047),
	(000000013358,00000303,0000000066,00002283,0000000047),
	(000000013359,00000319,0000000063,00002283,0000000047),
	(000000013360,00000319,0000000068,00002283,0000000047),
	(000000013361,00000159,0000000065,00002285,0000000046),
	(000000013362,00000337,0000000070,00002285,0000000046),
	(000000013363,00000303,0000000061,00002285,0000000046),
	(000000013364,00000303,0000000066,00002285,0000000046),
	(000000013365,00000319,0000000063,00002285,0000000046),
	(000000013366,00000319,0000000068,00002285,0000000046),
	(000000013367,00000162,0000000065,00002312,0000000046),
	(000000013368,00000334,0000000070,00002312,0000000046),
	(000000013369,00000309,0000000061,00002312,0000000046),
	(000000013370,00000309,0000000066,00002312,0000000046),
	(000000013371,00000329,0000000064,00002312,0000000046),
	(000000013372,00000329,0000000069,00002312,0000000046),
	(000000013373,00000162,0000000065,00002311,0000000049),
	(000000013374,00000334,0000000070,00002311,0000000049),
	(000000013375,00000309,0000000061,00002311,0000000049),
	(000000013376,00000309,0000000066,00002311,0000000049),
	(000000013377,00000329,0000000064,00002311,0000000049),
	(000000013378,00000329,0000000069,00002311,0000000049),
	(000000013379,00000162,0000000065,00002313,0000000047),
	(000000013380,00000334,0000000070,00002313,0000000047),
	(000000013381,00000309,0000000061,00002313,0000000047),
	(000000013382,00000309,0000000066,00002313,0000000047),
	(000000013383,00000329,0000000064,00002313,0000000047),
	(000000013384,00000329,0000000069,00002313,0000000047),
	(000000013385,00000162,0000000065,00002520,0000000048),
	(000000013386,00000334,0000000070,00002520,0000000048),
	(000000013387,00000309,0000000061,00002520,0000000048),
	(000000013388,00000309,0000000066,00002520,0000000048),
	(000000013389,00000329,0000000064,00002520,0000000048),
	(000000013390,00000329,0000000069,00002520,0000000048),
	(000000013391,00000162,0000000065,00002521,0000000010),
	(000000013392,00000334,0000000070,00002521,0000000010),
	(000000013393,00000309,0000000061,00002521,0000000010),
	(000000013394,00000309,0000000066,00002521,0000000010),
	(000000013395,00000308,0000000061,00002341,0000000010),
	(000000013396,00000308,0000000066,00002341,0000000010),
	(000000013397,00000311,0000000062,00002341,0000000010),
	(000000013398,00000311,0000000067,00002341,0000000010),
	(000000013399,00000318,0000000063,00002341,0000000010),
	(000000013400,00000318,0000000068,00002341,0000000010),
	(000000013401,00000335,0000000070,00002376,0000000046),
	(000000013402,00000304,0000000061,00002376,0000000046),
	(000000013403,00000304,0000000066,00002376,0000000046),
	(000000013404,00000312,0000000062,00002376,0000000046),
	(000000013405,00000312,0000000067,00002376,0000000046),
	(000000013406,00000156,0000000065,00002522,0000000046),
	(000000013407,00000340,0000000070,00002522,0000000046),
	(000000013408,00000308,0000000061,00002522,0000000048),
	(000000013409,00000308,0000000066,00002522,0000000048),
	(000000013410,00000326,0000000064,00002522,0000000046),
	(000000013411,00000326,0000000069,00002522,0000000046),
	(000000013412,00000317,0000000062,00002522,0000000046),
	(000000013413,00000316,0000000062,00002522,0000000046),
	(000000013414,00000317,0000000067,00002522,0000000046),
	(000000013415,00000316,0000000067,00002522,0000000046),
	(000000013416,00000308,0000000061,00002342,0000000049),
	(000000013417,00000308,0000000066,00002342,0000000049),
	(000000013418,00000318,0000000063,00002342,0000000049),
	(000000013419,00000318,0000000068,00002342,0000000049),
	(000000013420,00000308,0000000061,00002523,0000000047),
	(000000013421,00000308,0000000066,00002523,0000000047),
	(000000013422,00000318,0000000063,00002523,0000000047),
	(000000013423,00000318,0000000068,00002523,0000000047),
	(000000013424,00000335,0000000070,00002377,0000000049),
	(000000013425,00000304,0000000061,00002377,0000000049),
	(000000013426,00000304,0000000066,00002377,0000000049),
	(000000013427,00000326,0000000064,00002455,0000000007),
	(000000013428,00000326,0000000069,00002455,0000000007),
	(000000013429,00000329,0000000064,00002454,0000000007),
	(000000013430,00000311,0000000062,00002454,0000000007),
	(000000013431,00000160,0000000065,00002453,0000000007),
	(000000013433,00000306,0000000061,00002286,0000000028),
	(000000013434,00000308,0000000061,00002286,0000000028),
	(000000013435,00000308,0000000066,00002286,0000000028),
	(000000013436,00000332,0000000064,00002286,0000000028),
	(000000013437,00000323,0000000068,00002286,0000000028),
	(000000013438,00000327,0000000064,00002314,0000000028),
	(000000013439,00000331,0000000064,00002314,0000000012),
	(000000013440,00000331,0000000069,00002314,0000000012),
	(000000013441,00000311,0000000062,00002314,0000000028),
	(000000013442,00000311,0000000067,00002314,0000000028),
	(000000013443,00000304,0000000061,00002287,0000000031),
	(000000013444,00000304,0000000066,00002287,0000000031),
	(000000013445,00000312,0000000062,00002287,0000000031),
	(000000013446,00000312,0000000067,00002287,0000000031),
	(000000013447,00000321,0000000068,00002287,0000000031),
	(000000013448,00000304,0000000061,00002524,0000000029),
	(000000013449,00000304,0000000066,00002524,0000000029),
	(000000013450,00000312,0000000062,00002524,0000000029),
	(000000013451,00000312,0000000067,00002524,0000000029),
	(000000013452,00000321,0000000068,00002524,0000000029),
	(000000013453,00000159,0000000065,00002315,0000000031),
	(000000013454,00000337,0000000070,00002315,0000000031),
	(000000013455,00000308,0000000061,00002315,0000000031),
	(000000013456,00000308,0000000066,00002315,0000000031),
	(000000013457,00000327,0000000069,00002315,0000000031),
	(000000013458,00000332,0000000064,00002343,0000000031),
	(000000013459,00000332,0000000069,00002343,0000000031),
	(000000013460,00000323,0000000063,00002343,0000000031),
	(000000013461,00000323,0000000068,00002343,0000000031),
	(000000013462,00000339,0000000070,00002378,0000000031),
	(000000013463,00000326,0000000064,00002378,0000000031),
	(000000013464,00000326,0000000069,00002378,0000000031),
	(000000013465,00000319,0000000068,00002378,0000000031),
	(000000013466,00000162,0000000065,00002525,0000000031),
	(000000013467,00000334,0000000070,00002525,0000000031),
	(000000013468,00000306,0000000061,00002525,0000000031),
	(000000013469,00000306,0000000066,00002525,0000000031),
	(000000013470,00000329,0000000064,00002526,0000000002),
	(000000013471,00000329,0000000069,00002526,0000000002),
	(000000013472,00000311,0000000062,00002526,0000000002),
	(000000013473,00000311,0000000067,00002526,0000000002),
	(000000013474,00000318,0000000063,00002526,0000000002),
	(000000013475,00000318,0000000068,00002526,0000000002),
	(000000013476,00000329,0000000064,00002527,0000000006),
	(000000013477,00000329,0000000069,00002527,0000000006),
	(000000013478,00000311,0000000062,00002527,0000000006),
	(000000013479,00000311,0000000067,00002527,0000000006),
	(000000013480,00000318,0000000063,00002527,0000000006),
	(000000013481,00000318,0000000068,00002527,0000000006),
	(000000013482,00000329,0000000064,00002528,0000000025),
	(000000013483,00000329,0000000069,00002528,0000000025),
	(000000013484,00000311,0000000062,00002528,0000000025),
	(000000013485,00000311,0000000067,00002528,0000000025),
	(000000013486,00000318,0000000063,00002528,0000000025),
	(000000013487,00000318,0000000068,00002528,0000000025),
	(000000013488,00000329,0000000064,00002529,0000000017),
	(000000013489,00000329,0000000069,00002529,0000000017),
	(000000013490,00000311,0000000062,00002529,0000000017),
	(000000013491,00000311,0000000067,00002529,0000000017),
	(000000013492,00000318,0000000063,00002529,0000000017),
	(000000013493,00000318,0000000068,00002529,0000000017),
	(000000013494,00000329,0000000064,00002530,0000000001),
	(000000013495,00000329,0000000069,00002530,0000000001),
	(000000013496,00000311,0000000062,00002530,0000000001),
	(000000013497,00000311,0000000067,00002530,0000000001),
	(000000013498,00000318,0000000063,00002530,0000000001),
	(000000013499,00000318,0000000068,00002530,0000000001),
	(000000013500,00000159,0000000065,00002531,0000000004),
	(000000013501,00000337,0000000070,00002531,0000000004),
	(000000013502,00000306,0000000061,00002531,0000000004),
	(000000013503,00000306,0000000066,00002531,0000000004),
	(000000013504,00000331,0000000064,00002531,0000000004),
	(000000013505,00000331,0000000069,00002531,0000000004),
	(000000013506,00000159,0000000065,00002532,0000000001),
	(000000013507,00000337,0000000070,00002532,0000000001),
	(000000013508,00000306,0000000061,00002532,0000000001),
	(000000013509,00000306,0000000066,00002532,0000000001),
	(000000013510,00000331,0000000064,00002532,0000000001),
	(000000013511,00000331,0000000069,00002532,0000000001),
	(000000013512,00000159,0000000065,00002533,0000000002),
	(000000013513,00000337,0000000070,00002533,0000000002),
	(000000013514,00000306,0000000061,00002533,0000000002),
	(000000013515,00000306,0000000066,00002533,0000000002),
	(000000013516,00000331,0000000064,00002533,0000000002),
	(000000013517,00000331,0000000069,00002533,0000000002),
	(000000013518,00000159,0000000065,00002534,0000000017),
	(000000013519,00000337,0000000070,00002534,0000000017),
	(000000013520,00000306,0000000061,00002534,0000000017),
	(000000013521,00000306,0000000066,00002534,0000000017),
	(000000013522,00000331,0000000064,00002534,0000000017),
	(000000013523,00000331,0000000069,00002534,0000000017),
	(000000013524,00000157,0000000065,00002535,0000000006),
	(000000013525,00000335,0000000070,00002535,0000000006),
	(000000013526,00000332,0000000064,00002535,0000000006),
	(000000013527,00000332,0000000069,00002535,0000000006),
	(000000013528,00000312,0000000062,00002535,0000000006),
	(000000013529,00000312,0000000067,00002535,0000000006),
	(000000013530,00000157,0000000065,00002536,0000000001),
	(000000013531,00000335,0000000070,00002536,0000000001),
	(000000013532,00000332,0000000064,00002536,0000000001),
	(000000013533,00000332,0000000069,00002536,0000000001),
	(000000013534,00000312,0000000062,00002536,0000000001),
	(000000013535,00000312,0000000067,00002536,0000000001),
	(000000013536,00000157,0000000065,00002537,0000000002),
	(000000013537,00000335,0000000070,00002537,0000000002),
	(000000013538,00000332,0000000064,00002537,0000000002),
	(000000013539,00000332,0000000069,00002537,0000000002),
	(000000013540,00000312,0000000062,00002537,0000000002),
	(000000013541,00000312,0000000067,00002537,0000000002),
	(000000013542,00000157,0000000065,00002538,0000000004),
	(000000013543,00000335,0000000070,00002538,0000000004),
	(000000013544,00000332,0000000064,00002538,0000000004),
	(000000013545,00000332,0000000069,00002538,0000000004),
	(000000013546,00000312,0000000062,00002538,0000000004),
	(000000013547,00000312,0000000067,00002538,0000000004),
	(000000013548,00000162,0000000065,00002539,0000000006),
	(000000013549,00000334,0000000070,00002539,0000000006),
	(000000013550,00000309,0000000061,00002539,0000000006),
	(000000013551,00000309,0000000066,00002539,0000000006),
	(000000013552,00000326,0000000064,00002539,0000000006),
	(000000013553,00000326,0000000069,00002539,0000000006),
	(000000013554,00000162,0000000065,00002540,0000000002),
	(000000013555,00000334,0000000070,00002540,0000000002),
	(000000013556,00000309,0000000061,00002540,0000000002),
	(000000013557,00000309,0000000066,00002540,0000000002),
	(000000013558,00000326,0000000064,00002540,0000000002),
	(000000013559,00000326,0000000069,00002540,0000000002),
	(000000013560,00000162,0000000065,00002541,0000000008),
	(000000013561,00000334,0000000070,00002541,0000000008),
	(000000013562,00000309,0000000061,00002541,0000000008),
	(000000013563,00000309,0000000066,00002541,0000000008),
	(000000013564,00000326,0000000064,00002541,0000000008),
	(000000013565,00000326,0000000069,00002541,0000000008),
	(000000013566,00000160,0000000065,00002542,0000000001),
	(000000013567,00000339,0000000070,00002542,0000000001),
	(000000013568,00000303,0000000061,00002542,0000000001),
	(000000013569,00000303,0000000066,00002542,0000000001),
	(000000013570,00000316,0000000062,00002542,0000000001),
	(000000013571,00000321,0000000063,00002542,0000000001),
	(000000013572,00000321,0000000068,00002542,0000000001),
	(000000013573,00000160,0000000065,00002543,0000000004),
	(000000013574,00000339,0000000070,00002543,0000000004),
	(000000013575,00000303,0000000061,00002543,0000000004),
	(000000013576,00000303,0000000066,00002543,0000000004),
	(000000013577,00000316,0000000062,00002543,0000000004),
	(000000013578,00000321,0000000063,00002543,0000000004),
	(000000013579,00000321,0000000068,00002543,0000000004),
	(000000013580,00000160,0000000065,00002544,0000000008),
	(000000013581,00000339,0000000070,00002544,0000000008),
	(000000013582,00000303,0000000061,00002544,0000000008),
	(000000013583,00000303,0000000066,00002544,0000000008),
	(000000013584,00000316,0000000062,00002544,0000000008),
	(000000013585,00000321,0000000063,00002544,0000000008),
	(000000013586,00000321,0000000068,00002544,0000000008),
	(000000013587,00000331,0000000064,00002292,0000000007),
	(000000013588,00000331,0000000069,00002292,0000000007),
	(000000013589,00000332,0000000069,00002292,0000000007),
	(000000013590,00000323,0000000063,00002292,0000000007),
	(000000013591,00000331,0000000064,00002291,0000000018),
	(000000013592,00000331,0000000069,00002291,0000000006),
	(000000013593,00000332,0000000069,00002291,0000000008),
	(000000013594,00000323,0000000063,00002291,0000000008),
	(000000013595,00000331,0000000064,00002545,0000000008),
	(000000013596,00000331,0000000069,00002545,0000000020),
	(000000013597,00000332,0000000069,00002545,0000000029),
	(000000013598,00000323,0000000063,00002545,0000000005),
	(000000013599,00000318,0000000063,00002319,0000000008),
	(000000013600,00000323,0000000063,00002319,0000000001),
	(000000013601,00000318,0000000068,00002319,0000000008),
	(000000013602,00000323,0000000068,00002319,0000000001),
	(000000013603,00000318,0000000063,00002320,0000000004),
	(000000013604,00000323,0000000063,00002320,0000000004),
	(000000013605,00000318,0000000068,00002320,0000000004),
	(000000013606,00000323,0000000068,00002320,0000000004),
	(000000013607,00000156,0000000065,00002344,0000000001),
	(000000013608,00000340,0000000070,00002344,0000000001),
	(000000013609,00000304,0000000061,00002344,0000000001),
	(000000013610,00000304,0000000066,00002344,0000000001),
	(000000013611,00000314,0000000067,00002344,0000000001),
	(000000013612,00000319,0000000063,00002344,0000000001),
	(000000013613,00000319,0000000068,00002344,0000000001),
	(000000013614,00000156,0000000065,00002546,0000000004),
	(000000013615,00000340,0000000070,00002546,0000000004),
	(000000013616,00000304,0000000061,00002546,0000000004),
	(000000013617,00000304,0000000066,00002546,0000000004),
	(000000013618,00000314,0000000067,00002546,0000000004),
	(000000013619,00000319,0000000063,00002546,0000000004),
	(000000013620,00000319,0000000068,00002546,0000000004),
	(000000013621,00000308,0000000061,00002382,0000000004),
	(000000013622,00000308,0000000066,00002382,0000000004),
	(000000013623,00000311,0000000062,00002382,0000000004),
	(000000013624,00000311,0000000067,00002382,0000000004),
	(000000013625,00000304,0000000061,00002345,0000000008),
	(000000013626,00000304,0000000066,00002345,0000000008),
	(000000013627,00000319,0000000063,00002345,0000000008),
	(000000013628,00000319,0000000068,00002345,0000000008),
	(000000013629,00000308,0000000061,00002384,0000000002),
	(000000013630,00000308,0000000066,00002384,0000000002),
	(000000013631,00000335,0000000070,00002346,0000000031),
	(000000013632,00000326,0000000064,00002346,0000000011),
	(000000013633,00000326,0000000069,00002346,0000000011),
	(000000013634,00000306,0000000061,00002385,0000000011),
	(000000013635,00000306,0000000066,00002385,0000000011),
	(000000013636,00000304,0000000061,00002293,0000000011),
	(000000013637,00000304,0000000066,00002293,0000000011),
	(000000013638,00000312,0000000062,00002293,0000000011),
	(000000013639,00000312,0000000067,00002293,0000000011),
	(000000013640,00000321,0000000068,00002293,0000000011),
	(000000013641,00000159,0000000065,00002321,0000000011),
	(000000013642,00000337,0000000070,00002321,0000000011),
	(000000013643,00000308,0000000061,00002321,0000000011),
	(000000013644,00000308,0000000066,00002321,0000000011),
	(000000013645,00000327,0000000069,00002321,0000000011),
	(000000013646,00000162,0000000065,00002423,0000000028),
	(000000013647,00000327,0000000064,00002423,0000000012),
	(000000013648,00000327,0000000069,00002423,0000000028),
	(000000013649,00000157,0000000065,00002422,0000000028),
	(000000013650,00000334,0000000070,00002422,0000000028),
	(000000013651,00000306,0000000066,00002422,0000000028),
	(000000013652,00000162,0000000065,00002421,0000000012),
	(000000013653,00000309,0000000066,00002421,0000000012),
	(000000013654,00000312,0000000067,00002421,0000000012),
	(000000013655,00000334,0000000070,00002547,0000000012),
	(000000013656,00000312,0000000062,00002547,0000000012),
	(000000013657,00000321,0000000068,00002547,0000000012),
	(000000013658,00000160,0000000065,00002462,0000000012),
	(000000013659,00000335,0000000070,00002462,0000000012),
	(000000013660,00000329,0000000064,00002462,0000000012),
	(000000013661,00000327,0000000069,00002462,0000000012),
	(000000013662,00000339,0000000070,00002461,0000000012),
	(000000013663,00000309,0000000061,00002461,0000000012),
	(000000013664,00000326,0000000064,00002461,0000000012),
	(000000013665,00000326,0000000069,00002461,0000000012),
	(000000013666,00000157,0000000065,00002460,0000000012),
	(000000013668,00000316,0000000067,00002460,0000000012),
	(000000013669,00000323,0000000063,00002460,0000000012),
	(000000013670,00000303,0000000061,00002493,0000000028),
	(000000013671,00000304,0000000061,00002493,0000000028),
	(000000013672,00000303,0000000066,00002493,0000000028),
	(000000013673,00000319,0000000063,00002493,0000000028),
	(000000013674,00000319,0000000068,00002493,0000000028),
	(000000013675,00000308,0000000061,00002426,0000000009),
	(000000013676,00000308,0000000066,00002426,0000000009),
	(000000013677,00000309,0000000066,00002426,0000000009),
	(000000013678,00000312,0000000062,00002426,0000000009),
	(000000013679,00000309,0000000061,00002425,0000000009),
	(000000013680,00000303,0000000066,00002425,0000000009),
	(000000013681,00000319,0000000063,00002425,0000000009),
	(000000013682,00000321,0000000068,00002425,0000000009),
	(000000013683,00000304,0000000061,00002424,0000000009),
	(000000013684,00000306,0000000066,00002424,0000000009),
	(000000013685,00000321,0000000063,00002424,0000000009),
	(000000013686,00000319,0000000068,00002424,0000000009),
	(000000013687,00000303,0000000061,00002548,0000000009),
	(000000013688,00000304,0000000066,00002548,0000000009),
	(000000013689,00000327,0000000069,00002548,0000000009),
	(000000013690,00000312,0000000067,00002548,0000000009),
	(000000013691,00000156,0000000065,00002465,0000000008),
	(000000013692,00000308,0000000066,00002465,0000000030),
	(000000013693,00000327,0000000064,00002464,0000000008),
	(000000013694,00000312,0000000067,00002464,0000000008),
	(000000013695,00000309,0000000061,00002463,0000000031),
	(000000013697,00000162,0000000065,00002495,0000000001),
	(000000013698,00000334,0000000070,00002495,0000000001),
	(000000013699,00000304,0000000066,00002494,0000000006),
	(000000013700,00000311,0000000067,00002494,0000000031),
	(000000013701,00000329,0000000069,00002496,0000000029),
	(000000013702,00000318,0000000068,00002496,0000000029),
	(000000013703,00000312,0000000062,00002348,0000000005),
	(000000013704,00000312,0000000067,00002348,0000000005),
	(000000013705,00000321,0000000063,00002348,0000000005),
	(000000013706,00000321,0000000068,00002348,0000000005),
	(000000013707,00000326,0000000064,00002549,0000000005),
	(000000013708,00000326,0000000069,00002549,0000000005),
	(000000013709,00000309,0000000061,00002349,0000000005),
	(000000013710,00000309,0000000066,00002349,0000000005),
	(000000013711,00000331,0000000064,00002349,0000000005),
	(000000013712,00000331,0000000069,00002349,0000000005),
	(000000013713,00000334,0000000070,00002550,0000000005),
	(000000013714,00000311,0000000062,00002550,0000000005),
	(000000013715,00000311,0000000067,00002550,0000000005),
	(000000013716,00000304,0000000061,00002294,0000000023),
	(000000013717,00000304,0000000066,00002294,0000000023),
	(000000013718,00000312,0000000062,00002294,0000000023),
	(000000013719,00000312,0000000067,00002294,0000000023),
	(000000013720,00000321,0000000068,00002294,0000000023),
	(000000013721,00000159,0000000065,00002322,0000000023),
	(000000013722,00000337,0000000070,00002322,0000000023),
	(000000013723,00000308,0000000061,00002322,0000000023),
	(000000013724,00000308,0000000066,00002322,0000000023),
	(000000013725,00000327,0000000069,00002322,0000000023),
	(000000013726,00000162,0000000065,00002551,0000000023),
	(000000013727,00000334,0000000070,00002551,0000000023),
	(000000013728,00000306,0000000061,00002551,0000000023),
	(000000013729,00000306,0000000066,00002551,0000000023),
	(000000013730,00000157,0000000065,00002350,0000000023),
	(000000013731,00000335,0000000070,00002350,0000000023),
	(000000013732,00000326,0000000064,00002350,0000000023),
	(000000013733,00000326,0000000069,00002350,0000000023),
	(000000013734,00000309,0000000061,00002552,0000000023),
	(000000013735,00000309,0000000066,00002552,0000000023),
	(000000013736,00000156,0000000065,00002553,0000000023),
	(000000013737,00000340,0000000070,00002553,0000000023),
	(000000013738,00000319,0000000063,00002553,0000000023),
	(000000013739,00000319,0000000068,00002553,0000000023),
	(000000013740,00000303,0000000061,00002429,0000000030),
	(000000013741,00000306,0000000061,00002429,0000000030),
	(000000013742,00000303,0000000066,00002429,0000000030),
	(000000013743,00000306,0000000066,00002429,0000000030),
	(000000013744,00000162,0000000065,00002428,0000000009),
	(000000013745,00000306,0000000061,00002428,0000000009),
	(000000013746,00000331,0000000069,00002428,0000000031),
	(000000013747,00000321,0000000063,00002428,0000000012),
	(000000013748,00000159,0000000065,00002427,0000000006),
	(000000013749,00000337,0000000070,00002427,0000000006),
	(000000013750,00000331,0000000064,00002427,0000000006),
	(000000013751,00000321,0000000068,00002427,0000000006),
	(000000013752,00000159,0000000065,00002554,0000000008),
	(000000013753,00000308,0000000061,00002554,0000000008),
	(000000013754,00000306,0000000066,00002554,0000000008),
	(000000013755,00000314,0000000067,00002554,0000000008),
	(000000013756,00000312,0000000062,00002468,0000000017),
	(000000013757,00000316,0000000062,00002468,0000000030),
	(000000013758,00000312,0000000067,00002468,0000000017),
	(000000013759,00000316,0000000067,00002468,0000000030),
	(000000013760,00000156,0000000065,00002467,0000000006),
	(000000013761,00000340,0000000070,00002467,0000000006),
	(000000013762,00000308,0000000066,00002467,0000000006),
	(000000013763,00000316,0000000067,00002467,0000000006),
	(000000013764,00000329,0000000064,00002466,0000000008),
	(000000013765,00000312,0000000062,00002466,0000000008),
	(000000013767,00000323,0000000068,00002466,0000000008),
	(000000013768,00000340,0000000070,00002498,0000000008),
	(000000013769,00000331,0000000069,00002498,0000000008),
	(000000013770,00000314,0000000062,00002498,0000000008),
	(000000013771,00000316,0000000067,00002498,0000000008),
	(000000013772,00000329,0000000069,00002497,0000000028),
	(000000013773,00000314,0000000062,00002497,0000000028),
	(000000013774,00000314,0000000067,00002497,0000000028),
	(000000013775,00000318,0000000063,00002497,0000000028),
	(000000013776,00000156,0000000065,00002499,0000000009),
	(000000013777,00000340,0000000070,00002499,0000000009),
	(000000013778,00000316,0000000062,00002499,0000000009),
	(000000013779,00000316,0000000067,00002499,0000000009),
	(000000013780,00000306,0000000066,00002296,0000000006),
	(000000013781,00000321,0000000063,00002296,0000000006),
	(000000013782,00000314,0000000062,00002295,0000000012),
	(000000013783,00000314,0000000067,00002295,0000000012),
	(000000013784,00000157,0000000065,00002555,0000000008),
	(000000013785,00000335,0000000070,00002555,0000000008),
	(000000013786,00000156,0000000065,00002501,0000000031),
	(000000013787,00000337,0000000070,00002501,0000000029),
	(000000013788,00000316,0000000062,00002501,0000000029),
	(000000013789,00000311,0000000067,00002501,0000000029),
	(000000013790,00000323,0000000063,00002501,0000000029),
	(000000013791,00000318,0000000068,00002501,0000000031),
	(000000013792,00000156,0000000065,00002500,0000000029),
	(000000013793,00000340,0000000070,00002500,0000000029),
	(000000013794,00000329,0000000064,00002500,0000000029),
	(000000013795,00000311,0000000062,00002500,0000000029),
	(000000013796,00000316,0000000067,00002500,0000000029),
	(000000013797,00000323,0000000068,00002500,0000000029),
	(000000013798,00000162,0000000065,00002502,0000000029),
	(000000013799,00000331,0000000064,00002502,0000000029),
	(000000013800,00000331,0000000069,00002502,0000000029),
	(000000013801,00000314,0000000062,00002502,0000000029),
	(000000013802,00000314,0000000067,00002502,0000000029),
	(000000013803,00000318,0000000063,00002502,0000000029),
	(000000013804,00000156,0000000065,00002430,0000000026),
	(000000013805,00000340,0000000070,00002430,0000000026),
	(000000013806,00000326,0000000064,00002430,0000000026),
	(000000013807,00000326,0000000069,00002430,0000000026),
	(000000013808,00000316,0000000062,00002430,0000000026),
	(000000013809,00000316,0000000067,00002430,0000000026),
	(000000013810,00000332,0000000064,00002469,0000000026),
	(000000013811,00000332,0000000069,00002469,0000000026),
	(000000013812,00000314,0000000062,00002469,0000000026),
	(000000013813,00000314,0000000067,00002469,0000000026),
	(000000013814,00000321,0000000063,00002469,0000000026),
	(000000013815,00000321,0000000068,00002469,0000000026),
	(000000013816,00000160,0000000065,00002503,0000000026),
	(000000013817,00000339,0000000070,00002503,0000000026),
	(000000013818,00000306,0000000061,00002503,0000000026),
	(000000013819,00000306,0000000066,00002503,0000000026),
	(000000013820,00000327,0000000064,00002503,0000000026),
	(000000013821,00000327,0000000069,00002503,0000000026),
	(000000013822,00000159,0000000065,00002297,0000000026),
	(000000013823,00000337,0000000070,00002297,0000000026),
	(000000013824,00000303,0000000061,00002297,0000000026),
	(000000013825,00000303,0000000066,00002297,0000000026),
	(000000013826,00000319,0000000063,00002297,0000000026),
	(000000013827,00000319,0000000068,00002297,0000000026),
	(000000013828,00000162,0000000065,00002323,0000000026),
	(000000013829,00000334,0000000070,00002323,0000000026),
	(000000013830,00000309,0000000061,00002323,0000000026),
	(000000013831,00000309,0000000066,00002323,0000000026),
	(000000013832,00000329,0000000064,00002323,0000000026),
	(000000013833,00000329,0000000069,00002323,0000000026),
	(000000013834,00000160,0000000065,00002556,0000000018),
	(000000013835,00000339,0000000070,00002556,0000000018),
	(000000013836,00000332,0000000064,00002556,0000000018),
	(000000013837,00000332,0000000069,00002556,0000000018),
	(000000013838,00000323,0000000063,00002556,0000000018),
	(000000013839,00000323,0000000068,00002556,0000000018),
	(000000013840,00000160,0000000065,00002557,0000000017),
	(000000013841,00000339,0000000070,00002557,0000000017),
	(000000013842,00000332,0000000064,00002557,0000000017),
	(000000013843,00000332,0000000069,00002557,0000000017),
	(000000013844,00000323,0000000063,00002557,0000000017),
	(000000013845,00000323,0000000068,00002557,0000000017),
	(000000013846,00000160,0000000065,00002558,0000000020),
	(000000013847,00000339,0000000070,00002558,0000000020),
	(000000013848,00000332,0000000064,00002558,0000000020),
	(000000013849,00000332,0000000069,00002558,0000000020),
	(000000013850,00000323,0000000063,00002558,0000000020),
	(000000013851,00000323,0000000068,00002558,0000000020),
	(000000013852,00000160,0000000065,00002559,0000000019),
	(000000013853,00000339,0000000070,00002559,0000000019),
	(000000013854,00000332,0000000064,00002559,0000000019),
	(000000013855,00000332,0000000069,00002559,0000000019),
	(000000013856,00000323,0000000063,00002559,0000000019),
	(000000013857,00000323,0000000068,00002559,0000000019),
	(000000013858,00000160,0000000065,00002560,0000000024),
	(000000013859,00000339,0000000070,00002560,0000000024),
	(000000013860,00000332,0000000064,00002560,0000000024),
	(000000013861,00000332,0000000069,00002560,0000000024),
	(000000013862,00000323,0000000063,00002560,0000000024),
	(000000013863,00000323,0000000068,00002560,0000000024),
	(000000013864,00000162,0000000065,00002561,0000000024),
	(000000013865,00000334,0000000070,00002561,0000000024),
	(000000013866,00000304,0000000061,00002561,0000000024),
	(000000013867,00000304,0000000066,00002561,0000000024),
	(000000013868,00000319,0000000063,00002561,0000000024),
	(000000013869,00000319,0000000068,00002561,0000000024),
	(000000013870,00000162,0000000065,00002562,0000000017),
	(000000013871,00000334,0000000070,00002562,0000000017),
	(000000013872,00000304,0000000061,00002562,0000000017),
	(000000013873,00000304,0000000066,00002562,0000000017),
	(000000013874,00000319,0000000063,00002562,0000000017),
	(000000013875,00000319,0000000068,00002562,0000000017),
	(000000013876,00000162,0000000065,00002563,0000000018),
	(000000013877,00000334,0000000070,00002563,0000000018),
	(000000013878,00000304,0000000061,00002563,0000000018),
	(000000013879,00000304,0000000066,00002563,0000000018),
	(000000013880,00000319,0000000063,00002563,0000000018),
	(000000013881,00000319,0000000068,00002563,0000000018),
	(000000013882,00000162,0000000065,00002564,0000000020),
	(000000013883,00000334,0000000070,00002564,0000000020),
	(000000013884,00000304,0000000061,00002564,0000000020),
	(000000013885,00000304,0000000066,00002564,0000000020),
	(000000013886,00000319,0000000063,00002564,0000000020),
	(000000013887,00000319,0000000068,00002564,0000000020),
	(000000013888,00000309,0000000061,00002565,0000000019),
	(000000013889,00000309,0000000066,00002565,0000000019),
	(000000013890,00000326,0000000064,00002565,0000000019),
	(000000013891,00000326,0000000069,00002565,0000000019),
	(000000013892,00000321,0000000063,00002565,0000000019),
	(000000013893,00000321,0000000068,00002565,0000000019),
	(000000013894,00000309,0000000061,00002566,0000000018),
	(000000013895,00000309,0000000066,00002566,0000000018),
	(000000013896,00000326,0000000064,00002566,0000000018),
	(000000013897,00000326,0000000069,00002566,0000000018),
	(000000013898,00000321,0000000063,00002566,0000000018),
	(000000013899,00000321,0000000068,00002566,0000000018),
	(000000013900,00000309,0000000061,00002567,0000000024),
	(000000013901,00000309,0000000066,00002567,0000000024),
	(000000013902,00000326,0000000064,00002567,0000000024),
	(000000013903,00000326,0000000069,00002567,0000000024),
	(000000013904,00000321,0000000063,00002567,0000000024),
	(000000013905,00000321,0000000068,00002567,0000000024),
	(000000013906,00000309,0000000061,00002568,0000000017),
	(000000013907,00000309,0000000066,00002568,0000000017),
	(000000013908,00000326,0000000064,00002568,0000000017),
	(000000013909,00000326,0000000069,00002568,0000000017),
	(000000013910,00000321,0000000063,00002568,0000000017),
	(000000013911,00000321,0000000068,00002568,0000000017),
	(000000013912,00000309,0000000061,00002569,0000000020),
	(000000013913,00000309,0000000066,00002569,0000000020),
	(000000013914,00000326,0000000064,00002569,0000000020),
	(000000013915,00000326,0000000069,00002569,0000000020),
	(000000013916,00000321,0000000063,00002569,0000000020),
	(000000013917,00000321,0000000068,00002569,0000000020),
	(000000013918,00000156,0000000065,00002570,0000000024),
	(000000013919,00000340,0000000070,00002570,0000000024),
	(000000013920,00000329,0000000064,00002570,0000000024),
	(000000013921,00000329,0000000069,00002570,0000000024),
	(000000013922,00000311,0000000062,00002570,0000000024),
	(000000013923,00000311,0000000067,00002570,0000000024),
	(000000013924,00000156,0000000065,00002571,0000000019),
	(000000013925,00000340,0000000070,00002571,0000000019),
	(000000013926,00000329,0000000064,00002571,0000000019),
	(000000013927,00000329,0000000069,00002571,0000000019),
	(000000013928,00000311,0000000062,00002571,0000000019),
	(000000013929,00000311,0000000067,00002571,0000000019),
	(000000013930,00000156,0000000065,00002572,0000000018),
	(000000013931,00000340,0000000070,00002572,0000000018),
	(000000013932,00000329,0000000064,00002572,0000000018),
	(000000013933,00000329,0000000069,00002572,0000000018),
	(000000013934,00000311,0000000062,00002572,0000000018),
	(000000013935,00000311,0000000067,00002572,0000000018),
	(000000013942,00000157,0000000065,00002574,0000000019),
	(000000013943,00000335,0000000070,00002574,0000000019),
	(000000013944,00000306,0000000061,00002574,0000000019),
	(000000013945,00000306,0000000066,00002574,0000000019),
	(000000013946,00000312,0000000062,00002574,0000000019),
	(000000013947,00000312,0000000067,00002574,0000000019),
	(000000013948,00000157,0000000065,00002575,0000000020),
	(000000013949,00000335,0000000070,00002575,0000000020),
	(000000013950,00000306,0000000061,00002575,0000000020),
	(000000013951,00000306,0000000066,00002575,0000000020),
	(000000013952,00000312,0000000062,00002575,0000000020),
	(000000013953,00000312,0000000067,00002575,0000000020),
	(000000013954,00000157,0000000065,00002576,0000000024),
	(000000013955,00000335,0000000070,00002576,0000000024),
	(000000013956,00000306,0000000061,00002576,0000000024),
	(000000013957,00000306,0000000066,00002576,0000000024),
	(000000013958,00000312,0000000062,00002576,0000000024),
	(000000013959,00000312,0000000067,00002576,0000000018),
	(000000013960,00000337,0000000070,00002577,0000000019),
	(000000013961,00000303,0000000061,00002577,0000000019),
	(000000013962,00000303,0000000066,00002577,0000000019),
	(000000013963,00000316,0000000062,00002577,0000000019),
	(000000013964,00000316,0000000067,00002577,0000000019),
	(000000013965,00000303,0000000061,00002578,0000000018),
	(000000013966,00000303,0000000066,00002578,0000000018),
	(000000013967,00000327,0000000064,00002578,0000000018),
	(000000013968,00000327,0000000069,00002578,0000000018),
	(000000013969,00000309,0000000061,00002389,0000000025),
	(000000013970,00000309,0000000066,00002389,0000000025),
	(000000013971,00000318,0000000068,00002389,0000000019),
	(000000013972,00000159,0000000065,00002579,0000000018),
	(000000013973,00000337,0000000070,00002579,0000000018),
	(000000013974,00000316,0000000062,00002579,0000000018),
	(000000013975,00000316,0000000067,00002579,0000000018),
	(000000013976,00000314,0000000067,00002390,0000000024),
	(000000013977,00000318,0000000068,00002390,0000000024),
	(000000013978,00000303,0000000061,00002507,0000000012),
	(000000013979,00000304,0000000061,00002507,0000000012),
	(000000013980,00000303,0000000066,00002507,0000000012),
	(000000013981,00000319,0000000063,00002507,0000000012),
	(000000013982,00000319,0000000068,00002507,0000000012),
	(000000013983,00000306,0000000061,00002301,0000000012),
	(000000013984,00000308,0000000061,00002301,0000000012),
	(000000013985,00000308,0000000066,00002301,0000000012),
	(000000013986,00000332,0000000064,00002301,0000000012),
	(000000013987,00000323,0000000068,00002301,0000000012),
	(000000013988,00000327,0000000064,00002327,0000000009),
	(000000013989,00000331,0000000064,00002327,0000000009),
	(000000013990,00000331,0000000069,00002327,0000000009),
	(000000013991,00000311,0000000062,00002327,0000000009),
	(000000013992,00000311,0000000067,00002327,0000000009),
	(000000013993,00000314,0000000067,00002391,0000000018),
	(000000013994,00000318,0000000063,00002391,0000000018),
	(000000013995,00000318,0000000068,00002391,0000000018),
	(000000013996,00000334,0000000070,00002437,0000000014),
	(000000013997,00000309,0000000061,00002437,0000000014),
	(000000013998,00000331,0000000064,00002437,0000000015),
	(000000013999,00000312,0000000067,00002437,0000000015),
	(000000014000,00000304,0000000061,00002436,0000000014),
	(000000014001,00000304,0000000066,00002436,0000000014),
	(000000014002,00000312,0000000062,00002436,0000000014),
	(000000014003,00000312,0000000067,00002436,0000000014),
	(000000014004,00000306,0000000061,00002435,0000000014),
	(000000014005,00000308,0000000066,00002435,0000000014),
	(000000014006,00000327,0000000069,00002435,0000000015),
	(000000014007,00000312,0000000062,00002435,0000000015),
	(000000014008,00000337,0000000070,00002580,0000000014),
	(000000014009,00000303,0000000066,00002580,0000000014),
	(000000014010,00000331,0000000064,00002580,0000000014),
	(000000014011,00000319,0000000063,00002580,0000000014),
	(000000014012,00000339,0000000070,00002476,0000000015),
	(000000014013,00000303,0000000061,00002476,0000000015),
	(000000014014,00000303,0000000066,00002476,0000000015),
	(000000014015,00000329,0000000069,00002476,0000000015),
	(000000014016,00000327,0000000069,00002475,0000000014),
	(000000014017,00000316,0000000062,00002475,0000000014),
	(000000014018,00000311,0000000067,00002475,0000000014),
	(000000014019,00000318,0000000063,00002475,0000000014),
	(000000014020,00000339,0000000070,00002474,0000000014),
	(000000014021,00000303,0000000061,00002474,0000000014),
	(000000014022,00000327,0000000064,00002474,0000000014),
	(000000014023,00000318,0000000068,00002474,0000000014),
	(000000014024,00000308,0000000061,00002509,0000000014),
	(000000014025,00000308,0000000066,00002509,0000000015),
	(000000014026,00000329,0000000064,00002509,0000000015),
	(000000014027,00000318,0000000063,00002509,0000000015),
	(000000014028,00000323,0000000068,00002509,0000000014),
	(000000014029,00000159,0000000065,00002508,0000000014),
	(000000014030,00000337,0000000070,00002508,0000000015),
	(000000014031,00000316,0000000062,00002508,0000000015),
	(000000014032,00000323,0000000063,00002508,0000000014),
	(000000014033,00000318,0000000068,00002508,0000000015),
	(000000014034,00000334,0000000070,00002510,0000000015),
	(000000014035,00000304,0000000066,00002510,0000000015),
	(000000014036,00000329,0000000064,00002510,0000000014),
	(000000014037,00000311,0000000062,00002510,0000000015),
	(000000014038,00000311,0000000067,00002510,0000000015),
	(000000014039,00000157,0000000065,00002303,0000000014),
	(000000014040,00000335,0000000070,00002303,0000000014),
	(000000014041,00000314,0000000062,00002303,0000000014),
	(000000014042,00000314,0000000067,00002303,0000000014),
	(000000014043,00000157,0000000065,00002302,0000000015),
	(000000014044,00000335,0000000070,00002302,0000000015),
	(000000014045,00000306,0000000066,00002302,0000000014),
	(000000014046,00000321,0000000063,00002302,0000000014),
	(000000014047,00000306,0000000066,00002581,0000000015),
	(000000014048,00000314,0000000062,00002581,0000000015),
	(000000014049,00000314,0000000067,00002581,0000000015),
	(000000014050,00000321,0000000063,00002581,0000000015),
	(000000014051,00000326,0000000064,00002328,0000000014),
	(000000014052,00000326,0000000069,00002328,0000000014),
	(000000014053,00000316,0000000067,00002328,0000000014),
	(000000014054,00000326,0000000064,00002329,0000000015),
	(000000014055,00000326,0000000069,00002329,0000000015),
	(000000014056,00000316,0000000067,00002329,0000000015),
	(000000014057,00000329,0000000064,00002359,0000000021),
	(000000014058,00000329,0000000069,00002359,0000000021),
	(000000014059,00000311,0000000062,00002359,0000000021),
	(000000014060,00000311,0000000067,00002359,0000000021),
	(000000014061,00000323,0000000063,00002394,0000000021),
	(000000014062,00000323,0000000068,00002394,0000000021),
	(000000014063,00000157,0000000065,00002360,0000000021),
	(000000014064,00000335,0000000070,00002360,0000000021),
	(000000014065,00000326,0000000064,00002360,0000000021),
	(000000014066,00000326,0000000069,00002360,0000000021),
	(000000014067,00000337,0000000070,00002395,0000000021),
	(000000014068,00000303,0000000061,00002395,0000000021),
	(000000014069,00000303,0000000066,00002395,0000000021),
	(000000014070,00000156,0000000065,00002356,0000000050),
	(000000014071,00000340,0000000070,00002356,0000000050),
	(000000014072,00000337,0000000070,00002392,0000000050),
	(000000014073,00000312,0000000062,00002361,0000000030),
	(000000014074,00000312,0000000067,00002361,0000000030),
	(000000014075,00000321,0000000063,00002361,0000000030),
	(000000014076,00000321,0000000068,00002361,0000000030),
	(000000014077,00000303,0000000061,00002396,0000000023),
	(000000014078,00000303,0000000066,00002396,0000000023),
	(000000014079,00000323,0000000063,00002396,0000000023),
	(000000014080,00000323,0000000068,00002396,0000000023),
	(000000014081,00000309,0000000061,00002582,0000000030),
	(000000014082,00000309,0000000066,00002582,0000000030),
	(000000014083,00000331,0000000064,00002582,0000000030),
	(000000014084,00000331,0000000069,00002582,0000000030),
	(000000014085,00000157,0000000065,00002440,0000000032),
	(000000014086,00000335,0000000070,00002440,0000000032),
	(000000014087,00000331,0000000069,00002440,0000000032),
	(000000014088,00000314,0000000062,00002440,0000000032),
	(000000014089,00000321,0000000063,00002440,0000000032),
	(000000014090,00000321,0000000068,00002440,0000000032),
	(000000014091,00000337,0000000070,00002439,0000000020),
	(000000014092,00000303,0000000061,00002439,0000000020),
	(000000014093,00000308,0000000066,00002439,0000000020),
	(000000014094,00000331,0000000064,00002439,0000000020),
	(000000014095,00000314,0000000062,00002439,0000000020),
	(000000014096,00000314,0000000067,00002439,0000000020),
	(000000014097,00000157,0000000065,00002438,0000000017),
	(000000014098,00000335,0000000070,00002438,0000000017),
	(000000014099,00000308,0000000061,00002438,0000000017),
	(000000014100,00000331,0000000069,00002438,0000000011),
	(000000014101,00000314,0000000062,00002438,0000000011),
	(000000014102,00000314,0000000067,00002438,0000000017),
	(000000014103,00000162,0000000065,00002583,0000000011),
	(000000014104,00000304,0000000061,00002583,0000000032),
	(000000014105,00000327,0000000064,00002583,0000000031),
	(000000014106,00000331,0000000069,00002583,0000000018),
	(000000014107,00000314,0000000062,00002583,0000000031),
	(000000014108,00000319,0000000068,00002583,0000000011),
	(000000014109,00000157,0000000065,00002479,0000000011),
	(000000014110,00000340,0000000070,00002479,0000000011),
	(000000014111,00000309,0000000061,00002479,0000000011),
	(000000014112,00000327,0000000064,00002479,0000000011),
	(000000014113,00000318,0000000063,00002479,0000000011),
	(000000014114,00000318,0000000068,00002479,0000000011),
	(000000014115,00000160,0000000065,00002478,0000000011),
	(000000014116,00000335,0000000070,00002478,0000000011),
	(000000014117,00000308,0000000061,00002478,0000000024),
	(000000014118,00000303,0000000066,00002478,0000000011),
	(000000014119,00000312,0000000062,00002478,0000000021),
	(000000014120,00000323,0000000068,00002478,0000000010),
	(000000014121,00000156,0000000065,00002477,0000000017),
	(000000014122,00000340,0000000070,00002477,0000000017),
	(000000014123,00000309,0000000066,00002477,0000000011),
	(000000014124,00000327,0000000069,00002477,0000000020),
	(000000014125,00000312,0000000067,00002477,0000000021),
	(000000014126,00000318,0000000063,00002477,0000000020),
	(000000014127,00000159,0000000065,00002512,0000000032),
	(000000014128,00000304,0000000066,00002512,0000000032),
	(000000014129,00000331,0000000064,00002512,0000000032),
	(000000014130,00000329,0000000069,00002512,0000000032),
	(000000014131,00000311,0000000062,00002512,0000000032),
	(000000014132,00000314,0000000067,00002512,0000000032),
	(000000014133,00000162,0000000065,00002511,0000000021),
	(000000014134,00000334,0000000070,00002511,0000000021),
	(000000014135,00000308,0000000061,00002511,0000000021),
	(000000014136,00000308,0000000066,00002511,0000000021),
	(000000014137,00000331,0000000064,00002511,0000000021),
	(000000014138,00000331,0000000069,00002511,0000000021),
	(000000014139,00000159,0000000065,00002513,0000000022),
	(000000014140,00000337,0000000070,00002513,0000000022),
	(000000014141,00000308,0000000061,00002513,0000000022),
	(000000014142,00000308,0000000066,00002513,0000000022),
	(000000014143,00000323,0000000063,00002513,0000000022),
	(000000014144,00000323,0000000068,00002513,0000000022),
	(000000014145,00000160,0000000065,00002305,0000000032),
	(000000014146,00000339,0000000070,00002305,0000000032),
	(000000014147,00000327,0000000064,00002305,0000000032),
	(000000014148,00000327,0000000069,00002305,0000000032),
	(000000014149,00000316,0000000062,00002305,0000000032),
	(000000014150,00000316,0000000067,00002305,0000000032),
	(000000014151,00000318,0000000063,00002305,0000000032),
	(000000014152,00000318,0000000068,00002305,0000000032),
	(000000014153,00000160,0000000065,00002304,0000000021),
	(000000014154,00000339,0000000070,00002304,0000000021),
	(000000014155,00000327,0000000064,00002304,0000000021),
	(000000014156,00000327,0000000069,00002304,0000000021),
	(000000014157,00000316,0000000062,00002304,0000000021),
	(000000014158,00000316,0000000067,00002304,0000000021),
	(000000014159,00000318,0000000063,00002304,0000000021),
	(000000014160,00000318,0000000068,00002304,0000000021),
	(000000014161,00000160,0000000065,00002584,0000000022),
	(000000014162,00000339,0000000070,00002584,0000000022),
	(000000014163,00000327,0000000064,00002584,0000000022),
	(000000014164,00000327,0000000069,00002584,0000000022),
	(000000014165,00000316,0000000062,00002584,0000000022),
	(000000014166,00000316,0000000067,00002584,0000000022),
	(000000014167,00000318,0000000063,00002584,0000000022),
	(000000014168,00000318,0000000068,00002584,0000000022),
	(000000014169,00000156,0000000065,00002331,0000000021),
	(000000014170,00000340,0000000070,00002331,0000000021),
	(000000014171,00000304,0000000061,00002331,0000000021),
	(000000014172,00000304,0000000066,00002331,0000000021),
	(000000014173,00000332,0000000064,00002331,0000000021),
	(000000014174,00000332,0000000069,00002331,0000000021),
	(000000014175,00000314,0000000062,00002331,0000000021),
	(000000014176,00000314,0000000067,00002331,0000000021),
	(000000014177,00000319,0000000063,00002331,0000000021),
	(000000014178,00000319,0000000068,00002331,0000000021),
	(000000014179,00000156,0000000065,00002330,0000000022),
	(000000014180,00000340,0000000070,00002330,0000000022),
	(000000014181,00000304,0000000061,00002330,0000000022),
	(000000014182,00000304,0000000066,00002330,0000000022),
	(000000014183,00000332,0000000064,00002330,0000000022),
	(000000014184,00000332,0000000069,00002330,0000000022),
	(000000014185,00000314,0000000062,00002330,0000000022),
	(000000014186,00000314,0000000067,00002330,0000000022),
	(000000014187,00000319,0000000063,00002330,0000000022),
	(000000014188,00000319,0000000068,00002330,0000000022),
	(000000014189,00000156,0000000065,00002441,0000000005),
	(000000014190,00000340,0000000070,00002441,0000000005),
	(000000014191,00000326,0000000064,00002441,0000000050),
	(000000014192,00000326,0000000069,00002441,0000000050),
	(000000014193,00000316,0000000062,00002441,0000000005),
	(000000014194,00000316,0000000067,00002441,0000000005),
	(000000014195,00000332,0000000064,00002480,0000000005),
	(000000014196,00000332,0000000069,00002480,0000000005),
	(000000014197,00000314,0000000062,00002480,0000000050),
	(000000014198,00000314,0000000067,00002480,0000000050),
	(000000014199,00000321,0000000063,00002480,0000000050),
	(000000014200,00000321,0000000068,00002480,0000000050),
	(000000014201,00000160,0000000065,00002514,0000000005),
	(000000014202,00000339,0000000070,00002514,0000000005),
	(000000014203,00000306,0000000061,00002514,0000000005),
	(000000014204,00000306,0000000066,00002514,0000000005),
	(000000014205,00000327,0000000064,00002514,0000000005),
	(000000014206,00000327,0000000069,00002514,0000000005),
	(000000014207,00000159,0000000065,00002307,0000000005),
	(000000014208,00000337,0000000070,00002307,0000000005),
	(000000014209,00000303,0000000061,00002307,0000000005),
	(000000014210,00000303,0000000066,00002307,0000000005),
	(000000014211,00000319,0000000063,00002307,0000000005),
	(000000014212,00000319,0000000068,00002307,0000000005),
	(000000014213,00000162,0000000065,00002332,0000000050),
	(000000014214,00000334,0000000070,00002332,0000000050),
	(000000014215,00000309,0000000061,00002332,0000000050),
	(000000014216,00000309,0000000066,00002332,0000000050),
	(000000014217,00000329,0000000064,00002332,0000000005),
	(000000014218,00000329,0000000069,00002332,0000000005),
	(000000014219,00000308,0000000061,00002363,0000000050),
	(000000014220,00000308,0000000066,00002363,0000000050),
	(000000014221,00000318,0000000063,00002363,0000000050),
	(000000014222,00000318,0000000068,00002363,0000000050),
	(000000014223,00000312,0000000062,00002399,0000000050),
	(000000014224,00000312,0000000067,00002399,0000000050),
	(000000014225,00000329,0000000064,00002364,0000000050),
	(000000014226,00000329,0000000069,00002364,0000000050),
	(000000014227,00000311,0000000062,00002364,0000000050),
	(000000014228,00000311,0000000067,00002364,0000000050),
	(000000014229,00000335,0000000070,00002585,0000000050),
	(000000014230,00000304,0000000061,00002585,0000000050),
	(000000014231,00000304,0000000066,00002585,0000000050),
	(000000014232,00000314,0000000067,00002362,0000000006),
	(000000014233,00000312,0000000062,00002365,0000000028),
	(000000014234,00000312,0000000067,00002365,0000000028),
	(000000014235,00000321,0000000063,00002365,0000000028),
	(000000014236,00000321,0000000068,00002365,0000000028),
	(000000014237,00000309,0000000061,00002366,0000000028),
	(000000014238,00000309,0000000066,00002366,0000000028),
	(000000014239,00000331,0000000064,00002366,0000000028),
	(000000014240,00000331,0000000069,00002366,0000000028),
	(000000014241,00000339,0000000070,00002367,0000000023),
	(000000014242,00000160,0000000065,00002586,0000000002),
	(000000014243,00000339,0000000070,00002586,0000000002),
	(000000014244,00000316,0000000062,00002402,0000000002),
	(000000014245,00000316,0000000067,00002402,0000000002),
	(000000014246,00000321,0000000063,00002402,0000000002),
	(000000014247,00000321,0000000068,00002402,0000000002),
	(000000014248,00000156,0000000065,00002587,0000000052),
	(000000014249,00000340,0000000070,00002587,0000000052),
	(000000014250,00000314,0000000067,00002587,0000000052),
	(000000014251,00000157,0000000065,00002588,0000000052),
	(000000014252,00000335,0000000070,00002588,0000000052),
	(000000014253,00000326,0000000064,00002588,0000000052),
	(000000014254,00000326,0000000069,00002588,0000000052),
	(000000014255,00000314,0000000062,00002276,0000000033),
	(000000014256,00000314,0000000062,00002390,0000000024),
	(000000014257,00000318,0000000063,00002390,0000000024),
	(000000014258,00000157,0000000065,00002377,0000000049),
	(000000014259,00000157,0000000065,00002376,0000000046),
	(000000014260,00000331,0000000064,00002340,0000000022),
	(000000014261,00000331,0000000069,00002339,0000000022),
	(000000014262,00000329,0000000064,00002374,0000000022),
	(000000014263,00000329,0000000069,00002374,0000000022),
	(000000014264,00000327,0000000064,00002384,0000000002),
	(000000014265,00000327,0000000069,00002384,0000000002),
	(000000014266,00000314,0000000062,00002362,0000000006),
	(000000014268,00000314,0000000062,00002344,0000000001),
	(000000014269,00000329,0000000064,00002341,0000000010),
	(000000014270,00000329,0000000069,00002341,0000000010),
	(000000014271,00000327,0000000064,00002382,0000000004),
	(000000014273,00000327,0000000069,00002382,0000000004),
	(000000014274,00000314,0000000062,00002546,0000000004),
	(000000014275,00000157,0000000065,00002364,0000000050),
	(000000014276,00000159,0000000065,00002392,0000000050),
	(000000014277,00000329,0000000064,00002385,0000000031),
	(000000014278,00000329,0000000069,00002385,0000000031),
	(000000014280,00000319,0000000063,00002378,0000000031),
	(000000014282,00000157,0000000065,00002346,0000000031),
	(000000014284,00000160,0000000065,00002378,0000000031),
	(000000014286,00000314,0000000062,00002587,0000000052),
	(000000014287,00000159,0000000065,00002395,0000000021),
	(000000014288,00000160,0000000065,00002367,0000000023),
	(000000014289,00000332,0000000064,00002396,0000000023),
	(000000014290,00000332,0000000069,00002396,0000000023),
	(000000014291,00000331,0000000064,00002552,0000000023),
	(000000014292,00000331,0000000069,00002552,0000000023),
	(000000014293,00000314,0000000062,00002391,0000000018),
	(000000014294,00000162,0000000065,00002550,0000000005),
	(000000014295,00000162,0000000065,00002336,0000000032),
	(000000014297,00000319,0000000063,00002371,0000000032),
	(000000014298,00000332,0000000064,00002336,0000000032),
	(000000014299,00000332,0000000069,00002336,0000000032),
	(000000014300,00000159,0000000065,00002577,0000000019),
	(000000014301,00000327,0000000064,00002577,0000000019),
	(000000014302,00000327,0000000069,00002577,0000000019),
	(000000014303,00000318,0000000063,00002389,0000000019),
	(000000014304,00000331,0000000069,00002389,0000000019),
	(000000014305,00000331,0000000064,00002389,0000000019),
	(000000014306,00000311,0000000067,00002463,0000000008),
	(000000014307,00000308,0000000066,00002466,0000000008),
	(000000014308,00000342,0000000063,00002589,NULL),
	(000000014309,00000342,0000000068,00002589,NULL),
	(000000014310,00000311,0000000062,00002590,0000000020),
	(000000014311,00000329,0000000064,00002590,0000000020),
	(000000014312,00000156,0000000065,00002590,0000000020),
	(000000014313,00000311,0000000067,00002590,0000000020),
	(000000014314,00000329,0000000069,00002590,0000000020),
	(000000014315,00000340,0000000070,00002590,0000000020),
	(000000014316,00000329,0000000069,00002460,0000000012),
	(000000014317,00000316,0000000062,00002453,0000000007);

ALTER TABLE `gibbonTTDayRowClass` ENABLE KEYS;
UNLOCK TABLES;


# Dump of table gibbonTTDayRowClassException
# ------------------------------------------------------------

LOCK TABLES `gibbonTTDayRowClassException` WRITE;
ALTER TABLE `gibbonTTDayRowClassException` DISABLE KEYS;

INSERT INTO `gibbonTTDayRowClassException` (`gibbonTTDayRowClassExceptionID`, `gibbonTTDayRowClassID`, `gibbonPersonID`)
VALUES
	(00000000001440,000000013406,0000000140),
	(00000000001441,000000013407,0000000140),
	(00000000001442,000000013408,0000002347),
	(00000000001443,000000013409,0000002347),
	(00000000001444,000000013410,0000000140),
	(00000000001445,000000013411,0000000140),
	(00000000001446,000000013412,0000000140),
	(00000000001447,000000013413,0000000140),
	(00000000001448,000000013414,0000000140),
	(00000000001449,000000013415,0000000140),
	(00000000001450,000000013591,0000001123),
	(00000000001451,000000013592,0000001123),
	(00000000001452,000000013593,0000001122),
	(00000000001453,000000013594,0000001122),
	(00000000001454,000000013595,0000000374),
	(00000000001455,000000013596,0000000374),
	(00000000001456,000000013599,0000000373),
	(00000000001457,000000013600,0000002363),
	(00000000001458,000000013601,0000000373),
	(00000000001459,000000013602,0000002363),
	(00000000001460,000000013603,0000001122),
	(00000000001461,000000013604,0000000374),
	(00000000001462,000000013604,0000001110),
	(00000000001463,000000013605,0000001122),
	(00000000001464,000000013606,0000000374),
	(00000000001465,000000013606,0000001110),
	(00000000001466,000000013631,0000000589),
	(00000000001467,000000013632,0000000124),
	(00000000001468,000000013633,0000000124),
	(00000000001469,000000013786,0000002722),
	(00000000001470,000000013787,0000000124),
	(00000000001471,000000013788,0000000124),
	(00000000001472,000000013789,0000000124),
	(00000000001473,000000013790,0000000124),
	(00000000001474,000000013791,0000002722),
	(00000000001475,000000013882,0000001601),
	(00000000001476,000000013883,0000001601),
	(00000000001477,000000013886,0000001601),
	(00000000001478,000000013887,0000001601),
	(00000000001479,000000013930,0000001601),
	(00000000001480,000000013931,0000001601),
	(00000000001481,000000013932,0000001601),
	(00000000001482,000000013933,0000001601),
	(00000000001483,000000014000,0000001104),
	(00000000001484,000000014001,0000001104),
	(00000000001485,000000014002,0000000373),
	(00000000001486,000000014003,0000000373),
	(00000000001487,000000014004,0000000373),
	(00000000001488,000000014005,0000000373),
	(00000000001489,000000014006,0000001104),
	(00000000001490,000000014007,0000001104),
	(00000000001491,000000014008,0000000373),
	(00000000001492,000000014009,0000001104),
	(00000000001493,000000014010,0000000373),
	(00000000001494,000000014011,0000001104),
	(00000000001495,000000014020,0000001104),
	(00000000001496,000000014021,0000000373),
	(00000000001497,000000014022,0000001104),
	(00000000001498,000000014023,0000000373),
	(00000000001499,000000014115,0000000589),
	(00000000001500,000000014116,0000002134),
	(00000000001501,000000014117,0000000589),
	(00000000001502,000000014118,0000002134),
	(00000000001503,000000014119,0000000589),
	(00000000001504,000000014120,0000000589),
	(00000000001505,000000014189,0000000144),
	(00000000001506,000000014190,0000000144),
	(00000000001507,000000014191,0000001776),
	(00000000001508,000000014192,0000001776),
	(00000000001509,000000014193,0000000144),
	(00000000001510,000000014194,0000000144),
	(00000000001511,000000014195,0000000144),
	(00000000001512,000000014196,0000000144),
	(00000000001513,000000014197,0000001776),
	(00000000001514,000000014198,0000001776),
	(00000000001515,000000014199,0000001776),
	(00000000001516,000000014200,0000001776),
	(00000000001517,000000014213,0000001776),
	(00000000001518,000000014214,0000001776),
	(00000000001519,000000014215,0000001776),
	(00000000001520,000000014216,0000001776),
	(00000000001521,000000014217,0000000144),
	(00000000001522,000000014218,0000000144),
	(00000000001523,000000014277,0000000589),
	(00000000001524,000000013634,0000000124),
	(00000000001525,000000013635,0000000124),
	(00000000001526,000000014282,0000000589),
	(00000000001527,000000014278,0000000589),
	(00000000001528,000000013694,0000002562),
	(00000000001529,000000013693,0000002363),
	(00000000001530,000000014254,0000001200),
	(00000000001531,000000014252,0000001200),
	(00000000001532,000000014253,0000001200),
	(00000000001533,000000014251,0000001200);

ALTER TABLE `gibbonTTDayRowClassException` ENABLE KEYS;
UNLOCK TABLES;


# Dump of table gibbonUnit
# ------------------------------------------------------------

LOCK TABLES `gibbonUnit` WRITE;
ALTER TABLE `gibbonUnit` DISABLE KEYS;

INSERT INTO `gibbonUnit` (`gibbonUnitID`, `gibbonCourseID`, `name`, `active`, `description`, `tags`, `map`, `ordering`, `attachment`, `details`, `license`, `sharedPublic`, `gibbonPersonIDCreator`, `gibbonPersonIDLastEdit`)
VALUES
    (0000003065,00001321,'Epic Wallpaper','Y','In this short unit students learn about graphics whilst designing their own epic wallpaper.','creativity,graphic design,ict,problem solving,technology,design','Y',0,'','<table style=\"width: 100%;\">\r\n<tbody>\r\n<tr>\r\n<td style=\"vertical-align: top;\" colspan=\"2\"><span style=\"text-decoration: underline; font-weight: bold;\">Guiding Question</span><br /> Want To Make Some Eye Candy?</td>\r\n</tr>\r\n<tr>\r\n<td style=\"width: 50%; vertical-align: top;\"><span style=\"text-decoration: underline; font-weight: bold;\">Outcomes/Learning Objectives</span><br /> <span style=\"text-decoration: none; font-weight: normal; font-style: italic; font-size: 85%;\">If you use want to use Gibbon\'s Outcomes, use the outcome blocks above instead of this section.</span><br />\r\n<ul style=\"margin-top: 0px;\">\r\n<li>Learn how to use the Acorn image editing application, including the following:\r\n<ul>\r\n<li>How to remove the background from an image.</li>\r\n<li>The importance and power of layers.</li>\r\n<li>How to use filters.</li>\r\n</ul>\r\n</li>\r\n<li>Understand the difference between raster and vector images.</li>\r\n<li>Understand the differences between common raster formats, including jpg, png and gif.</li>\r\n<li>Understanding some ideas from typography, including type face, kerning and line spacing.</li>\r\n</ul>\r\n</td>\r\n<td style=\"width: 50%; vertical-align: top;\">\r\n<p><span style=\"text-decoration: underline; font-weight: bold;\">Differentiation</span><br /> <span style=\"text-decoration: none; font-weight: normal; font-style: italic; font-size: 85%;\">Differentiation by outcome or task? What will G&amp;T students be expected to do? How ill you use questioning to challenge all students? What have you done to support EAL needs?</span></p>\r\n<ul>\r\n<li>All technical terminology will be clearly explained, which will help EAL and native speakers alike.</li>\r\n<li>Questioning and discussion will be used to assess student differences, and the teacher will respond accordingly.</li>\r\n<li>Questioning and discussion will allow students to ask catch up or advance their knowledge through their own initiative.</li>\r\n<li>The teacher will work closely with students on an individual basis to ascertain and develop their understanding.</li>\r\n</ul>\r\n</td>\r\n</tr>\r\n<tr>\r\n<td style=\"width: 50%; vertical-align: top;\">\r\n<p><span style=\"text-decoration: underline; font-weight: bold;\">Assessment</span><br /> <span style=\"text-decoration: none; font-weight: normal; font-style: italic; font-size: 85%;\">What task(s) will allow students the opportunity to respond to the unit question? How will students show what they have understood? For IB, check subject guides and master assessment calendar.</span></p>\r\n<ul>\r\n<li>Wallpaper design</li>\r\n</ul>\r\n</td>\r\n<td style=\"width: 50%; vertical-align: top;\">\r\n<p><span style=\"text-decoration: underline; font-weight: bold;\">AfL</span><br /> <span style=\"text-decoration: none; font-weight: normal; font-style: italic; font-size: 85%;\">How will peer and self-assessment be used, rubrics, questioning be used to support learning? How will you deepen students\' comprehension and hit higher tier of Blooms Taxonomy?</span></p>\r\n<ul>\r\n<li>Discussion and questioning will be used throughout to assess student progress.</li>\r\n</ul>\r\n</td>\r\n</tr>\r\n<tr>\r\n<td style=\"width: 50%; vertical-align: top;\"><span style=\"text-decoration: underline; font-weight: bold;\">Activities &amp; Lessons</span><br /> <span style=\"text-decoration: none; font-weight: normal; font-style: italic; font-size: 85%;\">If you use want to use Gibbon\'s Smart Blocks, use the content blocks below instead of this section.</span><br />\r\n<ul>\r\n<li>See content blocks below.</li>\r\n</ul>\r\n</td>\r\n<td style=\"width: 50%; vertical-align: top;\">\r\n<p><span style=\"text-decoration: underline; font-weight: bold;\">Resources</span></p>\r\n<ul>\r\n<li>See content blocks below.</li>\r\n</ul>\r\n</td>\r\n</tr>\r\n<tr>\r\n<td style=\"width: 50%; vertical-align: top;\">\r\n<p><span style=\"text-decoration: underline; font-weight: bold;\">Interdisciplinary Links </span><br /> <span style=\"text-decoration: none; font-weight: normal; font-style: italic; font-size: 85%;\">Do not try and force this. What areas of other subjects might this reflect and/discuss language. For IB, links with ToK.</span></p>\r\n<p>&nbsp;</p>\r\n</td>\r\n<td style=\"width: 50%; vertical-align: top;\">\r\n<p><span style=\"text-decoration: underline; font-weight: bold;\">IB Learner Profile Links</span><br /> <span style=\"text-decoration: none; font-weight: normal; font-style: italic; font-size: 85%;\">How does the unit reflect IB Learner Profile attributes?</span></p>\r\n<ul>\r\n<li>NA</li>\r\n</ul>\r\n</td>\r\n</tr>\r\n<tr>\r\n<td style=\"vertical-align: top;\" colspan=\"2\">\r\n<p><span style=\"text-decoration: underline; font-weight: bold;\">Approaches to Learning</span><br /> <span style=\"text-decoration: none; font-weight: normal; font-style: italic; font-size: 85%;\">How will this unit contribute to the overall development of subject-specific and general approaches to learning skills?</span></p>\r\n<ul>\r\n<li>Students will be encouraged to work independently.</li>\r\n<li>Students will be encouraged to solve their own problems.</li>\r\n<li>Students will be encouraged to experiment and try new things as they search for a solution which works for them.</li>\r\n</ul>\r\n</td>\r\n</tr>\r\n<tr>\r\n<td style=\"vertical-align: top;\" colspan=\"2\">\r\n<p><span style=\"text-decoration: underline; font-weight: bold;\">Teacher Reflection</span><br /> <span style=\"text-decoration: none; font-weight: normal; font-style: italic; font-size: 85%;\">What was successful? What needs changing? Alternative Assessments and Lesson Ideas? What other Differentiation Ideas/Plans could be used?</span></p>\r\n<ul>\r\n<li>2012-13: this unit was run as Sell A Teacher, and whilst it was successful, there was less time for it next year, so it is being shortened and re-focused.</li>\r\n<li>2014-15: this has proven to be one of the most popular units in Year 7, so it has been shifted to be the first unit of the year. Extra information on Creative Commons and Hong Kong culture have been added.</li>\r\n</ul>\r\n</td>\r\n</tr>\r\n</tbody>\r\n</table>','',NULL,0000000001,0000000001);

ALTER TABLE `gibbonUnit` ENABLE KEYS;
UNLOCK TABLES;


# Dump of table gibbonUnitBlock
# ------------------------------------------------------------

LOCK TABLES `gibbonUnitBlock` WRITE;
ALTER TABLE `gibbonUnitBlock` DISABLE KEYS;

INSERT INTO `gibbonUnitBlock` (`gibbonUnitBlockID`, `gibbonUnitID`, `title`, `type`, `length`, `contents`, `teachersNotes`, `sequenceNumber`)
VALUES
	(000000039667,0000003065,'Want To Make Some Eye Candy?','The Pitch','5','<ul>\r\n<li>Graphic software allows us to make something out of nothing, to express our creativity.</li>\r\n<li>Do you want to learn how to make some epic wallpaper for your laptop?</li>\r\n</ul>\r\n<p><a style=\"font-weight: bold;\" href=\"https://gibbon.ichk.edu.hk/uploads/2013/06/Epic Moose Wallpaper_-4kd34vi9t0b3dsi.png\" target=\"_blank\"><img class=\"resource\" style=\"max-width: 500px; display: block; margin-left: auto; margin-right: auto;\" src=\"https://gibbon.ichk.edu.hk/uploads/2013/06/Epic Moose Wallpaper_-4kd34vi9t0b3dsi.png\" alt=\"\" /></a></p>','',0),
	(000000039668,0000003065,'Assessment','What To Expect','5','<ul>\r\n<li>At the end of this unit you will submit your wallpaper design as a PNG file, and this will be assessed.</li>\r\n<li>The focuses of this assessment will be:</li>\r\n<ul>\r\n<li>How attractive your design is.</li>\r\n<li>The quality and care reflected in your design work.</li>\r\n<li>Your use of CC.</li>\r\n<li>Your use of drop shadow and 3D effects.</li>\r\n<li>Your use of typography.</li>\r\n</ul>\r\n<li>You will receive a comment and an Approaches To Learning grade, but no Attainment grade.</li>\r\n</ul>','',1),
	(000000039669,0000003065,'Getting Started With Acorn','Hands On','10','<ul>\r\n<li>Acorn is software which allows you to edit graphic files.</li>\r\n<li>Can you use Spotlight to find and launch Acorn?</li>\r\n<li>Once you have launched Acorn, create a new image sized at 1680 x 1050 <span style=\"text-decoration: underline;\"><strong>pixels</strong></span> with resolution 72 <span style=\"text-decoration: underline;\"><strong>dpi</strong></span>:</li>\r\n</ul>\r\n<p><a style=\"font-weight: bold;\" href=\"https://gibbon.ichk.edu.hk/uploads/2013/06/Acorn New Image Window_qo6nfntkpfxmtzf.png\" target=\"_blank\"><img class=\"resource\" style=\"max-width: 500px; display: block; margin-left: auto; margin-right: auto;\" src=\"https://gibbon.ichk.edu.hk/uploads/2013/06/Acorn New Image Window_qo6nfntkpfxmtzf.png\" alt=\"\" /></a></p>\r\n<ul>\r\n<li>Save your new file as a .acorn image.</li>\r\n</ul>','',2),
	(000000039670,0000003065,'Find A CC Texture','Teacher Talk & Hands On','40','<p><strong>Creative Commons</strong></p>\r\n<ul>\r\n<li>Let\'s discuss some of the following ideas:</li>\r\n<ul>\r\n<li>Is it legal to use everything we find on the Internet?</li>\r\n<li>What is copyright law?</li>\r\n<li>Who does copyright law protect?</li>\r\n<li>What are the dangers of copyright law?</li>\r\n<li>What is Creative Commons (CC)?</li>\r\n</ul>\r\n<li>If we want to a) be creative &amp; remix and b) stay out of trouble, Creative Commons gives us a huge collection of media to work with.</li>\r\n</ul>\r\n<p><strong>Your CC Texture</strong></p>\r\n<ul>\r\n<li>The foreground (front) of your wallpaper is going to be a texture (such as a wall, or some wood, or some metal).</li>\r\n<li>Can you find a <span style=\"text-decoration: underline;\"><strong>large</strong></span> (see image below for help), <span style=\"text-decoration: underline;\"><strong>Creative Commons</strong></span> licensed texture to use?</li>\r\n</ul>\r\n<p><a style=\"font-weight: bold;\" href=\"https://gibbon.ichk.edu.hk/uploads/2013/06/Google Image Search Size_8bhpcqeqhdi62-k.png\" target=\"_blank\"><img class=\"resource\" style=\"max-width: 500px; display: block; margin-left: auto; margin-right: auto;\" src=\"https://gibbon.ichk.edu.hk/uploads/2013/06/Google Image Search Size_8bhpcqeqhdi62-k.png\" alt=\"\" /></a></p>\r\n<p>&nbsp;</p>\r\n<ul>\r\n<li>Once you have found the texture you want, save the <span style=\"text-decoration: underline;\"><strong>largest</strong></span> version of it you can.</li>\r\n<li>Also, bookmark the link for the page holding the image, for Creative Commons attribution later on.</li>\r\n</ul>','',3),
	(000000039671,0000003065,'Use Your Texture','Hands On','10','<ul>\r\n<li>Now that you have saved your texture, drag the file into your Acorn image.</li>\r\n<li>You might want to <span style=\"text-decoration: underline;\"><strong>resize</strong></span> your image to fit. You can do this using Layer &gt; Rotate And Transform &gt; Scale And Rotate in the top menu bar.</li>\r\n<li>You should now have something that looks like this:</li>\r\n</ul>\r\n<p><a style=\"font-weight: bold;\" href=\"https://gibbon.ichk.edu.hk/uploads/2013/06/Texture In Acorn_t4xm9jhuocw5dk_6.png\" target=\"_blank\"><img class=\"resource\" style=\"max-width: 500px; display: block; margin-left: auto; margin-right: auto;\" src=\"https://gibbon.ichk.edu.hk/uploads/2013/06/Texture In Acorn_t4xm9jhuocw5dk_6.png\" alt=\"\" /></a></p>','',4),
	(000000039672,0000003065,'Why So Big?','Discussion','5','<ul>\r\n<li>Why do you think we want to use only really large images in this project? Let\'s discuss this question as a class.</li>\r\n</ul>','',5),
	(000000039673,0000003065,'Layers','Teacher Talk','20','<ul>\r\n<li>I now want you to think about layers in graphics software like Acorn: I will explain the principles behind layers in graphics, so you can improve your understanding.</li>\r\n<li>Let\'s discuss why you think layers are useful?</li>\r\n<li>Do you know which file formats maintain layers?</li>\r\n<li>Did you know that in Acorn you can change the name of your layers to help keep your work organised? It can get really confusing when you have dozens of layers.</li>\r\n</ul>','',6),
	(000000039674,0000003065,'Finding A Silhouette','Hands On','15','<ul>\r\n<li>As part of your wallpaper, you will cut a hole in the foreground so we can see behind it.</li>\r\n<li>To do this you need to A) find a silhouette of the shape you want to cut out B) draw your own shape to cut out.</li>\r\n<li>Let\'s try option A first: please search the web to find a Creative Commons license&nbsp; of the shape you wish to cut out.</li>\r\n<li>Like with the texture, once you find the image you want, download it and also bookmark the page you found it from for your Creative Commons attribution.</li>\r\n<li>Hopefully you have something like this:</li>\r\n</ul>\r\n<p><a style=\"font-weight: bold;\" href=\"https://gibbon.ichk.edu.hk/uploads/2013/06/Silhouette_2jbkmii-8t5qhm-u.jpg\" target=\"_blank\"><img class=\"resource\" style=\"max-width: 500px; display: block; margin-left: auto; margin-right: auto;\" src=\"https://gibbon.ichk.edu.hk/uploads/2013/06/Silhouette_2jbkmii-8t5qhm-u.jpg\" alt=\"\" /></a></p>','',7),
	(000000039675,0000003065,'Making A Cutout','Hands On','15','<ul>\r\n<li>Now we are going to use your silhouette to make a cutout in your foreground</li>\r\n<li>Drag your saved cutout file into your wallpaper image in Acorn, and then <span style=\"text-decoration: underline;\"><strong>resize</strong></span> and <span style=\"text-decoration: underline;\"><strong>position</strong></span> as desired.</li>\r\n<li>Use the <span style=\"text-decoration: underline;\"><strong>Magic Wand</strong></span> (see image below) tool and shift key, to select all the parts of you silhouette.</li>\r\n</ul>\r\n<p><a style=\"font-weight: bold;\" href=\"https://gibbon.ichk.edu.hk/uploads/2013/06/Magic Wand Select Tool_jhdh997zyqqtr_s.png\" target=\"_blank\"><img class=\"resource\" style=\"max-width: 500px; display: block; margin-left: auto; margin-right: auto;\" src=\"https://gibbon.ichk.edu.hk/uploads/2013/06/Magic Wand Select Tool_jhdh997zyqqtr_s.png\" alt=\"\" /></a></p>\r\n<ul>\r\n<li>Now make the foreground layer active:</li>\r\n</ul>\r\n<p><a style=\"font-weight: bold;\" href=\"https://gibbon.ichk.edu.hk/uploads/2013/06/Foreground Layer Active_pzzxc2734p5hq3zs.png\" target=\"_blank\"><img class=\"resource\" style=\"max-width: 500px; display: block; margin-left: auto; margin-right: auto;\" src=\"https://gibbon.ichk.edu.hk/uploads/2013/06/Foreground Layer Active_pzzxc2734p5hq3zs.png\" alt=\"\" /></a></p>\r\n<ul>\r\n<li>Press the delete key to delete the silhouette shape from the foreground.</li>\r\n<li>Now right click on the layer with the silhouette and delete the layer. You should now see through your foreground into the transparent background:</li>\r\n</ul>\r\n<p><a style=\"font-weight: bold;\" href=\"https://gibbon.ichk.edu.hk/uploads/2013/06/Cutout_iy9qvi0hgbdx2yk2.png\" target=\"_blank\"><img class=\"resource\" style=\"max-width: 500px; display: block; margin-left: auto; margin-right: auto;\" src=\"https://gibbon.ichk.edu.hk/uploads/2013/06/Cutout_iy9qvi0hgbdx2yk2.png\" alt=\"\" /></a></p>','',8),
	(000000039676,0000003065,'Find A Background','Hands On','15','<ul>\r\n<li>The final main part of your wallpaper will be a background that contrasts against the foreground.</li>\r\n<li>Search online to find an interesting background image available under Creative Commons.</li>\r\n<li>Remember to bookmark the page containing the image so that you can attribute it later on.</li>\r\n<li>As an example, the following image might make a good background:</li>\r\n</ul>\r\n<p><a style=\"font-weight: bold;\" href=\"https://gibbon.ichk.edu.hk/uploads/2013/06/Example Background_-67mh3_-bypt0xeu.png\" target=\"_blank\"><img class=\"resource\" style=\"max-width: 500px; display: block; margin-left: auto; margin-right: auto;\" src=\"https://gibbon.ichk.edu.hk/uploads/2013/06/Example Background_-67mh3_-bypt0xeu.png\" alt=\"\" /></a></p>','',9),
	(000000039677,0000003065,'Hong Kong Style','Inspiration','15','<ul>\r\n<li>Hong Kong has its own, unique style: a result of Eastern and Western influences working side-by-side for many decades.</li>\r\n<li>If we were to create a Hong Kong-style wallpaper, what might it look like?</li>\r\n<ul>\r\n<li>Let\'s use the Think-Pair-Share thinking routine to come up with some ideas of what this might look like.</li>\r\n</ul>\r\n<li><em>I have prepared my own Epic Hong Kong Wallpaper, which is hidden in the Teacher\'s Notes.</em></li>\r\n<li style=\"text-align: left;\">We can learn about Hong Kong style using the two videos:</li>\r\n</ul>\r\n<p style=\"text-align: center;\"><iframe width=\"560\" height=\"315\" src=\"https://player.vimeo.com/video/166929892\" frameborder=\"0\" webkitallowfullscreen=\"webkitallowfullscreen\" mozallowfullscreen=\"mozallowfullscreen\" allowfullscreen=\"allowfullscreen\"></iframe></p>\r\n<p style=\"text-align: center;\"><iframe width=\"560\" height=\"315\" src=\"https://www.youtube.com/embed/6YosDqsWvyU\" frameborder=\"0\" allowfullscreen=\"allowfullscreen\"></iframe></p>','<p><a target=\"_blank\" style=\"font-weight: bold;\" href=\"https://gibbon.ichk.edu.hk/uploads/2015/07/EpicHongKongWallpaperweb_t9ezjr52f0yxnmvw.png\"><img class=\"resource\" style=\"max-width: 500px; display: block; margin-left: auto; margin-right: auto;\" src=\"https://gibbon.ichk.edu.hk/uploads/2015/07/EpicHongKongWallpaperweb_t9ezjr52f0yxnmvw.png\" /></a></p>',10),
	(000000039678,0000003065,'Apply Your Background','Hands On','5','<ul>\r\n<li>Now take your downloaded background, and drag it into your wallpaper image.</li>\r\n<li>In the layers view, drag the background image layer (which will be on top) and move it behind the foreground:</li>\r\n</ul>\r\n<p><a style=\"font-weight: bold;\" href=\"https://gibbon.ichk.edu.hk/uploads/2013/06/Layers View_kz4i9-uvyfcsupy.png\" target=\"_blank\"><img class=\"resource\" style=\"max-width: 500px; display: block; margin-left: auto; margin-right: auto;\" src=\"https://gibbon.ichk.edu.hk/uploads/2013/06/Layers View_kz4i9-uvyfcsupy.png\" alt=\"\" /></a></p>\r\n<ul>\r\n<li>Now use the <span style=\"text-decoration: underline;\"><strong>move</strong></span> and <span style=\"text-decoration: underline;\"><strong>resize</strong></span> tools to put your background in just the right position.</li>\r\n</ul>','',11),
	(000000039679,0000003065,'Playtime','Hands On','15','<ul>\r\n<li>You now have some time to keep playing with your wallpaper.</li>\r\n<li>How can you improve the way your work looks?</li>\r\n</ul>','',12),
	(000000039680,0000003065,'Filters','Teacher Talk','20','<ul>\r\n<li>Filters are effects which you can apply to your graphics to make them look different.</li>\r\n<li>Filters can make your work more interesting, creative and original.</li>\r\n<li>Some fun filters to try include:\r\n<ul>\r\n<li>Motion blur</li>\r\n<li>Drop Shadow</li>\r\n<li>Tilt shift</li>\r\n</ul>\r\n</li>\r\n<li>Try to make your top layer active, and then apply a drop shadow. Reapply the same shadow a few times, and it will make the foreground appear to pop out from the background.</li>\r\n</ul>\r\n<p><a style=\"font-weight: bold;\" href=\"https://gibbon.ichk.edu.hk/uploads/2013/06/Foreground Pop Example_qd39pijmcdfx0enj.png\" target=\"_blank\"><img class=\"resource\" style=\"max-width: 500px; display: block; margin-left: auto; margin-right: auto;\" src=\"https://gibbon.ichk.edu.hk/uploads/2013/06/Foreground Pop Example_qd39pijmcdfx0enj.png\" alt=\"\" /></a></p>','',13),
	(000000039681,0000003065,'Playtime','Hands On','15','<ul>\r\n<li>You now have the remainder of the lesson to keep playing with your wallpaper.</li>\r\n<li>How can you improve the way your work looks?</li>\r\n</ul>','',14),
	(000000039682,0000003065,'Creative Commons License','Hands On','10','<ul>\r\n<li>As you are almost finished with your wallpaper, now is a good time to apply your Creative Commons License.</li>\r\n<li>Go to the <a style=\"font-weight: bold;\" href=\"http://creativecommons.org/choose\" target=\"_blank\">Creative Common License Chooser</a> and choose the license you want to use.</li>\r\n<li>Copy the license image and text to your work, and then add your attribution.</li>\r\n</ul>\r\n<hr />\r\n<p></p>\r\n<ul>\r\n<li><span style=\"background-color: #ff99cc;\"><strong>Going forward, you need to use Creative Commons for your ICT work, whenever you are</strong></span></li>\r\n<ul>\r\n<li><span style=\"background-color: #ff99cc;\"><strong>a) remixing work created by others or </strong></span></li>\r\n<li><span style=\"background-color: #ff99cc;\"><strong>b) creating work that you intend to share online</strong></span></li>\r\n</ul>\r\n</ul>','',15),
	(000000039683,0000003065,'Text Controls','Teacher Talk','10','<ul>\r\n<li>How much time do you spend thinking about text and font? Do you know any history?</li>\r\n</ul>\r\n<p><iframe width=\"560\" height=\"315\" style=\"display: block; margin-left: auto; margin-right: auto;\" src=\"//www.youtube.com/embed/wOgIkxAfJsk\" frameborder=\"0\"></iframe></p>\r\n<ul>\r\n<li>When using Acorn, you have lots of&nbsp; control over text and how it is displayed. Some useful controls include:\r\n<ul>\r\n<li>Font type</li>\r\n<li>Kerning</li>\r\n<li>Line height</li>\r\n<li>Size</li>\r\n<li>Color</li>\r\n</ul>\r\n</li>\r\n<li>You can also get more fonts to install on your computer, from sites such as <a href=\"http://www.1001freefonts.com\">http://www.1001freefonts.com</a>.</li>\r\n<li>Can you make the text on your work look more interesting?</li>\r\n</ul>','',16),
	(000000039684,0000003065,'Playtime','Hands On','50','<ul>\r\n<li>You now have the remainder of the lesson to keep playing with your wallpaper.</li>\r\n<li>How can you improve the way your work looks?</li>\r\n</ul>','',17),
	(000000039685,0000003065,'Finish, Export & Submit','Hands On','50','<ul>\r\n<li>You now have 35 minutes to put the finishing touches on your work.</li>\r\n<li>The video below might help you if you are stuck getting your CC license set up and put into Acorn:</li>\r\n</ul>\r\n<p style=\"text-align: center;\"><iframe width=\"560\" height=\"315\" src=\"https://www.youtube.com/embed/0NFLmAlTDVE?rel=0\" frameborder=\"0\" allowfullscreen=\"allowfullscreen\"></iframe></p>\r\n<ul>\r\n<li>Leave enough time to save your work as a PNG file: png files can be opened by people who don\'t have Acorn, and are also smaller than Acorn files. When you save, you will lose your layers though, so keep the Acorn file as well in case you want to go back and edit some more.</li>\r\n<li>Finally, submit your work to Gibbon.</li>\r\n</ul>','',18),
	(000000039686,0000003065,'Raster vs. Vector','Teacher Talk','20','<ul>\r\n<li>To finish this unit, let\'s consider the ideas of <span style=\"text-decoration: underline;\"><strong>raster</strong></span> and <span style=\"text-decoration: underline;\"><strong>vector</strong></span> graphics.</li>\r\n<li>See <em>Teachers Notes</em> for details.</li>\r\n</ul>','<ul>\r\n<li>Teacher to introduce students to how graphics are represented, stored and displayed on computers.</li>\r\n<li>Most graphics programs store graphics as raster images. <br />\r\n<ul>\r\n<li>What is a raster?</li>\r\n<li>When are rasters good?</li>\r\n<li>Example raster formats? What are their strengths and weaknesses.</li>\r\n</ul>\r\n</li>\r\n<li>Some programs store graphics as vector images\r\n<ul>\r\n<li>What is a vector?</li>\r\n<li>When are vectors good?</li>\r\n<li>Example vector formats?</li>\r\n</ul>\r\n</li>\r\n<li>The Acorn file format (.acorn) uses raster for most elements, but some things (like text) are stored as vectors.</li>\r\n<li>Students should use the .acorn format whilst working on the box.</li>\r\n</ul>',19);

ALTER TABLE `gibbonUnitBlock` ENABLE KEYS;
UNLOCK TABLES;


# Dump of table gibbonUnitClass
# ------------------------------------------------------------

LOCK TABLES `gibbonUnitClass` WRITE;
ALTER TABLE `gibbonUnitClass` DISABLE KEYS;

INSERT INTO `gibbonUnitClass` (`gibbonUnitClassID`, `gibbonUnitID`, `gibbonCourseClassID`, `running`)
VALUES
	(000000005430,0000003065,00002426,'Y');

ALTER TABLE `gibbonUnitClass` ENABLE KEYS;
UNLOCK TABLES;


# Dump of table gibbonUnitClassBlock
# ------------------------------------------------------------

LOCK TABLES `gibbonUnitClassBlock` WRITE;
ALTER TABLE `gibbonUnitClassBlock` DISABLE KEYS;

INSERT INTO `gibbonUnitClassBlock` (`gibbonUnitClassBlockID`, `gibbonUnitClassID`, `gibbonPlannerEntryID`, `gibbonUnitBlockID`, `title`, `type`, `length`, `contents`, `teachersNotes`, `sequenceNumber`, `complete`)
VALUES
	(00000000062210,000000005430,00000000000001,000000039667,'Want To Make Some Eye Candy?','The Pitch','5','<ul>\r\n<li>Graphic software allows us to make something out of nothing, to express our creativity.</li>\r\n<li>Do you want to learn how to make some epic wallpaper for your laptop?</li>\r\n</ul>\r\n<p><a style=\"font-weight: bold;\" href=\"https://gibbon.ichk.edu.hk/uploads/2013/06/Epic Moose Wallpaper_-4kd34vi9t0b3dsi.png\" target=\"_blank\"><img class=\"resource\" style=\"max-width: 500px; display: block; margin-left: auto; margin-right: auto;\" src=\"https://gibbon.ichk.edu.hk/uploads/2013/06/Epic Moose Wallpaper_-4kd34vi9t0b3dsi.png\" alt=\"\" /></a></p>','',0,'N'),
	(00000000062211,000000005430,00000000000001,000000039668,'Assessment','What To Expect','5','<ul>\r\n<li>At the end of this unit you will submit your wallpaper design as a PNG file, and this will be assessed.</li>\r\n<li>The focuses of this assessment will be:</li>\r\n<ul>\r\n<li>How attractive your design is.</li>\r\n<li>The quality and care reflected in your design work.</li>\r\n<li>Your use of CC.</li>\r\n<li>Your use of drop shadow and 3D effects.</li>\r\n<li>Your use of typography.</li>\r\n</ul>\r\n<li>You will receive a comment and an Approaches To Learning grade, but no Attainment grade.</li>\r\n</ul>','',1,'N'),
	(00000000062212,000000005430,00000000000001,000000039669,'Getting Started With Acorn','Hands On','10','<ul>\r\n<li>Acorn is software which allows you to edit graphic files.</li>\r\n<li>Can you use Spotlight to find and launch Acorn?</li>\r\n<li>Once you have launched Acorn, create a new image sized at 1680 x 1050 <span style=\"text-decoration: underline;\"><strong>pixels</strong></span> with resolution 72 <span style=\"text-decoration: underline;\"><strong>dpi</strong></span>:</li>\r\n</ul>\r\n<p><a style=\"font-weight: bold;\" href=\"https://gibbon.ichk.edu.hk/uploads/2013/06/Acorn New Image Window_qo6nfntkpfxmtzf.png\" target=\"_blank\"><img class=\"resource\" style=\"max-width: 500px; display: block; margin-left: auto; margin-right: auto;\" src=\"https://gibbon.ichk.edu.hk/uploads/2013/06/Acorn New Image Window_qo6nfntkpfxmtzf.png\" alt=\"\" /></a></p>\r\n<ul>\r\n<li>Save your new file as a .acorn image.</li>\r\n</ul>','',2,'N'),
	(00000000062213,000000005430,00000000000001,000000039670,'Find A CC Texture','Teacher Talk & Hands On','40','<p><strong>Creative Commons</strong></p>\r\n<ul>\r\n<li>Let\'s discuss some of the following ideas:</li>\r\n<ul>\r\n<li>Is it legal to use everything we find on the Internet?</li>\r\n<li>What is copyright law?</li>\r\n<li>Who does copyright law protect?</li>\r\n<li>What are the dangers of copyright law?</li>\r\n<li>What is Creative Commons (CC)?</li>\r\n</ul>\r\n<li>If we want to a) be creative &amp; remix and b) stay out of trouble, Creative Commons gives us a huge collection of media to work with.</li>\r\n</ul>\r\n<p><strong>Your CC Texture</strong></p>\r\n<ul>\r\n<li>The foreground (front) of your wallpaper is going to be a texture (such as a wall, or some wood, or some metal).</li>\r\n<li>Can you find a <span style=\"text-decoration: underline;\"><strong>large</strong></span> (see image below for help), <span style=\"text-decoration: underline;\"><strong>Creative Commons</strong></span> licensed texture to use?</li>\r\n</ul>\r\n<p><a style=\"font-weight: bold;\" href=\"https://gibbon.ichk.edu.hk/uploads/2013/06/Google Image Search Size_8bhpcqeqhdi62-k.png\" target=\"_blank\"><img class=\"resource\" style=\"max-width: 500px; display: block; margin-left: auto; margin-right: auto;\" src=\"https://gibbon.ichk.edu.hk/uploads/2013/06/Google Image Search Size_8bhpcqeqhdi62-k.png\" alt=\"\" /></a></p>\r\n<p>&nbsp;</p>\r\n<ul>\r\n<li>Once you have found the texture you want, save the <span style=\"text-decoration: underline;\"><strong>largest</strong></span> version of it you can.</li>\r\n<li>Also, bookmark the link for the page holding the image, for Creative Commons attribution later on.</li>\r\n</ul>','',3,'N'),
	(00000000062214,000000005430,00000000000001,000000039671,'Use Your Texture','Hands On','10','<ul>\r\n<li>Now that you have saved your texture, drag the file into your Acorn image.</li>\r\n<li>You might want to <span style=\"text-decoration: underline;\"><strong>resize</strong></span> your image to fit. You can do this using Layer &gt; Rotate And Transform &gt; Scale And Rotate in the top menu bar.</li>\r\n<li>You should now have something that looks like this:</li>\r\n</ul>\r\n<p><a style=\"font-weight: bold;\" href=\"https://gibbon.ichk.edu.hk/uploads/2013/06/Texture In Acorn_t4xm9jhuocw5dk_6.png\" target=\"_blank\"><img class=\"resource\" style=\"max-width: 500px; display: block; margin-left: auto; margin-right: auto;\" src=\"https://gibbon.ichk.edu.hk/uploads/2013/06/Texture In Acorn_t4xm9jhuocw5dk_6.png\" alt=\"\" /></a></p>','',4,'N'),
	(00000000062215,000000005430,00000000000002,000000039672,'Why So Big?','Discussion','5','<ul>\r\n<li>Why do you think we want to use only really large images in this project? Let\'s discuss this question as a class.</li>\r\n</ul>','',5,'N'),
	(00000000062216,000000005430,00000000000002,000000039673,'Layers','Teacher Talk','20','<ul>\r\n<li>I now want you to think about layers in graphics software like Acorn: I will explain the principles behind layers in graphics, so you can improve your understanding.</li>\r\n<li>Let\'s discuss why you think layers are useful?</li>\r\n<li>Do you know which file formats maintain layers?</li>\r\n<li>Did you know that in Acorn you can change the name of your layers to help keep your work organised? It can get really confusing when you have dozens of layers.</li>\r\n</ul>','',6,'N'),
	(00000000062217,000000005430,00000000000002,000000039674,'Finding A Silhouette','Hands On','15','<ul>\r\n<li>As part of your wallpaper, you will cut a hole in the foreground so we can see behind it.</li>\r\n<li>To do this you need to A) find a silhouette of the shape you want to cut out B) draw your own shape to cut out.</li>\r\n<li>Let\'s try option A first: please search the web to find a Creative Commons license&nbsp; of the shape you wish to cut out.</li>\r\n<li>Like with the texture, once you find the image you want, download it and also bookmark the page you found it from for your Creative Commons attribution.</li>\r\n<li>Hopefully you have something like this:</li>\r\n</ul>\r\n<p><a style=\"font-weight: bold;\" href=\"https://gibbon.ichk.edu.hk/uploads/2013/06/Silhouette_2jbkmii-8t5qhm-u.jpg\" target=\"_blank\"><img class=\"resource\" style=\"max-width: 500px; display: block; margin-left: auto; margin-right: auto;\" src=\"https://gibbon.ichk.edu.hk/uploads/2013/06/Silhouette_2jbkmii-8t5qhm-u.jpg\" alt=\"\" /></a></p>','',7,'N'),
	(00000000062218,000000005430,00000000000002,000000039675,'Making A Cutout','Hands On','15','<ul>\r\n<li>Now we are going to use your silhouette to make a cutout in your foreground</li>\r\n<li>Drag your saved cutout file into your wallpaper image in Acorn, and then <span style=\"text-decoration: underline;\"><strong>resize</strong></span> and <span style=\"text-decoration: underline;\"><strong>position</strong></span> as desired.</li>\r\n<li>Use the <span style=\"text-decoration: underline;\"><strong>Magic Wand</strong></span> (see image below) tool and shift key, to select all the parts of you silhouette.</li>\r\n</ul>\r\n<p><a style=\"font-weight: bold;\" href=\"https://gibbon.ichk.edu.hk/uploads/2013/06/Magic Wand Select Tool_jhdh997zyqqtr_s.png\" target=\"_blank\"><img class=\"resource\" style=\"max-width: 500px; display: block; margin-left: auto; margin-right: auto;\" src=\"https://gibbon.ichk.edu.hk/uploads/2013/06/Magic Wand Select Tool_jhdh997zyqqtr_s.png\" alt=\"\" /></a></p>\r\n<ul>\r\n<li>Now make the foreground layer active:</li>\r\n</ul>\r\n<p><a style=\"font-weight: bold;\" href=\"https://gibbon.ichk.edu.hk/uploads/2013/06/Foreground Layer Active_pzzxc2734p5hq3zs.png\" target=\"_blank\"><img class=\"resource\" style=\"max-width: 500px; display: block; margin-left: auto; margin-right: auto;\" src=\"https://gibbon.ichk.edu.hk/uploads/2013/06/Foreground Layer Active_pzzxc2734p5hq3zs.png\" alt=\"\" /></a></p>\r\n<ul>\r\n<li>Press the delete key to delete the silhouette shape from the foreground.</li>\r\n<li>Now right click on the layer with the silhouette and delete the layer. You should now see through your foreground into the transparent background:</li>\r\n</ul>\r\n<p><a style=\"font-weight: bold;\" href=\"https://gibbon.ichk.edu.hk/uploads/2013/06/Cutout_iy9qvi0hgbdx2yk2.png\" target=\"_blank\"><img class=\"resource\" style=\"max-width: 500px; display: block; margin-left: auto; margin-right: auto;\" src=\"https://gibbon.ichk.edu.hk/uploads/2013/06/Cutout_iy9qvi0hgbdx2yk2.png\" alt=\"\" /></a></p>','',8,'N'),
	(00000000062219,000000005430,00000000000002,000000039676,'Find A Background','Hands On','15','<ul>\r\n<li>The final main part of your wallpaper will be a background that contrasts against the foreground.</li>\r\n<li>Search online to find an interesting background image available under Creative Commons.</li>\r\n<li>Remember to bookmark the page containing the image so that you can attribute it later on.</li>\r\n<li>As an example, the following image might make a good background:</li>\r\n</ul>\r\n<p><a style=\"font-weight: bold;\" href=\"https://gibbon.ichk.edu.hk/uploads/2013/06/Example Background_-67mh3_-bypt0xeu.png\" target=\"_blank\"><img class=\"resource\" style=\"max-width: 500px; display: block; margin-left: auto; margin-right: auto;\" src=\"https://gibbon.ichk.edu.hk/uploads/2013/06/Example Background_-67mh3_-bypt0xeu.png\" alt=\"\" /></a></p>','',9,'N'),
	(00000000062220,000000005430,00000000000003,000000039677,'Hong Kong Style','Inspiration','15','<ul>\r\n<li>Hong Kong has its own, unique style: a result of Eastern and Western influences working side-by-side for many decades.</li>\r\n<li>If we were to create a Hong Kong-style wallpaper, what might it look like?</li>\r\n<ul>\r\n<li>Let\'s use the Think-Pair-Share thinking routine to come up with some ideas of what this might look like.</li>\r\n</ul>\r\n<li><em>I have prepared my own Epic Hong Kong Wallpaper, which is hidden in the Teacher\'s Notes.</em></li>\r\n<li style=\"text-align: left;\">We can learn about Hong Kong style using the two videos:</li>\r\n</ul>\r\n<p style=\"text-align: center;\"><iframe width=\"560\" height=\"315\" src=\"https://player.vimeo.com/video/166929892\" frameborder=\"0\" webkitallowfullscreen=\"webkitallowfullscreen\" mozallowfullscreen=\"mozallowfullscreen\" allowfullscreen=\"allowfullscreen\"></iframe></p>\r\n<p style=\"text-align: center;\"><iframe width=\"560\" height=\"315\" src=\"https://www.youtube.com/embed/6YosDqsWvyU\" frameborder=\"0\" allowfullscreen=\"allowfullscreen\"></iframe></p>','<p><a target=\"_blank\" style=\"font-weight: bold;\" href=\"https://gibbon.ichk.edu.hk/uploads/2015/07/EpicHongKongWallpaperweb_t9ezjr52f0yxnmvw.png\"><img class=\"resource\" style=\"max-width: 500px; display: block; margin-left: auto; margin-right: auto;\" src=\"https://gibbon.ichk.edu.hk/uploads/2015/07/EpicHongKongWallpaperweb_t9ezjr52f0yxnmvw.png\" /></a></p>',10,'N'),
	(00000000062221,000000005430,00000000000003,000000039678,'Apply Your Background','Hands On','5','<ul>\r\n<li>Now take your downloaded background, and drag it into your wallpaper image.</li>\r\n<li>In the layers view, drag the background image layer (which will be on top) and move it behind the foreground:</li>\r\n</ul>\r\n<p><a style=\"font-weight: bold;\" href=\"https://gibbon.ichk.edu.hk/uploads/2013/06/Layers View_kz4i9-uvyfcsupy.png\" target=\"_blank\"><img class=\"resource\" style=\"max-width: 500px; display: block; margin-left: auto; margin-right: auto;\" src=\"https://gibbon.ichk.edu.hk/uploads/2013/06/Layers View_kz4i9-uvyfcsupy.png\" alt=\"\" /></a></p>\r\n<ul>\r\n<li>Now use the <span style=\"text-decoration: underline;\"><strong>move</strong></span> and <span style=\"text-decoration: underline;\"><strong>resize</strong></span> tools to put your background in just the right position.</li>\r\n</ul>','',11,'N'),
	(00000000062222,000000005430,00000000000003,000000039679,'Playtime','Hands On','15','<ul>\r\n<li>You now have some time to keep playing with your wallpaper.</li>\r\n<li>How can you improve the way your work looks?</li>\r\n</ul>','',12,'N'),
	(00000000062223,000000005430,00000000000003,000000039680,'Filters','Teacher Talk','20','<ul>\r\n<li>Filters are effects which you can apply to your graphics to make them look different.</li>\r\n<li>Filters can make your work more interesting, creative and original.</li>\r\n<li>Some fun filters to try include:\r\n<ul>\r\n<li>Motion blur</li>\r\n<li>Drop Shadow</li>\r\n<li>Tilt shift</li>\r\n</ul>\r\n</li>\r\n<li>Try to make your top layer active, and then apply a drop shadow. Reapply the same shadow a few times, and it will make the foreground appear to pop out from the background.</li>\r\n</ul>\r\n<p><a style=\"font-weight: bold;\" href=\"https://gibbon.ichk.edu.hk/uploads/2013/06/Foreground Pop Example_qd39pijmcdfx0enj.png\" target=\"_blank\"><img class=\"resource\" style=\"max-width: 500px; display: block; margin-left: auto; margin-right: auto;\" src=\"https://gibbon.ichk.edu.hk/uploads/2013/06/Foreground Pop Example_qd39pijmcdfx0enj.png\" alt=\"\" /></a></p>','',13,'N'),
	(00000000062224,000000005430,00000000000003,000000039681,'Playtime','Hands On','15','<ul>\r\n<li>You now have the remainder of the lesson to keep playing with your wallpaper.</li>\r\n<li>How can you improve the way your work looks?</li>\r\n</ul>','',14,'N'),
	(00000000062225,000000005430,00000000000004,000000039682,'Creative Commons License','Hands On','10','<ul>\r\n<li>As you are almost finished with your wallpaper, now is a good time to apply your Creative Commons License.</li>\r\n<li>Go to the <a style=\"font-weight: bold;\" href=\"http://creativecommons.org/choose\" target=\"_blank\">Creative Common License Chooser</a> and choose the license you want to use.</li>\r\n<li>Copy the license image and text to your work, and then add your attribution.</li>\r\n</ul>\r\n<hr />\r\n<p></p>\r\n<ul>\r\n<li><span style=\"background-color: #ff99cc;\"><strong>Going forward, you need to use Creative Commons for your ICT work, whenever you are</strong></span></li>\r\n<ul>\r\n<li><span style=\"background-color: #ff99cc;\"><strong>a) remixing work created by others or </strong></span></li>\r\n<li><span style=\"background-color: #ff99cc;\"><strong>b) creating work that you intend to share online</strong></span></li>\r\n</ul>\r\n</ul>','',15,'N'),
	(00000000062226,000000005430,00000000000004,000000039683,'Text Controls','Teacher Talk','10','<ul>\r\n<li>How much time do you spend thinking about text and font? Do you know any history?</li>\r\n</ul>\r\n<p><iframe width=\"560\" height=\"315\" style=\"display: block; margin-left: auto; margin-right: auto;\" src=\"//www.youtube.com/embed/wOgIkxAfJsk\" frameborder=\"0\"></iframe></p>\r\n<ul>\r\n<li>When using Acorn, you have lots of&nbsp; control over text and how it is displayed. Some useful controls include:\r\n<ul>\r\n<li>Font type</li>\r\n<li>Kerning</li>\r\n<li>Line height</li>\r\n<li>Size</li>\r\n<li>Color</li>\r\n</ul>\r\n</li>\r\n<li>You can also get more fonts to install on your computer, from sites such as <a href=\"http://www.1001freefonts.com\">http://www.1001freefonts.com</a>.</li>\r\n<li>Can you make the text on your work look more interesting?</li>\r\n</ul>','',16,'N'),
	(00000000062227,000000005430,00000000000004,000000039684,'Playtime','Hands On','50','<ul>\r\n<li>You now have the remainder of the lesson to keep playing with your wallpaper.</li>\r\n<li>How can you improve the way your work looks?</li>\r\n</ul>','',17,'N'),
	(00000000062228,000000005430,00000000000005,000000039685,'Finish, Export & Submit','Hands On','50','<ul>\r\n<li>You now have 35 minutes to put the finishing touches on your work.</li>\r\n<li>The video below might help you if you are stuck getting your CC license set up and put into Acorn:</li>\r\n</ul>\r\n<p style=\"text-align: center;\"><iframe width=\"560\" height=\"315\" src=\"https://www.youtube.com/embed/0NFLmAlTDVE?rel=0\" frameborder=\"0\" allowfullscreen=\"allowfullscreen\"></iframe></p>\r\n<ul>\r\n<li>Leave enough time to save your work as a PNG file: png files can be opened by people who don\'t have Acorn, and are also smaller than Acorn files. When you save, you will lose your layers though, so keep the Acorn file as well in case you want to go back and edit some more.</li>\r\n<li>Finally, submit your work to Gibbon.</li>\r\n</ul>','',18,'N'),
	(00000000062229,000000005430,00000000000005,000000039686,'Raster vs. Vector','Teacher Talk','20','<ul>\r\n<li>To finish this unit, let\'s consider the ideas of <span style=\"text-decoration: underline;\"><strong>raster</strong></span> and <span style=\"text-decoration: underline;\"><strong>vector</strong></span> graphics.</li>\r\n<li>See <em>Teachers Notes</em> for details.</li>\r\n</ul>','<ul>\r\n<li>Teacher to introduce students to how graphics are represented, stored and displayed on computers.</li>\r\n<li>Most graphics programs store graphics as raster images. <br />\r\n<ul>\r\n<li>What is a raster?</li>\r\n<li>When are rasters good?</li>\r\n<li>Example raster formats? What are their strengths and weaknesses.</li>\r\n</ul>\r\n</li>\r\n<li>Some programs store graphics as vector images\r\n<ul>\r\n<li>What is a vector?</li>\r\n<li>When are vectors good?</li>\r\n<li>Example vector formats?</li>\r\n</ul>\r\n</li>\r\n<li>The Acorn file format (.acorn) uses raster for most elements, but some things (like text) are stored as vectors.</li>\r\n<li>Students should use the .acorn format whilst working on the box.</li>\r\n</ul>',19,'N');

ALTER TABLE `gibbonUnitClassBlock` ENABLE KEYS;
UNLOCK TABLES;

DELETE FROM `gibbonDepartmentStaff` WHERE `gibbonPersonID` NOT IN (SELECT `gibbonPersonID` FROM `gibbonPerson`);
DELETE FROM `gibbonPermission` WHERE `gibbonPermission`.`gibbonActionID` NOT IN (SELECT `gibbonAction`.`gibbonActionID` FROM `gibbonAction`);
DELETE FROM `gibbonstaff` WHERE `gibbonstaff`.`gibbonPersonID` NOT IN (SELECT `gibbonPerson`.`gibbonPersonID` FROM `gibbonPerson`);

SET FOREIGN_KEY_CHECKS = 1;
