# noinspection SqlNoDataSourceInspectionForFile

SET FOREIGN_KEY_CHECKS = 0;

LOCK TABLES `gibbonActivity` WRITE;
ALTER TABLE `gibbonActivity` DISABLE KEYS;

INSERT INTO `gibbonActivity` (`gibbonActivityID`, `AcademicYearID`, `active`, `registration`, `name`, `provider`, `type`, `gibbonAcademicYearTermIDList`, `listingStart`, `listingEnd`, `programStart`, `programEnd`, `gibbonYearGroupIDList`, `maxParticipants`, `description`, `payment`, `paymentType`, `paymentFirmness`)
VALUES
	(00002180,025,'Y','Y','T3 Tues Japanese Drumming ','School','Action','00033',NULL,NULL,NULL,NULL,'001,002,003,004,005,006,007',6,'',0.00,'Per GibbonSession','Finalised'),
	(00002182,025,'Y','Y','T3 Tues Blogging and Creative Writing','School','Service','00033',NULL,NULL,NULL,NULL,'001,002,003,004,005,006,007',25,'',0.00,'Per GibbonSession','Finalised'),
	(00002183,025,'Y','Y','T3 Tues Calligraphy','School','Creativity','00033',NULL,NULL,NULL,NULL,'001,002,003,004,005,006,007',25,'',0.00,'Per GibbonSession','Finalised'),
	(00002185,025,'Y','Y','T3 Tues Cycling','School','Action','00033',NULL,NULL,NULL,NULL,'001,002,003,004,005,006,007',18,'',0.00,'Per GibbonSession','Finalised'),
	(00002187,025,'Y','Y','T3 Tues Gym','School','Action','00033',NULL,NULL,NULL,NULL,'004,005,006,007',10,'',0.00,'Per GibbonSession','Finalised'),
	(00002188,025,'Y','Y','T3 Tues Gymnastics','School','','00033',NULL,NULL,NULL,NULL,'001,002,003,004,005,006,007',10,'',0.00,'Per GibbonSession','Finalised'),
	(00002189,025,'Y','Y','T3 Tues Horse Riding','School','Creativity','00033',NULL,NULL,NULL,NULL,'001,002,003,004,005,006,007',16,'',0.00,'Per GibbonSession','Finalised'),
	(00002190,025,'Y','Y','T3 Tues Juggling','School','Action','00033',NULL,NULL,NULL,NULL,'001,002,003,004,005,006,007',20,'',0.00,'Per GibbonSession','Finalised'),
	(00002191,025,'Y','Y','T3 Tues Kendo','School','','00033',NULL,NULL,NULL,NULL,'001,002,003,004,005,006,007',20,'',0.00,'Per GibbonSession','Finalised'),
	(00002192,025,'Y','Y','T3 Tues Library Support','School','Service','00033',NULL,NULL,NULL,NULL,'001,002,003,004,005,006,007',11,'',0.00,'Per GibbonSession','Finalised'),
	(00002195,025,'Y','Y','T3 Tues Primary School Reading','School','Service','00033',NULL,NULL,NULL,NULL,'004,005,006,007',20,'',0.00,'Per GibbonSession','Finalised'),
	(00002196,025,'Y','Y','T3 Tues Project: G','School','Action','00033',NULL,NULL,NULL,NULL,'001,002,003,004,005,006,007',30,'',0.00,'Per GibbonSession','Finalised'),
	(00002197,025,'Y','Y','T3 Tues School Media','School','Creativity','00033',NULL,NULL,NULL,NULL,'001,002,003,004,005,006,007',50,'',0.00,'Per GibbonSession','Finalised'),
	(00002199,025,'Y','Y','T3 Tues Table Tennis','School','Action','00033',NULL,NULL,NULL,NULL,'001,002,003,004,005,006,007',20,'',0.00,'Per GibbonSession','Finalised'),
	(00002201,025,'Y','Y','T3 Tues Tennis','School','Action','00033',NULL,NULL,NULL,NULL,'001,002,003,004,005,006,007',20,'',0.00,'Per GibbonSession','Finalised'),
	(00002202,025,'Y','Y','T3 Tues Touch U14 Boys','School','Action','00033',NULL,NULL,NULL,NULL,'001,002,003',30,'',0.00,'Per GibbonSession','Finalised'),
	(00002203,025,'Y','Y','T3 Tues Touch U14 Girls','School','Action','00033',NULL,NULL,NULL,NULL,'001,002,003',30,'',0.00,'Per GibbonSession','Finalised'),
	(00002204,025,'Y','Y','T3 Tues Touch U20 Boys','School','Action','00033',NULL,NULL,NULL,NULL,'004,005,006,007',30,'',0.00,'Per GibbonSession','Finalised'),
	(00002205,025,'Y','Y','T3 Tues Touch U20 Girls','School','Action','00033',NULL,NULL,NULL,NULL,'004,005,006,007',30,'',0.00,'Per GibbonSession','Finalised'),
	(00002206,025,'Y','Y','T3 Tues U12 Football','School','Action','00033',NULL,NULL,NULL,NULL,'001',20,'',0.00,'Per GibbonSession','Finalised'),
	(00002207,025,'Y','Y','T3 Tues Volleyball','School','Action','00033',NULL,NULL,NULL,NULL,'001,002,003,004,005,006,007',20,'',0.00,'Per GibbonSession','Finalised'),
	(00002210,025,'Y','Y','T1-T3 Wed Girls Judo ','School','Action','00031',NULL,NULL,NULL,NULL,'001,002,003,004,005,006,007',20,'',0.00,'Per GibbonSession','Finalised'),
	(00002221,025,'Y','Y','T2 Tues Community Art','School','Creativity','00032',NULL,NULL,NULL,NULL,'001,002,003,004,005,006,007',20,'',0.00,'Per GibbonSession','Finalised'),
	(00002222,025,'Y','Y','T2 Tues Cycling','School','Action','00032',NULL,NULL,NULL,NULL,'001,002,003,004,005,006,007',20,'',0.00,'Per GibbonSession','Finalised'),
	(00002224,025,'Y','Y','T2 Tues Gym','School','Action','00032',NULL,NULL,NULL,NULL,'004,005,006,007',10,'',0.00,'Per GibbonSession','Finalised'),
	(00002225,025,'Y','Y','T2 Tues Gymnastics','School','Action','00032',NULL,NULL,NULL,NULL,'001,002,003,004,005,006,007',10,'',0.00,'Per GibbonSession','Finalised'),
	(00002226,025,'Y','Y','T2 Tues Horse Riding','School','Creativity','00032',NULL,NULL,NULL,NULL,'001,002,003,004,005,006,007',16,'',0.00,'Per GibbonSession','Finalised'),
	(00002228,025,'Y','Y','T2 Tues Juggling','School','Action','00032',NULL,NULL,NULL,NULL,'001,002,003,004,005,006,007',20,'',0.00,'Per GibbonSession','Finalised'),
	(00002229,025,'Y','Y','T2 Tues Kendo','School','Action','00032',NULL,NULL,NULL,NULL,'001,002,003,004,005,006,007',20,'',0.00,'Per GibbonSession','Finalised'),
	(00002230,025,'Y','Y','T2 Tues Library Support','School','Service','00032',NULL,NULL,NULL,NULL,'001,002,003,004,005,006,007',5,'',0.00,'Per GibbonSession','Finalised'),
	(00002231,025,'Y','Y','T2 Tues MUN/History Bee & Bowl','School','Service','00032',NULL,NULL,NULL,NULL,'001,002,003,004,005,006,007',20,'',0.00,'Per GibbonSession','Finalised'),
	(00002232,025,'Y','Y','T2 Tues Primary - Teaching to Read','School','Service','00032',NULL,NULL,NULL,NULL,'001,002,003,004,005,006,007',20,'',0.00,'Per GibbonSession','Finalised'),
	(00002233,025,'Y','Y','T2 Tues Project: G','School','Service','00032',NULL,NULL,NULL,NULL,'001,002,003,004,005,006,007',30,'',0.00,'Per GibbonSession','Finalised'),
	(00002234,025,'Y','Y','T2 Tues Squash','School','Action','00032',NULL,NULL,NULL,NULL,'001,002,003,004,005,006,007',8,'',0.00,'Per GibbonSession','Finalised'),
	(00002236,025,'Y','Y','T2 Tues Tennis','School','Action','00032',NULL,NULL,NULL,NULL,'001,002,003,004,005,006,007',20,'',0.00,'Per GibbonSession','Finalised'),
	(00002237,025,'Y','Y','T2 Tues Touch Mixed','School','Action','00032',NULL,NULL,NULL,NULL,'001,002,003,004,005,006,007',30,'',0.00,'Per GibbonSession','Finalised'),
	(00002240,025,'Y','Y','T2 Tues U16 Basketball','School','Action','00032',NULL,NULL,NULL,NULL,'001,002,003,004,005,006',20,'',0.00,'Per GibbonSession','Finalised'),
	(00002241,025,'Y','Y','T2 Tues Volleyball','School','Action','00032',NULL,NULL,NULL,NULL,'001,002,003,004,005,006,007',20,'',0.00,'Per GibbonSession','Finalised'),
	(00002242,025,'Y','Y','T2-T3 Wed Speed Training ','School','Action','00032',NULL,NULL,NULL,NULL,'001,002,003,004,005,006,007',20,'',0.00,'Per GibbonSession','Finalised'),
	(00002249,025,'Y','Y','T2 Tues ICT Extension','School','Creativity','00032',NULL,NULL,NULL,NULL,'001,002,003,004,005,006,007',15,'',0.00,'Per GibbonSession','Finalised'),
	(00002254,025,'Y','Y','T1 Tues Blogging and Creative Writing','School','Creativity','00031',NULL,NULL,NULL,NULL,'001,002,003,004,005,006,007',25,'',0.00,'Per GibbonSession','Finalised'),
	(00002255,025,'Y','Y','T1 Tues Calligraphy','School','Creativity','00031',NULL,NULL,NULL,NULL,'001,002,003,004,005,006,007',20,'',0.00,'Per GibbonSession','Finalised'),
	(00002257,025,'Y','Y','T1 Tues Community Art','School','Service','00031',NULL,NULL,NULL,NULL,'001,002,003,004,005,006,007',10,'',0.00,'Per GibbonSession','Finalised'),
	(00002258,025,'Y','Y','T1 Tues Cycling','School','Action','00031',NULL,NULL,NULL,NULL,'001,002,003,004,005,006,007',20,'',0.00,'Per GibbonSession','Finalised'),
	(00002260,025,'Y','Y','T1 Tues Gym','School','Action','00031',NULL,NULL,NULL,NULL,'004,005,006,007',12,'',0.00,'Per GibbonSession','Finalised'),
	(00002261,025,'Y','Y','T1 Tues Gymnastics','School','Action','00031',NULL,NULL,NULL,NULL,'001,002,003,004,005,006,007',10,'',0.00,'Per GibbonSession','Finalised'),
	(00002263,025,'Y','Y','T3 Tues Art of Physical Labour','School','Action','00033',NULL,NULL,NULL,NULL,'001,002,003,004,005,006,007',20,'',0.00,'Per GibbonSession','Finalised'),
	(00002265,025,'Y','Y','T3 Tues Health and Fitness','School','Creativity','00033',NULL,NULL,NULL,NULL,'001,002,003,004,005,006,007',20,'',0.00,'Per GibbonSession','Finalised'),
	(00002266,025,'Y','Y','T3 Tues Ultimate Frisbee','School','Action','00033',NULL,NULL,NULL,NULL,'001,002,003,004,005,006,007',20,'',0.00,'Per GibbonSession',NULL),
	(00002267,025,'Y','Y','T3 Tues Yoga','School','Action','00033',NULL,NULL,NULL,NULL,'004,005,006,007',20,'',0.00,'Per GibbonSession','Finalised'),
	(00002268,025,'Y','Y','T2 Tues Art of Physical Labour','School','Action','00032',NULL,NULL,NULL,NULL,'001,002,003,004,005,006,007',20,'',0.00,'Per GibbonSession','Finalised'),
	(00002269,025,'Y','Y','T2 Tues Track and Field','School','Action','00032',NULL,NULL,NULL,NULL,'001,002,003,004,005,006,007',20,'',0.00,'Per GibbonSession','Finalised'),
	(00002270,025,'Y','Y','T2 Tues Calligraphy','School','Creativity','00032',NULL,NULL,NULL,NULL,'001,002,003,004,005,006,007',20,'',0.00,'Per GibbonSession',NULL),
	(00002271,025,'Y','Y','T2 Tues Bouldering','School','Action','00032',NULL,NULL,NULL,NULL,'001,002,003,004,005,006,007',20,'',0.00,'Per GibbonSession','Finalised'),
	(00002273,025,'Y','Y','T2 Tues Health and Fitness','School','Action','00032',NULL,NULL,NULL,NULL,'001,002,003,004,005,006,007',20,'',0.00,'Per GibbonSession','Finalised'),
	(00002274,025,'Y','Y','T2 Tues Japanese Drumming ','School','','00032',NULL,NULL,NULL,NULL,'001,002,003,004,005,006,007',6,'',0.00,'Per GibbonSession','Finalised'),
	(00002275,025,'Y','Y','T2 Tues Science Lab Skills','School','Creativity','00032',NULL,NULL,NULL,NULL,'001,002,003,004,005,006,007',20,'',0.00,'Per GibbonSession','Finalised'),
	(00002276,025,'Y','Y','T2 Tues Sewing and Textiles','School','','00032',NULL,NULL,NULL,NULL,'001,002,003,004,005,006,007',10,'',0.00,'Per GibbonSession','Finalised'),
	(00002277,025,'Y','Y','T2 Tues Table Tennis','School','','00032',NULL,NULL,NULL,NULL,'001,002,003,004,005,006,007',20,'',0.00,'Per GibbonSession','Finalised'),
	(00002278,025,'Y','Y','T2 Tues Yoga','School','','00032',NULL,NULL,NULL,NULL,'004,005,006,007',20,'',0.00,'Per GibbonSession','Finalised'),
	(00002281,025,'Y','Y','T1 Tues Juggling','School','Action','00031',NULL,NULL,NULL,NULL,'001,002,003,004,005,006,007',20,'',0.00,'Per GibbonSession','Finalised'),
	(00002282,025,'Y','Y','T1 Tues Kendo','School','Action','00031',NULL,NULL,NULL,NULL,'001,002,003,004,005,006,007',25,'',0.00,'Per GibbonSession','Finalised'),
	(00002283,025,'Y','Y','T1 Tues Library Support','School','Service','00031',NULL,NULL,NULL,NULL,'001,002,003,004,005,006,007',5,'',0.00,'Per GibbonSession','Finalised'),
	(00002285,025,'Y','Y','T1 Tues MUN/History Bee & Bowl','School','Service','00031',NULL,NULL,NULL,NULL,'001,002,003,004,005,006,007',20,'',0.00,'Per GibbonSession','Finalised'),
	(00002286,025,'Y','Y','T1 Tues Primary - Teaching to Read','School','Service','00031',NULL,NULL,NULL,NULL,'004,005,006,007',20,'',0.00,'Per GibbonSession','Finalised'),
	(00002287,025,'Y','Y','T1 Tues Project: G','School','Creativity','00031',NULL,NULL,NULL,NULL,'001,002,003,004,005,006,007',30,'',0.00,'Per GibbonSession','Finalised'),
	(00002290,025,'Y','Y','T1 Tues Swimming','School','Action','00031',NULL,NULL,NULL,NULL,'001,002,003,004,005,006,007',10,'',0.00,'Per GibbonSession','Finalised'),
	(00002291,025,'Y','Y','T1 Tues Table Tennis','School','Action','00031',NULL,NULL,NULL,NULL,'001,002,003,004,005,006,007',20,'',0.00,'Per GibbonSession','Finalised'),
	(00002293,025,'Y','Y','T1 Tues Tennis','School','Action','00031',NULL,NULL,NULL,NULL,'001,002,003,004,005,006,007',20,'',0.00,'Per GibbonSession','Finalised'),
	(00002294,025,'Y','Y','T1 Tues U14 Girls Football','School','Action','00031',NULL,NULL,NULL,NULL,'001,002,003',50,'',0.00,'Per GibbonSession','Finalised'),
	(00002296,025,'Y','Y','T1 Tues U14-U16 Dodgeball ','School','Action','00031',NULL,NULL,NULL,NULL,'003,004,005,006',20,'',0.00,'Per GibbonSession',NULL),
	(00002297,025,'Y','Y','T1 Tues U16 Basketball','School','Action','00031',NULL,NULL,NULL,NULL,'001,002,003,004,005,006',30,'',0.00,'Per GibbonSession','Finalised'),
	(00002298,025,'Y','Y','T1 Tues Volleyball','School','Action','00031',NULL,NULL,NULL,NULL,'001,002,003,004,005,006,007',20,'',0.00,'Per GibbonSession','Finalised'),
	(00002299,025,'Y','Y','T1 Tues Wakeboarding','School','Action','00031',NULL,NULL,NULL,NULL,'001,002,003,004,005,006,007',10,'',0.00,'Per GibbonSession','Finalised'),
	(00002305,025,'Y','Y','T1 Tues Health and Fitness','School','Creativity','00031',NULL,NULL,NULL,NULL,'001,002,003,004,005,006,007',20,'',0.00,'Per GibbonSession','Finalised'),
	(00002306,025,'Y','Y','T1 Tues Squash','School','Action','00031',NULL,NULL,NULL,NULL,'001,002,003,004,005,006,007',8,'',0.00,'Per GibbonSession','Finalised'),
	(00002308,025,'Y','Y','T1 Tues ICT Extension ','School','Creativity','00031',NULL,NULL,NULL,NULL,'001,002,003,004,005,006,007',15,'',0.00,'Per GibbonSession','Finalised'),
	(00002309,025,'Y','Y','T1 Tues Japanese Drumming','School','','00031',NULL,NULL,NULL,NULL,'001,002,003,004,005,006,007',6,'',0.00,'Per GibbonSession','Finalised'),
	(00002310,025,'Y','Y','T1 Tues Science Lab Skills ','School','Creativity','00031',NULL,NULL,NULL,NULL,'006,007',20,'',0.00,'Per GibbonSession','Finalised'),
	(00002311,025,'Y','Y','T1 Tues Yoga ','School','Action','00031',NULL,NULL,NULL,NULL,'004,005,006,007',20,'',0.00,'Per GibbonSession','Finalised'),
	(00002312,025,'Y','Y','T1 Tues Touch - Winter League Training ','School','Action','00031',NULL,NULL,NULL,NULL,'001,002,003,004,005,006,007',50,'',0.00,'Per GibbonSession','Finalised'),
	(00002315,025,'Y','Y','T1 Tues Singapore Squad 2018','School','Action','00031',NULL,NULL,NULL,NULL,'001,002,003,004,005,006,007',60,'',0.00,'Per GibbonSession','Finalised'),
	(00002316,025,'Y','Y','T1 Wed Speed Training','School','','00031',NULL,NULL,NULL,NULL,'001,002,003,004,005,006,007',20,'',0.00,'Per GibbonSession','Finalised'),
	(00002317,025,'Y','Y','T1 Tues Social Entrepreneurship','School','Creativity','00031',NULL,NULL,NULL,NULL,'001,002,003,004,005,006,007',20,'',0.00,'Per GibbonSession','Finalised'),
	(00002318,025,'Y','Y','T2 Tues Social Entrepreneurship','School','Service','00032',NULL,NULL,NULL,NULL,'001,002,003,004,005,006,007',20,'',0.00,'Per GibbonSession','Finalised'),
	(00002319,025,'Y','Y','T3 Tues Social Entrepreneurship','School','Creativity','00033',NULL,NULL,NULL,NULL,'001,002,003,004,005,006,007',20,'',0.00,'Per GibbonSession','Finalised'),
	(00002320,025,'Y','Y','T1 Tues Manga Drawing Club','School','','00031',NULL,NULL,NULL,NULL,'001,002,003,004,005,006,007',15,'',0.00,'Per GibbonSession','Finalised'),
	(00002321,025,'Y','Y','T1 Tues Sewing skill','School','Creativity','00031',NULL,NULL,NULL,NULL,'001,002,003,004,005,006,007',10,'',0.00,'Per GibbonSession','Finalised'),
	(00002322,025,'Y','N','Saturday Volleyball Practice','School','Action','00031',NULL,NULL,NULL,NULL,'001,002,003,004,005,006,007',50,'',0.00,'Per GibbonSession','Finalised'),
	(00002323,025,'Y','Y','T2 Tues Sewing skill','School','Creativity','00032',NULL,NULL,NULL,NULL,'001,002,003,004,005,006,007',10,'',0.00,'Per GibbonSession',NULL),
	(00002324,025,'Y','Y','T2 Tues Wakeboarding ','School','Action','00032',NULL,NULL,NULL,NULL,'001,002,003,004,005,006,007',10,'',0.00,'Per GibbonSession',NULL),
	(00002325,025,'Y','Y','T3 Tues Wakeboarding','School','Action','00033',NULL,NULL,NULL,NULL,'001,002,003,004,005,006,007',10,'',0.00,'Per GibbonSession','Finalised'),
	(00002326,025,'Y','Y','T1 Wed Wakeboarding ','School','Action','00031',NULL,NULL,NULL,NULL,'001,002,003,004,005,006,007',10,'',0.00,'Per GibbonSession','Finalised'),
	(00002328,025,'Y','Y','T1 Tues U14 Boys Football','School','Action','00031',NULL,NULL,NULL,NULL,'001,002,003',50,'',0.00,'Per GibbonSession','Finalised'),
	(00002329,025,'Y','Y','T3 Tues Community Art','School','Creativity','00033',NULL,NULL,NULL,NULL,'001,002,003,004,005,006,007',20,'',0.00,'Per GibbonSession',NULL),
	(00002330,025,'Y','N','HKAYP','School','Creativity','00031',NULL,NULL,NULL,NULL,'001,002,003,004,005,006,007',50,'',0.00,'Per GibbonSession','Finalised'),
	(00002332,025,'Y','N','T1 Tues Climbing','School','Action','00031',NULL,NULL,NULL,NULL,'001,002,003,004,005,006,007',20,'',0.00,'Per GibbonSession','Finalised'),
	(00002334,025,'Y','N','U12 Track and Field Team ','School','Action','00031',NULL,NULL,NULL,NULL,'001,002,003,004,005,006,007',50,'',0.00,'Per GibbonSession','Finalised'),
	(00002335,025,'Y','N','U14 Track and Field Team','School','Action','00031',NULL,NULL,NULL,NULL,'001,002,003,004,005,006,007',50,'',0.00,'Per GibbonSession','Finalised');

ALTER TABLE `gibbonActivity` ENABLE KEYS;
UNLOCK TABLES;


# Dump of table gibbonActivitySlot
# ------------------------------------------------------------

LOCK TABLES `gibbonActivitySlot` WRITE;
ALTER TABLE `gibbonActivitySlot` DISABLE KEYS;

INSERT INTO `gibbonActivitySlot` (`gibbonActivitySlotID`, `gibbonActivityID`, `gibbonSpaceID`, `locationExternal`, `gibbonDaysOfWeekID`, `timeStart`, `timeEnd`)
VALUES
	(0000001395,00002182,00004,'',02,'14:20:00','15:30:00'),
	(0000001396,00002183,00047,'',02,'14:20:00','15:30:00'),
	(0000001398,00002185,NULL,'',02,'14:20:00','15:30:00'),
	(0000001403,00002189,NULL,'',02,'14:20:00','16:30:00'),
	(0000001404,00002190,00006,'',02,'14:20:00','15:30:00'),
	(0000001405,00002191,00014,'',02,'14:20:00','15:30:00'),
	(0000001406,00002192,00013,'',02,'14:20:00','15:30:00'),
	(0000001409,00002195,NULL,'',02,'15:30:00','16:30:00'),
	(0000001410,00002196,NULL,'',02,'14:20:00','15:30:00'),
	(0000001411,00002197,00009,'',02,'14:20:00','15:30:00'),
	(0000001413,00002199,00012,'',02,'14:20:00','15:30:00'),
	(0000001416,00002202,NULL,'',02,'14:20:00','16:30:00'),
	(0000001418,00002203,NULL,'',02,'14:20:00','16:30:00'),
	(0000001419,00002204,NULL,'',02,'14:20:00','16:30:00'),
	(0000001420,00002205,NULL,'',02,'14:20:00','16:30:00'),
	(0000001421,00002206,NULL,'',02,'14:20:00','16:30:00'),
	(0000001422,00002207,00041,'',02,'14:20:00','15:30:00'),
	(0000001424,00002210,00014,'',03,'15:00:00','16:30:00'),
	(0000001428,00002221,00007,'',02,'14:20:00','15:30:00'),
	(0000001429,00002222,NULL,'',02,'14:20:00','15:30:00'),
	(0000001431,00002224,NULL,'',02,'14:20:00','16:00:00'),
	(0000001432,00002225,00057,'',02,'14:20:00','15:30:00'),
	(0000001433,00002226,NULL,'',02,'14:20:00','16:30:00'),
	(0000001435,00002228,00006,'',02,'14:20:00','15:30:00'),
	(0000001437,00002230,00013,'',02,'14:20:00','15:30:00'),
	(0000001438,00002231,00031,'',02,'14:20:00','15:30:00'),
	(0000001439,00002232,NULL,'',02,'15:30:00','16:30:00'),
	(0000001440,00002233,NULL,'',02,'14:20:00','15:30:00'),
	(0000001441,00002234,NULL,'',02,'14:20:00','16:00:00'),
	(0000001443,00002236,NULL,'',02,'14:20:00','16:00:00'),
	(0000001444,00002237,NULL,'',02,'14:20:00','16:30:00'),
	(0000001447,00002240,00015,'',02,'14:20:00','15:30:00'),
	(0000001448,00002241,00041,'',02,'14:20:00','15:30:00'),
	(0000001452,00002254,00004,'',02,'14:20:00','15:30:00'),
	(0000001453,00002255,00047,'',02,'14:20:00','15:30:00'),
	(0000001455,00002257,00007,'',02,'14:20:00','15:30:00'),
	(0000001456,00002258,00015,'',02,'14:20:00','15:30:00'),
	(0000001458,00002260,NULL,'',02,'14:20:00','16:00:00'),
	(0000001459,00002261,00051,'',02,'14:20:00','15:30:00'),
	(0000001461,00002187,NULL,'',02,'14:20:00','16:00:00'),
	(0000001462,00002188,00057,'',02,'14:20:00','15:30:00'),
	(0000001463,00002201,NULL,'',02,'14:20:00','16:00:00'),
	(0000001464,00002263,00056,'',02,'14:20:00','15:30:00'),
	(0000001466,00002265,00014,'',02,'14:20:00','15:30:00'),
	(0000001467,00002266,00015,'',02,'14:20:00','15:30:00'),
	(0000001468,00002267,00058,'',02,'14:20:00','15:30:00'),
	(0000001469,00002229,00014,'',02,'14:20:00','15:30:00'),
	(0000001470,00002242,00015,'',03,'15:00:00','16:30:00'),
	(0000001471,00002249,00009,'',02,'14:20:00','15:30:00'),
	(0000001472,00002268,00056,'',02,'14:20:00','15:30:00'),
	(0000001474,00002270,00047,'',02,'14:20:00','15:30:00'),
	(0000001475,00002271,NULL,'',02,'14:20:00','15:30:00'),
	(0000001477,00002273,00017,'',02,'14:20:00','15:30:00'),
	(0000001478,00002274,NULL,'',02,'15:00:00','16:00:00'),
	(0000001479,00002275,00022,'',02,'14:20:00','15:30:00'),
	(0000001480,00002276,00005,'',02,'14:20:00','15:30:00'),
	(0000001481,00002277,00012,'',02,'14:20:00','15:30:00'),
	(0000001482,00002278,00058,'',02,'14:20:00','15:30:00'),
	(0000001484,00002281,00006,'',02,'14:20:00','15:30:00'),
	(0000001485,00002282,00014,'',02,'14:20:00','15:30:00'),
	(0000001486,00002283,00013,'',02,'14:20:00','15:30:00'),
	(0000001488,00002285,00031,'',02,'14:20:00','15:30:00'),
	(0000001489,00002286,NULL,'',02,'15:30:00','16:30:00'),
	(0000001490,00002287,NULL,'',02,'14:20:00','15:30:00'),
	(0000001493,00002290,NULL,'',02,'14:20:00','16:00:00'),
	(0000001494,00002291,00012,'',02,'14:20:00','15:30:00'),
	(0000001496,00002293,NULL,'',02,'14:20:00','16:00:00'),
	(0000001497,00002294,NULL,'',02,'14:00:00','16:30:00'),
	(0000001499,00002296,00014,'',02,'14:20:00','15:30:00'),
	(0000001500,00002297,00015,'',02,'14:20:00','15:30:00'),
	(0000001501,00002298,NULL,'',02,'14:20:00','17:00:00'),
	(0000001502,00002299,NULL,'',02,'14:20:00','18:00:00'),
	(0000001504,00002305,00017,'',02,'14:20:00','15:30:00'),
	(0000001505,00002306,NULL,'',02,'14:20:00','16:00:00'),
	(0000001507,00002308,00009,'',02,'14:20:00','15:30:00'),
	(0000001508,00002309,NULL,'',02,'15:00:00','16:00:00'),
	(0000001509,00002310,00022,'',02,'14:20:00','15:30:00'),
	(0000001510,00002311,00058,'',02,'14:20:00','15:30:00'),
	(0000001511,00002312,NULL,'',02,'14:20:00','16:30:00'),
	(0000001512,00002316,NULL,'',03,'15:00:00','16:00:00'),
	(0000001513,00002317,00030,'',02,'14:20:00','15:30:00'),
	(0000001514,00002318,00030,'',02,'14:20:00','15:30:00'),
	(0000001515,00002319,00030,'',02,'14:20:00','15:30:00'),
	(0000001516,00002320,00002,'',02,'14:20:00','15:30:00'),
	(0000001517,00002321,00013,'',02,'14:20:00','15:30:00'),
	(0000001518,00002322,00041,'',06,'09:00:00','12:00:00'),
	(0000001519,00002315,NULL,'',02,'14:20:00','16:30:00'),
	(0000001520,00002323,00013,'',02,'14:20:00','15:30:00'),
	(0000001521,00002324,NULL,'',02,'14:20:00','18:00:00'),
	(0000001522,00002325,NULL,'',02,'14:20:00','18:00:00'),
	(0000001523,00002326,NULL,'',02,'14:20:00','18:00:00'),
	(0000001524,00002328,NULL,'',02,'14:00:00','16:30:00'),
	(0000001525,00002329,00007,'',02,'14:20:00','15:30:00'),
	(0000001526,00002332,00014,'',02,'14:20:00','15:30:00'),
	(0000001527,00002269,NULL,'',02,'14:20:00','15:30:00');

ALTER TABLE `gibbonActivitySlot` ENABLE KEYS;
UNLOCK TABLES;


# Dump of table gibbonActivityStaff
# ------------------------------------------------------------

LOCK TABLES `gibbonActivityStaff` WRITE;
ALTER TABLE `gibbonActivityStaff` DISABLE KEYS;

INSERT INTO `gibbonactivitystaff` (`gibbonActivityStaffID`, `role`, `gibbonActivityID`, `gibbonPersonID`) VALUES
(00002193, 'Organiser', 00002182, 0000000867),
(00002195, 'Organiser', 00002183, 0000001119),
(00002200, 'Organiser', 00002185, 0000001506),
(00002204, 'Organiser', 00002185, 0000002027),
(00002207, 'Organiser', 00002187, 0000000144),
(00002208, 'Organiser', 00002188, 0000000119),
(00002210, 'Organiser', 00002190, 0000001778),
(00002211, 'Organiser', 00002191, 0000000119),
(00002212, 'Organiser', 00002192, 0000000689),
(00002217, 'Organiser', 00002195, 0000001117),
(00002218, 'Organiser', 00002196, 0000000866),
(00002220, 'Organiser', 00002197, 0000000375),
(00002224, 'Organiser', 00002199, 0000000870),
(00002226, 'Organiser', 00002201, 0000000120),
(00002227, 'Organiser', 00002202, 0000000373),
(00002228, 'Coach', 00002203, 0000000198),
(00002231, 'Organiser', 00002206, 0000001776),
(00002232, 'Organiser', 00002207, 0000000869),
(00002233, 'Organiser', 00002207, 0000001502),
(00002262, 'Organiser', 00002221, 0000000374),
(00002270, 'Organiser', 00002224, 0000000144),
(00002271, 'Organiser', 00002225, 0000000119),
(00002274, 'Organiser', 00002226, 0000000140),
(00002278, 'Organiser', 00002228, 0000001778),
(00002279, 'Organiser', 00002229, 0000000119),
(00002280, 'Organiser', 00002230, 0000000689),
(00002281, 'Organiser', 00002231, 0000000124),
(00002282, 'Organiser', 00002231, 0000002027),
(00002284, 'Organiser', 00002232, 0000001117),
(00002285, 'Organiser', 00002233, 0000000866),
(00002286, 'Organiser', 00002234, 0000000870),
(00002288, 'Other', 00002236, 0000000144),
(00002295, 'Coach', 00002240, 0000000120),
(00002297, 'Coach', 00002241, 0000000869),
(00002299, 'Organiser', 00002241, 0000001502),
(00002317, 'Organiser', 00002254, 0000000867),
(00002319, 'Organiser', 00002255, 0000001119),
(00002323, 'Organiser', 00002257, 0000000374),
(00002330, 'Organiser', 00002261, 0000000119),
(00002332, 'Organiser', 00002183, 0000000589),
(00002333, 'Organiser', 00002185, 0000002326),
(00002334, 'Organiser', 00002185, 0000001518),
(00002335, 'Organiser', 00002196, 0000002026),
(00002336, 'Organiser', 00002199, 0000002347),
(00002337, 'Organiser', 00002204, 0000000119),
(00002338, 'Organiser', 00002205, 0000002134),
(00002339, 'Coach', 00002210, 0000000192),
(00002340, 'Organiser', 00002263, 0000002289),
(00002342, 'Organiser', 00002265, 0000001104),
(00002344, 'Coach', 00002267, 0000001123),
(00002345, 'Organiser', 00002222, 0000001518),
(00002346, 'Organiser', 00002222, 0000002326),
(00002347, 'Organiser', 00002222, 0000000870),
(00002349, 'Organiser', 00002237, 0000001776),
(00002350, 'Organiser', 00002237, 0000002134),
(00002351, 'Organiser', 00002268, 0000002289),
(00002352, 'Organiser', 00002269, 0000000373),
(00002353, 'Organiser', 00002270, 0000001119),
(00002354, 'Organiser', 00002270, 0000000589),
(00002355, 'Organiser', 00002271, 0000000119),
(00002357, 'Organiser', 00002273, 0000001104),
(00002358, 'Organiser', 00002274, 0000001122),
(00002359, 'Organiser', 00002275, 0000002026),
(00002360, 'Organiser', 00002276, 0000000375),
(00002361, 'Organiser', 00002277, 0000002347),
(00002362, 'Organiser', 00002277, 0000000198),
(00002363, 'Organiser', 00002278, 0000001123),
(00002364, 'Organiser', 00002255, 0000000589),
(00002365, 'Organiser', 00002258, 0000001518),
(00002368, 'Organiser', 00002258, 0000002326),
(00002370, 'Organiser', 00002260, 0000000144),
(00002372, 'Organiser', 00002281, 0000001778),
(00002373, 'Organiser', 00002282, 0000000119),
(00002374, 'Organiser', 00002283, 0000000689),
(00002379, 'Organiser', 00002285, 0000000124),
(00002380, 'Organiser', 00002285, 0000002027),
(00002381, 'Organiser', 00002286, 0000001117),
(00002382, 'Organiser', 00002287, 0000000866),
(00002383, 'Organiser', 00002287, 0000001506),
(00002397, 'Coach', 00002294, 0000001777),
(00002406, 'Organiser', 00002297, 0000000120),
(00002408, 'Coach', 00002298, 0000000869),
(00002409, 'Coach', 00002298, 0000001502),
(00002410, 'Organiser', 00002299, 0000000119),
(00002420, 'Organiser', 00002305, 0000001104),
(00002421, 'Organiser', 00002290, 0000000144),
(00002422, 'Organiser', 00002291, 0000002347),
(00002423, 'Organiser', 00002293, 0000000144),
(00002425, 'Organiser', 00002296, 0000000140),
(00002427, 'Organiser', 00002306, 0000000198),
(00002430, 'Organiser', 00002309, 0000001122),
(00002431, 'Organiser', 00002310, 0000002026),
(00002432, 'Coach', 00002311, 0000001123),
(00002433, 'Organiser', 00002312, 0000000119),
(00002438, 'Coach', 00002315, 0000000373),
(00002439, 'Coach', 00002315, 0000000870),
(00002440, 'Organiser', 00002242, 0000001776),
(00002441, 'Coach', 00002316, 0000001776),
(00002442, 'Organiser', 00002317, 0000002028),
(00002443, 'Organiser', 00002318, 0000002028),
(00002444, 'Organiser', 00002319, 0000002028),
(00002446, 'Organiser', 00002296, 0000002134),
(00002447, 'Organiser', 00002321, 0000000689),
(00002448, 'Organiser', 00002322, 0000000869),
(00002449, 'Organiser', 00002320, 0000001474),
(00002450, 'Organiser', 00002320, 0000001086),
(00002451, 'Organiser', 00002323, 0000000689),
(00002452, 'Organiser', 00002324, 0000000119),
(00002453, 'Organiser', 00002325, 0000000119),
(00002454, 'Organiser', 00002326, 0000000119),
(00002456, 'Coach', 00002328, 0000001776),
(00002459, 'Organiser', 00002329, 0000000374),
(00002460, 'Organiser', 00002330, 0000000119),
(00002461, 'Organiser', 00002330, 0000002134),
(00002462, 'Assistant', 00002266, 0000001008),
(00002463, 'Assistant', 00002296, 0000001008),
(00002464, 'Assistant', 00002270, 0000001008),
(00002466, 'Organiser', 00002332, 0000000119),
(00002467, 'Organiser', 00002258, 0000002289),
(00002470, 'Organiser', 00002222, 0000001777),
(00002471, 'Organiser', 00002222, 0000001506),
(00002472, 'Organiser', 00002334, 0000000373),
(00002473, 'Organiser', 00002334, 0000000119),
(00002474, 'Organiser', 00002334, 0000002134),
(00002475, 'Organiser', 00002335, 0000000373),
(00002476, 'Organiser', 00002335, 0000000119),
(00002477, 'Organiser', 00002335, 0000002134),
(00002478, 'Organiser', 00002197, 0000001777),
(00002479, 'Organiser', 00002189, 0000000124),
(00002480, 'Organiser', 00002183, 0000001819);

ALTER TABLE `gibbonActivityStaff` ENABLE KEYS;
UNLOCK TABLES;


# Dump of table gibbonCourse
# ------------------------------------------------------------

LOCK TABLES `gibbonCourse` WRITE;
ALTER TABLE `gibbonCourse` DISABLE KEYS;

INSERT INTO `gibbonCourse` (`gibbonCourseID`, `AcademicYearID`, `gibbonDepartmentID`, `name`, `nameShort`, `description`, `map`, `gibbonYearGroupIDList`, `orderBy`)
VALUES
(00001218,025,2,'Year 10 Art','AR10','','Y','004',0),
(00001219,025,5,'Year 10 Chinese','CN10','','Y','004',0),
(00001220,025,2,'Year 10 Drama','DR10','','Y','004',0),
(00001221,025,3,'Year 10 Economics','EC10','','Y','004',0),
(00001222,025,4,'Year 10 English','EN10','','Y','004',0),
(00001223,025,12,'Year 10 Enrichment & Flow','ENF10','','Y','004',0),
(00001224,025,1,'Year 10 Environmental Management','EV10','','Y','004',0),
(00001225,025,3,'Year 10 History','HI10','','Y','004',0),
(00001226,025,12,'Year 10 Human Technologies','HT10','','Y','004',0),
(00001227,025,5,'Year 10 Japanese','JP10','','Y','004',0),
(00001228,025,11,'Year 10 Mathematics','MA10','','Y','004',0),
(00001229,025,2,'Year 10 Media Studies','ME10','','Y','004',0),
(00001230,025,6,'Year 10 Physical Education','PE10','','Y','004',0),
(00001231,025,1,'Year 10 Science','SC10','','Y','004',0),
(00001232,025,5,'Year 10 Self Study','SS10','','Y','004',0),
(00001233,025,5,'Year 10 Spanish','SP10','','Y','004',0),
(00001235,025,2,'Year 11 Art','AR11','','Y','005',0),
(00001236,025,5,'Year 11 Chinese','CN11','','Y','005',0),
(00001237,025,2,'Year 11 Drama','DR11','','Y','005',0),
(00001238,025,3,'Year 11 Economics','EC11','','Y','005',0),
(00001239,025,4,'Year 11 English','EN11','','Y','005',0),
(00001240,025,12,'Year 11 Enrichment & Flow','ENF11','','Y','005',0),
(00001241,025,1,'Year 11 Environmental Management','EV11','','Y','005',0),
(00001242,025,3,'Year 11 History','HI11','','Y','005',0),
(00001243,025,5,'Year 11 Japanese','JP11','','Y','005',0),
(00001244,025,11,'Year 11 Mathematics','MA11','','Y','005',0),
(00001245,025,2,'Year 11 Media Studies','ME11','','Y','005',0),
(00001246,025,6,'Year 11 Physical Education','PE11','','Y','005',0),
(00001247,025,1,'Year 11 Science','SC11','','Y','005',0),
(00001249,025,5,'Year 11 Spanish','SP11','','Y','005',0),
(00001251,025,1,'Year 12 Biology (Higher)','BIHL12','','Y','006',0),
(00001252,025,1,'Year 12 Biology (Standard)','BISL12','','Y','006',0),
(00001254,025,1,'Year 12 Chemistry (Higher)','CHHL12','','Y','006',0),
(00001255,025,1,'Year 12 Chemistry (Standard)','CHSL12','','Y','006',0),
(00001256,025,5,'Year 12 Chinese Language B (Higher)','CNHL12','','Y','006',0),
(00001257,025,5,'Year 12 Chinese Language B (Standard)','CNSL12','','Y','006',0),
(00001258,025,3,'Year 12 Economics (Higher)','ECHL12','','Y','006',0),
(00001259,025,4,'Year 12 English A (Higher)','ENHL12','','Y','006',0),
(00001260,025,4,'Year 12 English A (Standard)','ENSL12','','Y','006',0),
(00001261,025,1,'Year 12 Envir. Systems & Societies (Standard)','ESSL12','','Y','006',0),
(00001263,025,2,'Year 12 Film Studies (Higher)','FSHL12','','Y','006',0),
(00001264,025,2,'Year 12 Film Studies (Standard)','FSSL12','','Y','006',0),
(00001265,025,3,'Year 12 History (Standard)','HISL12','','Y','006',0),
(00001270,025,5,'Year 12 Pamoja Support','PS12','','Y','006',0),
(00001271,025,6,'Year 12 Physical Education','PE12','','Y','006',0),
(00001272,025,1,'Year 12 Physics (Higher)','PHHL12','','Y','006',0),
(00001273,025,1,'Year 12 Physics (Standard)','PHSL12','','Y','006',0),
(00001274,025,3,'Year 12 Psychology (Higher)','PYHL12','','Y','006',0),
(00001275,025,4,'Year 12 Self Study','SS12','','Y','006',0),
(00001276,025,5,'Year 12 Spanish B (Higher)','SPHL12','','Y','006',0),
(00001277,025,5,'Year 12 Spanish B (Standard)','SPSL12','','Y','006',0),
(00001278,025,2,'Year 12 Theatre Arts (Higher)','TAHL12','','Y','006',0),
(00001279,025,2,'Year 12 Theatre Arts (Standard)','TASL12','','Y','006',0),
(00001280,025,12,'Year 12 Theory of Knowledge','TOK12','','Y','006',0),
(00001282,025,1,'Year 13 Biology (Higher)','BIHL13','','Y','007',0),
(00001283,025,1,'Year 13 Biology (Standard)','BISL13','','Y','007',0),
(00001285,025,1,'Year 13 Chemistry (Higher)','CHHL13','','Y','007',0),
(00001286,025,1,'Year 13 Chemistry (Standard)','CHSL13','','Y','007',0),
(00001288,025,5,'Year 13 Chinese Language B (Higher)','CNHL13','','Y','007',0),
(00001289,025,5,'Year 13 Chinese Language B (Standard)','CNSL13','','Y','007',0),
(00001290,025,3,'Year 13 Economics (Higher)','ECHL13','','Y','007',0),
(00001292,025,4,'Year 13 English A (Higher)','ENHL13','','Y','007',0),
(00001293,025,4,'Year 13 English A (Standard)','ENSL13','','Y','007',0),
(00001294,025,1,'Year 13 Envir. Systems & Societies (Standard)','ESSL13','','Y','007',0),
(00001298,025,11,'Year 13 Mathematics (Higher)','MAHL13','','Y','007',0),
(00001299,025,11,'Year 13 Mathematics (Standard)','MASL13','','Y','007',0),
(00001300,025,11,'Year 13 Mathematics (Studies)','MSSL13','','Y','007',0),
(00001301,025,5,'Year 13 Pamoja Support','PS13','','Y','007',0),
(00001302,025,6,'Year 13 Physical Education','PE13','','Y','007',0),
(00001303,025,1,'Year 13 Physics (Higher)','PHHL13','','Y','007',0),
(00001304,025,1,'Year 13 Physics (Standard)','PHSL13','','Y','007',0),
(00001305,025,3,'Year 13 Psychology (Higher)','PYHL13','','Y','007',0),
(00001309,025,5,'Year 13 Spanish B (Higher)','SPHL13','','Y','007',0),
(00001310,025,2,'Year 13 Theatre Arts (Higher)','TAHL13','','Y','007',0),
(00001311,025,2,'Year 13 Theatre Arts (Standard)','TASL13','','Y','007',0),
(00001312,025,12,'Year 13 Theory of Knowledge','TOK13','','Y','007',0),
(00001316,025,2,'Year 7 Art','AR07','','Y','001',0),
(00001317,025,3,'Year 7 Big History','BH07','','Y','001',0),
(00001318,025,5,'Year 7 Chinese','CN07','','Y','001',0),
(00001319,025,4,'Year 7 English','EN07','','Y','001',0),
(00001320,025,2,'Year 7 Expressive Arts','EX07','','Y','001',0),
(00001321,025,12,'Year 7 Free Learning','FL07','','Y','001',0),
(00001322,025,12,'Year 7 Human Technologies','HT07','','Y','001',0),
(00001323,025,5,'Year 7 Japanese','JP07','','Y','001',0),
(00001324,025,11,'Year 7 Mathematics','MA07','','Y','001',0),
(00001325,025,6,'Year 7 Physical Education','PE07','','Y','001',0),
(00001326,025,1,'Year 7 Science','SC07','','Y','001',0),
(00001327,025,5,'Year 7 Spanish','SP07','','Y','001',0),
(00001329,025,3,'Year 8 Big History','BH08','','Y','002',0),
(00001330,025,5,'Year 8 Chinese','CN08','','Y','002',0),
(00001331,025,12,'Year 8 Digital Creativity & Visual Thinking','DCVT08','','Y','002',0),
(00001332,025,4,'Year 8 English','EN08','','Y','002',0),
(00001333,025,2,'Year 8 Expressive Arts','EX08','','Y','002',0),
(00001334,025,12,'Year 8 Free Learning','FL08','','Y','002',0),
(00001335,025,12,'Year 8 Human Technologies','HT08','','Y','002',0),
(00001336,025,5,'Year 8 Japanese','JP08','','Y','002',0),
(00001337,025,11,'Year 8 Mathematics','MA08','','Y','002',0),
(00001338,025,6,'Year 8 Physical Education','PE08','','Y','002',0),
(00001339,025,1,'Year 8 Science','SC08','','Y','002',0),
(00001340,025,5,'Year 8 Spanish','SP08','','Y','002',0),
(00001342,025,2,'Year 9 Art','AR09','','Y','003',0),
(00001343,025,5,'Year 9 Chinese','CN09','','Y','003',0),
(00001344,025,4,'Year 9 English','EN09','','Y','003',0),
(00001345,025,2,'Year 9 Expressive Arts','EX09','','Y','003',0),
(00001346,025,12,'Year 9 Free Learning','FL09','','Y','003',0),
(00001347,025,12,'Year 9 Human Technologies','HT09','','Y','003',0),
(00001348,025,3,'Year 9 Humanities','HU09','','Y','003',0),
(00001349,025,5,'Year 9 Japanese','JP09','','Y','003',0),
(00001350,025,11,'Year 9 Mathematics','MA09','','Y','003',0),
(00001351,025,2,'Year 9 Media Studies','ME09','','Y','003',0),
(00001352,025,6,'Year 9 Physical Education','PE09','','Y','003',0),
(00001353,025,1,'Year 9 Science','SC09','','Y','003',0),
(00001354,025,5,'Year 9 Spanish','SP09','','Y','003',0),
(00001356,025,5,'Year 7 Chinese (Kingston Chinese Programme)','CNK07','','Y','001',0),
(00001357,025,3,'Year 12 Economics (Standard)','ECSL12','','Y','006',0),
(00001358,025,2,'Year 13 Film Studies (Higher)','FSHL13','','Y','007',0),
(00001359,025,2,'Year 13 Film Studies (Standard)','FSSL13','','Y','006',0),
(00001360,025,3,'Year 12 History (Higher)','HIHL12','','Y','006',0),
(00001361,025,3,'Year 13 History (Standard)','HISL13','','Y','007',0),
(00001362,025,11,'Year 12 Maths Analysis & Approaches (Higher)','MAAHL12','','Y','006',0),
(00001363,025,11,'Year 12 Maths Analysis & Approaches (Standard)','MAASL12','','Y','006',0),
(00001364,025,11,'Year 12 Maths Applications & Interpretation (Standard)','MAISL12','','Y','006',0),
(00001365,025,3,'Year 12 Psychology (Standard)','PYSL12','','Y','006',0),
(00001366,025,5,'Year 13 Spanish (Standard)','SPSL13','','Y','007',0),
(00001367,025,2,'Year 12 Visual Arts (Higher)','VAHL12','','Y','006',0),
(00001368,025,2,'Year 12 Visual Arts (Standard) ','VASL12','','Y','006',0);

ALTER TABLE `gibbonCourse` ENABLE KEYS;
UNLOCK TABLES;


# Dump of table gibbonCourseClass
# ------------------------------------------------------------

LOCK TABLES `gibbonCourseClass` WRITE;
ALTER TABLE `gibbonCourseClass` DISABLE KEYS;

INSERT INTO `gibbonCourseClass` (`gibbonCourseClassID`, `gibbonCourseID`, `name`, `nameShort`, `reportable`, `attendance`, `gibbonScaleIDTarget`)
VALUES
(2280, 1218, '1', '1', 'Y', 'Y', NULL),
(2281, 1219, '2', '2', 'Y', 'Y', NULL),
(2282, 1219, '1', '1', 'Y', 'Y', NULL),
(2283, 1219, '4', '4', 'Y', 'Y', NULL),
(2284, 1219, '3', '3', 'Y', 'Y', NULL),
(2285, 1219, '5', '5', 'Y', 'Y', NULL),
(2286, 1220, '1', '1', 'Y', 'Y', NULL),
(2287, 1221, '1', '1', 'Y', 'Y', NULL),
(2291, 1223, '2', '2', 'Y', 'Y', NULL),
(2292, 1223, '1', '1', 'Y', 'Y', NULL),
(2293, 1224, '1', '1', 'Y', 'Y', NULL),
(2294, 1225, '1', '1', 'Y', 'Y', NULL),
(2295, 1226, '2', '2', 'Y', 'Y', NULL),
(2296, 1226, '1', '1', 'Y', 'Y', NULL),
(2297, 1227, '1', '1', 'Y', 'Y', NULL),
(2301, 1229, '1', '1', 'Y', 'Y', NULL),
(2302, 1230, '2', '2', 'Y', 'Y', NULL),
(2303, 1230, '1', '1', 'Y', 'Y', NULL),
(2304, 1231, '2', '2', 'Y', 'Y', NULL),
(2305, 1231, '1', '1', 'Y', 'Y', NULL),
(2306, 1232, '1', '1', 'Y', 'Y', NULL),
(2307, 1233, '1', '1', 'Y', 'Y', NULL),
(2310, 1235, '1', '1', 'Y', 'Y', NULL),
(2311, 1236, '2', '2', 'Y', 'Y', NULL),
(2312, 1236, '1', '1', 'Y', 'Y', NULL),
(2313, 1236, '3', '3', 'Y', 'Y', NULL),
(2314, 1237, '1', '1', 'Y', 'Y', NULL),
(2315, 1238, '1', '1', 'Y', 'Y', NULL),
(2319, 1240, '1', '1', 'Y', 'Y', NULL),
(2320, 1240, '2', '2', 'Y', 'Y', NULL),
(2321, 1241, '1', '1', 'Y', 'Y', NULL),
(2322, 1242, '1', '1', 'Y', 'Y', NULL),
(2323, 1243, '1', '1', 'Y', 'Y', NULL),
(2327, 1245, '1', '1', 'Y', 'Y', NULL),
(2328, 1246, '1', '1', 'Y', 'Y', NULL),
(2329, 1246, '2', '2', 'Y', 'Y', NULL),
(2330, 1247, '2', '2', 'Y', 'Y', NULL),
(2331, 1247, '1', '1', 'Y', 'Y', NULL),
(2332, 1249, '1', '1', 'Y', 'Y', NULL),
(2336, 1251, '1', '1', 'Y', 'Y', NULL),
(2337, 1252, '1', '1', 'Y', 'Y', NULL),
(2339, 1254, '1', '1', 'Y', 'Y', NULL),
(2340, 1255, '1', '1', 'Y', 'Y', NULL),
(2341, 1256, '1', '1', 'Y', 'Y', NULL),
(2342, 1257, '1', '1', 'Y', 'Y', NULL),
(2343, 1258, '1', '1', 'Y', 'Y', NULL),
(2344, 1259, '1', '1', 'Y', 'Y', NULL),
(2345, 1260, '1', '1', 'Y', 'Y', NULL),
(2346, 1261, '1', '1', 'Y', 'Y', NULL),
(2348, 1263, '1', '1', 'Y', 'Y', NULL),
(2349, 1264, '1', '1', 'Y', 'Y', NULL),
(2350, 1265, '1', '1', 'Y', 'Y', NULL),
(2356, 1270, '1', '1', 'Y', 'Y', NULL),
(2357, 1271, '2', '2', 'N', 'Y', NULL),
(2358, 1271, '1', '1', 'N', 'Y', NULL),
(2359, 1272, '1', '1', 'Y', 'Y', NULL),
(2360, 1273, '1', '1', 'Y', 'Y', NULL),
(2361, 1274, '1', '1', 'Y', 'Y', NULL),
(2362, 1275, '1', '1', 'Y', 'Y', NULL),
(2363, 1276, '1', '1', 'Y', 'Y', NULL),
(2364, 1277, '1', '1', 'Y', 'Y', NULL),
(2365, 1278, '1', '1', 'Y', 'Y', NULL),
(2366, 1279, '1', '1', 'Y', 'Y', NULL),
(2367, 1280, '1', '1', 'Y', 'Y', NULL),
(2370, 1282, '1', '1', 'Y', 'Y', NULL),
(2371, 1283, '1', '1', 'Y', 'Y', NULL),
(2373, 1285, '1', '1', 'Y', 'Y', NULL),
(2374, 1286, '1', '1', 'Y', 'Y', NULL),
(2376, 1288, '1', '1', 'Y', 'Y', NULL),
(2377, 1289, '1', '1', 'Y', 'Y', NULL),
(2378, 1290, '1', '1', 'Y', 'Y', NULL),
(2382, 1292, '1', '1', 'Y', 'Y', NULL),
(2384, 1293, '1', '1', 'Y', 'Y', NULL),
(2385, 1294, '1', '1', 'Y', 'Y', NULL),
(2389, 1298, '1', '1', 'Y', 'Y', NULL),
(2390, 1299, '1', '1', 'Y', 'Y', NULL),
(2391, 1300, '1', '1', 'Y', 'Y', NULL),
(2392, 1301, '1', '1', 'Y', 'Y', NULL),
(2393, 1302, '1', '1', 'N', 'Y', NULL),
(2394, 1303, '1', '1', 'Y', 'Y', NULL),
(2395, 1304, '1', '1', 'Y', 'Y', NULL),
(2396, 1305, '1', '1', 'Y', 'Y', NULL),
(2399, 1309, '1', '1', 'Y', 'Y', NULL),
(2400, 1310, '1', '1', 'Y', 'Y', NULL),
(2401, 1311, '1', '1', 'Y', 'Y', NULL),
(2402, 1312, '1', '1', 'Y', 'Y', NULL),
(2407, 1316, '3', '3', 'Y', 'Y', NULL),
(2408, 1316, '2', '2', 'Y', 'Y', NULL),
(2409, 1316, '1', '1', 'Y', 'Y', NULL),
(2410, 1317, '3', '3', 'Y', 'Y', NULL),
(2411, 1317, '2', '2', 'Y', 'Y', NULL),
(2412, 1317, '1', '1', 'Y', 'Y', NULL),
(2413, 1318, '2', '2', 'Y', 'Y', NULL),
(2414, 1318, '1', '1', 'Y', 'Y', NULL),
(2415, 1318, '5', '5', 'Y', 'Y', NULL),
(2416, 1318, '4', '4', 'Y', 'Y', NULL),
(2417, 1318, '3', '3', 'Y', 'Y', NULL),
(2421, 1320, '3', '3', 'Y', 'Y', NULL),
(2422, 1320, '2', '2', 'Y', 'Y', NULL),
(2423, 1320, '1', '1', 'Y', 'Y', NULL),
(2424, 1321, '3', '3', 'Y', 'Y', NULL),
(2425, 1321, '2', '2', 'Y', 'Y', NULL),
(2426, 1321, '1', '1', 'Y', 'Y', NULL),
(2427, 1322, '3', '3', 'Y', 'Y', NULL),
(2428, 1322, '2', '2', 'Y', 'Y', NULL),
(2429, 1322, '1', '1', 'Y', 'Y', NULL),
(2430, 1323, '1', '1', 'Y', 'Y', NULL),
(2435, 1325, '3', '3', 'Y', 'Y', NULL),
(2436, 1325, '2', '2', 'Y', 'Y', NULL),
(2437, 1325, '1', '1', 'Y', 'Y', NULL),
(2438, 1326, '3', '3', 'Y', 'Y', NULL),
(2439, 1326, '2', '2', 'Y', 'Y', NULL),
(2440, 1326, '1', '1', 'Y', 'Y', NULL),
(2441, 1327, '1', '1', 'Y', 'Y', NULL),
(2445, 1329, '3', '3', 'Y', 'Y', NULL),
(2446, 1329, '2', '2', 'Y', 'Y', NULL),
(2447, 1329, '1', '1', 'Y', 'Y', NULL),
(2448, 1330, '2', '2', 'Y', 'Y', NULL),
(2449, 1330, '1', '1', 'Y', 'Y', NULL),
(2450, 1330, '5', '5', 'Y', 'Y', NULL),
(2451, 1330, '4', '4', 'Y', 'Y', NULL),
(2452, 1330, '3', '3', 'Y', 'Y', NULL),
(2453, 1331, '3', '3', 'Y', 'Y', NULL),
(2454, 1331, '2', '2', 'Y', 'Y', NULL),
(2455, 1331, '1', '1', 'Y', 'Y', NULL),
(2460, 1333, '3', '3', 'Y', 'Y', NULL),
(2461, 1333, '2', '2', 'Y', 'Y', NULL),
(2462, 1333, '1', '1', 'Y', 'Y', NULL),
(2463, 1334, '3', '3', 'Y', 'Y', NULL),
(2464, 1334, '2', '2', 'Y', 'Y', NULL),
(2465, 1334, '1', '1', 'Y', 'Y', NULL),
(2466, 1335, '3', '3', 'Y', 'Y', NULL),
(2467, 1335, '2', '2', 'Y', 'Y', NULL),
(2468, 1335, '1', '1', 'Y', 'Y', NULL),
(2469, 1336, '1', '1', 'Y', 'Y', NULL),
(2474, 1338, '3', '3', 'Y', 'Y', NULL),
(2475, 1338, '2', '2', 'Y', 'Y', NULL),
(2476, 1338, '1', '1', 'Y', 'Y', NULL),
(2477, 1339, '3', '3', 'Y', 'Y', NULL),
(2478, 1339, '2', '2', 'Y', 'Y', NULL),
(2479, 1339, '1', '1', 'Y', 'Y', NULL),
(2480, 1340, '1', '1', 'Y', 'Y', NULL),
(2484, 1342, '1', '1', 'Y', 'Y', NULL),
(2485, 1343, '2', '2', 'Y', 'Y', NULL),
(2486, 1343, '1', '1', 'Y', 'Y', NULL),
(2487, 1343, '4', '4', 'Y', 'Y', NULL),
(2488, 1343, '5', '5', 'Y', 'Y', NULL),
(2489, 1343, '3', '3', 'Y', 'Y', NULL),
(2493, 1345, '1', '1', 'Y', 'Y', NULL),
(2494, 1346, '2', '2', 'Y', 'Y', NULL),
(2495, 1346, '1', '1', 'Y', 'Y', NULL),
(2496, 1346, '3', '3', 'Y', 'Y', NULL),
(2497, 1347, '2', '2', 'Y', 'Y', NULL),
(2498, 1347, '1', '1', 'Y', 'Y', NULL),
(2499, 1347, '3', '3', 'Y', 'Y', NULL),
(2500, 1348, '2', '2', 'Y', 'Y', NULL),
(2501, 1348, '1', '1', 'Y', 'Y', NULL),
(2502, 1348, '3', '3', 'Y', 'Y', NULL),
(2503, 1349, '1', '1', 'Y', 'Y', NULL),
(2507, 1351, '1', '1', 'Y', 'Y', NULL),
(2508, 1352, '2', '2', 'Y', 'Y', NULL),
(2509, 1352, '1', '1', 'Y', 'Y', NULL),
(2510, 1352, '3', '3', 'Y', 'Y', NULL),
(2511, 1353, '2', '2', 'Y', 'Y', NULL),
(2512, 1353, '1', '1', 'Y', 'Y', NULL),
(2513, 1353, '3', '3', 'Y', 'Y', NULL),
(2514, 1354, '1', '1', 'Y', 'Y', NULL),
(2518, 1316, '4', '4', 'Y', 'Y', NULL),
(2519, 1317, '4', '4', 'Y', 'Y', NULL),
(2520, 1236, '4', '4', 'Y', 'Y', NULL),
(2521, 1236, '5', '5', 'Y', 'Y', NULL),
(2522, 1356, '1', '1', 'Y', 'Y', NULL),
(2523, 1257, '2', '2', 'Y', 'Y', NULL),
(2524, 1221, '2', '2', 'Y', 'Y', NULL),
(2525, 1357, '1', '1', 'Y', 'Y', NULL),
(2526, 1319, '4', '4', 'Y', 'Y', NULL),
(2527, 1319, '2', '2', 'Y', 'Y', NULL),
(2528, 1319, '5', '5', 'Y', 'Y', NULL),
(2529, 1319, '3', '3', 'Y', 'Y', NULL),
(2530, 1319, '1', '1', 'Y', 'Y', NULL),
(2531, 1332, '4', '4', 'Y', 'Y', NULL),
(2532, 1332, '1', '1', 'Y', 'Y', NULL),
(2533, 1332, '2', '2', 'Y', 'Y', NULL),
(2534, 1332, '3', '3', 'Y', 'Y', NULL),
(2535, 1344, '2', '2', 'Y', 'Y', NULL),
(2536, 1344, '3', '3', 'Y', 'Y', NULL),
(2537, 1344, '1', '1', 'Y', 'Y', NULL),
(2538, 1344, '4', '4', 'Y', 'Y', NULL),
(2539, 1222, '3', '3', 'Y', 'Y', NULL),
(2540, 1222, '1', '1', 'Y', 'Y', NULL),
(2541, 1222, '2', '2', 'Y', 'Y', NULL),
(2542, 1239, '1', '1', 'Y', 'Y', NULL),
(2543, 1239, '3', '3', 'Y', 'Y', NULL),
(2544, 1239, '2', '2', 'Y', 'Y', NULL),
(2545, 1223, '3', '3', 'Y', 'Y', NULL),
(2546, 1259, '2', '2', 'Y', 'Y', NULL),
(2547, 1320, '4', '4', 'Y', 'Y', NULL),
(2548, 1321, '4', '4', 'Y', 'Y', NULL),
(2549, 1358, '1', '1', 'Y', 'Y', NULL),
(2550, 1359, '1', '1', 'Y', 'Y', NULL),
(2551, 1360, '1', '1', 'Y', 'Y', NULL),
(2552, 1361, '1', '1', 'Y', 'Y', NULL),
(2553, 1361, '2', '2', 'Y', 'Y', NULL),
(2554, 1322, '4', '4', 'Y', 'Y', NULL),
(2555, 1226, '3', '3', 'Y', 'Y', NULL),
(2556, 1324, '2', '2', 'Y', 'Y', NULL),
(2557, 1324, '1', '1', 'Y', 'Y', NULL),
(2558, 1324, '4', '4', 'Y', 'Y', NULL),
(2559, 1324, '3', '3', 'Y', 'Y', NULL),
(2560, 1324, '5', '5', 'Y', 'Y', NULL),
(2561, 1337, '4', '4', 'Y', 'Y', NULL),
(2562, 1337, '1', '1', 'Y', 'Y', NULL),
(2563, 1337, '3', '3', 'Y', 'Y', NULL),
(2564, 1337, '2', '2', 'Y', 'Y', NULL),
(2565, 1350, '2', '2', 'Y', 'Y', NULL),
(2566, 1350, '3', '3', 'Y', 'Y', NULL),
(2567, 1350, '5', '5', 'Y', 'Y', NULL),
(2568, 1350, '1', '1', 'Y', 'Y', NULL),
(2569, 1350, '4', '4', 'Y', 'Y', NULL),
(2570, 1228, '4', '4', 'Y', 'Y', NULL),
(2571, 1228, '3', '3', 'Y', 'Y', NULL),
(2572, 1228, '2', '2', 'Y', 'Y', NULL),
(2574, 1244, '2', '2', 'Y', 'Y', NULL),
(2575, 1244, '1', '1', 'Y', 'Y', NULL),
(2576, 1244, '3', '3', 'Y', 'Y', NULL),
(2577, 1362, '1', '1', 'Y', 'Y', NULL),
(2578, 1363, '1', '1', 'Y', 'Y', NULL),
(2579, 1364, '1', '1', 'Y', 'Y', NULL),
(2580, 1325, '4', '4', 'Y', 'Y', NULL),
(2581, 1230, '3', '3', 'Y', 'Y', NULL),
(2582, 1365, '1', '1', 'Y', 'Y', NULL),
(2583, 1326, '4', '4', 'Y', 'Y', NULL),
(2584, 1231, '3', '3', 'Y', 'Y', NULL),
(2585, 1366, '1', '1', 'Y', 'Y', NULL),
(2586, 1280, '2', '2', 'Y', 'Y', NULL),
(2587, 1367, '1', '1', 'Y', 'Y', NULL),
(2588, 1368, '1', '1', 'Y', 'Y', NULL),
(2590, 1228, '1', '1', 'Y', 'Y', NULL);

ALTER TABLE `gibbonCourseClass` ENABLE KEYS;
UNLOCK TABLES;


# Dump of table gibbonCourseClassPerson
# ------------------------------------------------------------

LOCK TABLES `gibbonCourseClassPerson` WRITE;
ALTER TABLE `gibbonCourseClassPerson` DISABLE KEYS;

INSERT INTO `gibboncourseclassperson` (`gibbonCourseClassPersonID`, `gibbonCourseClassID`, `gibbonPersonID`, `role`, `reportable`) VALUES
(48161, 2409, 2363, 'Teacher', 'Y'),
(48162, 2408, 2363, 'Teacher', 'Y'),
(48163, 2407, 2363, 'Teacher', 'Y'),
(48164, 2518, 2363, 'Teacher', 'Y'),
(48165, 2484, 2363, 'Teacher', 'Y'),
(48166, 2280, 374, 'Teacher', 'Y'),
(48167, 2310, 374, 'Teacher', 'Y'),
(48168, 2412, 1110, 'Teacher', 'Y'),
(48169, 2411, 2722, 'Teacher', 'Y'),
(48170, 2410, 2722, 'Teacher', 'Y'),
(48171, 2519, 2722, 'Teacher', 'Y'),
(48172, 2447, 1110, 'Teacher', 'Y'),
(48173, 2446, 2733, 'Teacher', 'Y'),
(48174, 2445, 2733, 'Teacher', 'Y'),
(48175, 2336, 870, 'Teacher', 'Y'),
(48176, 2370, 870, 'Teacher', 'Y'),
(48177, 2337, 589, 'Teacher', 'Y'),
(48178, 2371, 870, 'Teacher', 'Y'),
(48179, 2339, 2026, 'Teacher', 'Y'),
(48180, 2373, 2026, 'Teacher', 'Y'),
(48181, 2340, 2026, 'Teacher', 'Y'),
(48182, 2374, 2026, 'Teacher', 'Y'),
(48183, 2414, 1119, 'Teacher', 'Y'),
(48184, 2413, 140, 'Teacher', 'Y'),
(48185, 2417, 869, 'Teacher', 'Y'),
(48186, 2416, 198, 'Teacher', 'Y'),
(48187, 2449, 1119, 'Teacher', 'Y'),
(48188, 2448, 2347, 'Teacher', 'Y'),
(48189, 2452, 869, 'Teacher', 'Y'),
(48190, 2451, 198, 'Teacher', 'Y'),
(48191, 2450, 140, 'Teacher', 'Y'),
(48192, 2486, 869, 'Teacher', 'Y'),
(48193, 2485, 198, 'Teacher', 'Y'),
(48194, 2489, 2347, 'Teacher', 'Y'),
(48198, 2281, 869, 'Teacher', 'Y'),
(48199, 2284, 198, 'Teacher', 'Y'),
(48200, 2283, 1119, 'Teacher', 'Y'),
(48202, 2312, 2347, 'Teacher', 'Y'),
(48203, 2311, 198, 'Teacher', 'Y'),
(48204, 2313, 1119, 'Teacher', 'Y'),
(48205, 2520, 140, 'Teacher', 'Y'),
(48206, 2521, 869, 'Teacher', 'Y'),
(48207, 2341, 869, 'Teacher', 'Y'),
(48208, 2376, 2347, 'Teacher', 'Y'),
(48209, 2522, 140, 'Teacher', 'Y'),
(48210, 2522, 2347, 'Teacher', 'Y'),
(48211, 2342, 198, 'Teacher', 'Y'),
(48212, 2523, 1119, 'Teacher', 'Y'),
(48213, 2377, 198, 'Teacher', 'Y'),
(48214, 2455, 2363, 'Teacher', 'Y'),
(48215, 2454, 2363, 'Teacher', 'Y'),
(48216, 2453, 2363, 'Teacher', 'Y'),
(48217, 2286, 1506, 'Teacher', 'Y'),
(48218, 2314, 1506, 'Teacher', 'Y'),
(48219, 2287, 124, 'Teacher', 'Y'),
(48220, 2524, 2722, 'Teacher', 'Y'),
(48221, 2315, 124, 'Teacher', 'Y'),
(48222, 2343, 124, 'Teacher', 'Y'),
(48223, 2378, 124, 'Teacher', 'Y'),
(48224, 2525, 124, 'Teacher', 'Y'),
(48225, 2526, 1777, 'Teacher', 'Y'),
(48226, 2527, 1778, 'Teacher', 'Y'),
(48227, 2528, 373, 'Teacher', 'Y'),
(48228, 2529, 151, 'Teacher', 'Y'),
(48229, 2530, 2562, 'Teacher', 'Y'),
(48230, 2531, 867, 'Teacher', 'Y'),
(48231, 2532, 1502, 'Teacher', 'Y'),
(48232, 2532, 2562, 'Teacher', 'Y'),
(48233, 2533, 1777, 'Teacher', 'Y'),
(48234, 2534, 151, 'Teacher', 'Y'),
(48235, 2535, 1778, 'Teacher', 'Y'),
(48236, 2536, 2562, 'Teacher', 'Y'),
(48237, 2537, 1777, 'Teacher', 'Y'),
(48238, 2538, 867, 'Teacher', 'Y'),
(48239, 2539, 1778, 'Teacher', 'Y'),
(48240, 2540, 1777, 'Teacher', 'Y'),
(48241, 2541, 1123, 'Teacher', 'Y'),
(48242, 2542, 1502, 'Teacher', 'Y'),
(48243, 2542, 2562, 'Teacher', 'Y'),
(48244, 2543, 867, 'Teacher', 'Y'),
(48245, 2544, 1123, 'Teacher', 'Y'),
(48246, 2292, 2363, 'Teacher', 'Y'),
(48247, 2291, 1123, 'Teacher', 'Y'),
(48248, 2291, 1122, 'Teacher', 'Y'),
(48249, 2545, 374, 'Teacher', 'Y'),
(48250, 2545, 119, 'Teacher', 'Y'),
(48251, 2319, 2363, 'Teacher', 'Y'),
(48252, 2319, 373, 'Teacher', 'Y'),
(48253, 2320, 374, 'Teacher', 'Y'),
(48254, 2320, 1110, 'Teacher', 'Y'),
(48255, 2320, 1122, 'Teacher', 'Y'),
(48256, 2344, 1502, 'Teacher', 'Y'),
(48257, 2344, 2562, 'Teacher', 'Y'),
(48258, 2546, 867, 'Teacher', 'Y'),
(48259, 2382, 867, 'Teacher', 'Y'),
(48260, 2345, 1123, 'Teacher', 'Y'),
(48261, 2384, 1777, 'Teacher', 'Y'),
(48262, 2346, 589, 'Teacher', 'Y'),
(48263, 2346, 124, 'Teacher', 'Y'),
(48264, 2385, 589, 'Teacher', 'Y'),
(48265, 2293, 589, 'Teacher', 'Y'),
(48266, 2321, 589, 'Teacher', 'Y'),
(48267, 2423, 375, 'Teacher', 'Y'),
(48268, 2422, 375, 'Teacher', 'Y'),
(48269, 2421, 1506, 'Teacher', 'Y'),
(48270, 2547, 1506, 'Teacher', 'Y'),
(48271, 2462, 1506, 'Teacher', 'Y'),
(48272, 2461, 1506, 'Teacher', 'Y'),
(48273, 2460, 1506, 'Teacher', 'Y'),
(48274, 2493, 1506, 'Teacher', 'Y'),
(48279, 2465, 2733, 'Teacher', 'Y'),
(48280, 2464, 1502, 'Teacher', 'Y'),
(48282, 2495, 1502, 'Teacher', 'Y'),
(48283, 2495, 2562, 'Teacher', 'Y'),
(48284, 2494, 119, 'Teacher', 'Y'),
(48285, 2496, 119, 'Teacher', 'Y'),
(48286, 2348, 1776, 'Teacher', 'Y'),
(48287, 2549, 1776, 'Teacher', 'Y'),
(48288, 2349, 1776, 'Teacher', 'Y'),
(48289, 2550, 1776, 'Teacher', 'Y'),
(48290, 2294, 2027, 'Teacher', 'Y'),
(48291, 2322, 2027, 'Teacher', 'Y'),
(48292, 2551, 2027, 'Teacher', 'Y'),
(48293, 2350, 2027, 'Teacher', 'Y'),
(48294, 2552, 2027, 'Teacher', 'Y'),
(48295, 2553, 2027, 'Teacher', 'Y'),
(48296, 2429, 1110, 'Teacher', 'Y'),
(48297, 2428, 373, 'Teacher', 'Y'),
(48298, 2427, 1778, 'Teacher', 'Y'),
(48299, 2554, 1123, 'Teacher', 'Y'),
(48300, 2468, 1110, 'Teacher', 'Y'),
(48301, 2467, 1778, 'Teacher', 'Y'),
(48302, 2466, 1123, 'Teacher', 'Y'),
(48303, 2498, 1123, 'Teacher', 'Y'),
(48304, 2497, 375, 'Teacher', 'Y'),
(48305, 2499, 373, 'Teacher', 'Y'),
(48306, 2296, 1778, 'Teacher', 'Y'),
(48307, 2295, 1506, 'Teacher', 'Y'),
(48308, 2555, 1123, 'Teacher', 'Y'),
(48309, 2501, 124, 'Teacher', 'Y'),
(48310, 2501, 2722, 'Teacher', 'Y'),
(48311, 2500, 2722, 'Teacher', 'Y'),
(48312, 2502, 2722, 'Teacher', 'Y'),
(48313, 2430, 1122, 'Teacher', 'Y'),
(48314, 2469, 1122, 'Teacher', 'Y'),
(48315, 2503, 1122, 'Teacher', 'Y'),
(48316, 2297, 1122, 'Teacher', 'Y'),
(48317, 2323, 1122, 'Teacher', 'Y'),
(48318, 2556, 866, 'Teacher', 'Y'),
(48319, 2557, 1104, 'Teacher', 'Y'),
(48320, 2558, 1601, 'Teacher', 'Y'),
(48321, 2559, 120, 'Teacher', 'Y'),
(48322, 2560, 2732, 'Teacher', 'Y'),
(48323, 2561, 2732, 'Teacher', 'Y'),
(48324, 2562, 1104, 'Teacher', 'Y'),
(48325, 2563, 866, 'Teacher', 'Y'),
(48326, 2564, 1117, 'Teacher', 'Y'),
(48327, 2564, 1601, 'Teacher', 'Y'),
(48328, 2565, 1117, 'Teacher', 'Y'),
(48329, 2566, 866, 'Teacher', 'Y'),
(48330, 2567, 2732, 'Teacher', 'Y'),
(48331, 2568, 1104, 'Teacher', 'Y'),
(48332, 2569, 1601, 'Teacher', 'Y'),
(48333, 2570, 2732, 'Teacher', 'Y'),
(48334, 2571, 120, 'Teacher', 'Y'),
(48335, 2572, 866, 'Teacher', 'Y'),
(48336, 2572, 1601, 'Teacher', 'Y'),
(48338, 2574, 120, 'Teacher', 'Y'),
(48339, 2575, 1117, 'Teacher', 'Y'),
(48340, 2576, 2732, 'Teacher', 'Y'),
(48341, 2577, 120, 'Teacher', 'Y'),
(48342, 2578, 866, 'Teacher', 'Y'),
(48343, 2389, 120, 'Teacher', 'Y'),
(48344, 2579, 866, 'Teacher', 'Y'),
(48345, 2390, 2732, 'Teacher', 'Y'),
(48346, 2507, 375, 'Teacher', 'Y'),
(48347, 2301, 375, 'Teacher', 'Y'),
(48349, 2391, 866, 'Teacher', 'Y'),
(48350, 2437, 373, 'Teacher', 'Y'),
(48351, 2436, 373, 'Teacher', 'Y'),
(48352, 2436, 1104, 'Teacher', 'Y'),
(48353, 2435, 373, 'Teacher', 'Y'),
(48354, 2435, 1104, 'Teacher', 'Y'),
(48355, 2580, 373, 'Teacher', 'Y'),
(48356, 2580, 1104, 'Teacher', 'Y'),
(48357, 2476, 2134, 'Teacher', 'Y'),
(48358, 2475, 1104, 'Teacher', 'Y'),
(48359, 2474, 373, 'Teacher', 'Y'),
(48360, 2474, 1104, 'Teacher', 'Y'),
(48361, 2509, 119, 'Teacher', 'Y'),
(48362, 2508, 2134, 'Teacher', 'Y'),
(48363, 2510, 2134, 'Teacher', 'Y'),
(48364, 2303, 373, 'Teacher', 'Y'),
(48365, 2302, 2134, 'Teacher', 'Y'),
(48366, 2581, 119, 'Teacher', 'Y'),
(48367, 2328, 2134, 'Teacher', 'Y'),
(48368, 2329, 119, 'Teacher', 'Y'),
(48369, 2359, 2326, 'Teacher', 'Y'),
(48370, 2394, 2326, 'Teacher', 'Y'),
(48371, 2360, 2326, 'Teacher', 'Y'),
(48372, 2395, 2326, 'Teacher', 'Y'),
(48373, 2356, 144, 'Teacher', 'Y'),
(48374, 2392, 144, 'Teacher', 'Y'),
(48375, 2361, 2096, 'Teacher', 'Y'),
(48376, 2396, 2027, 'Teacher', 'Y'),
(48377, 2582, 2096, 'Teacher', 'Y'),
(48378, 2440, 870, 'Teacher', 'Y'),
(48379, 2439, 1117, 'Teacher', 'Y'),
(48380, 2438, 1104, 'Teacher', 'Y'),
(48381, 2583, 2134, 'Teacher', 'Y'),
(48382, 2479, 589, 'Teacher', 'Y'),
(48383, 2478, 589, 'Teacher', 'Y'),
(48384, 2478, 2134, 'Teacher', 'Y'),
(48385, 2477, 2134, 'Teacher', 'Y'),
(48386, 2512, 870, 'Teacher', 'Y'),
(48387, 2511, 2326, 'Teacher', 'Y'),
(48388, 2513, 2026, 'Teacher', 'Y'),
(48389, 2305, 870, 'Teacher', 'Y'),
(48390, 2304, 2326, 'Teacher', 'Y'),
(48391, 2584, 2026, 'Teacher', 'Y'),
(48392, 2331, 2326, 'Teacher', 'Y'),
(48393, 2330, 2026, 'Teacher', 'Y'),
(48394, 2441, 1776, 'Teacher', 'Y'),
(48395, 2441, 144, 'Teacher', 'Y'),
(48396, 2480, 1776, 'Teacher', 'Y'),
(48397, 2480, 144, 'Teacher', 'Y'),
(48398, 2514, 1776, 'Teacher', 'Y'),
(48399, 2307, 1776, 'Teacher', 'Y'),
(48400, 2332, 1776, 'Teacher', 'Y'),
(48401, 2332, 144, 'Teacher', 'Y'),
(48402, 2363, 144, 'Teacher', 'Y'),
(48403, 2399, 144, 'Teacher', 'Y'),
(48404, 2364, 144, 'Teacher', 'Y'),
(48405, 2585, 144, 'Teacher', 'Y'),
(48406, 2362, 151, 'Teacher', 'Y'),
(48407, 2365, 375, 'Teacher', 'Y'),
(48408, 2366, 375, 'Teacher', 'Y'),
(48409, 2367, 2027, 'Teacher', 'Y'),
(48410, 2586, 1777, 'Teacher', 'Y'),
(48411, 2402, 1777, 'Teacher', 'Y'),
(48412, 2587, 374, 'Teacher', 'Y'),
(48413, 2588, 374, 'Teacher', 'Y'),
(48420, 2385, 124, 'Teacher', 'Y'),
(48582, 2463, 2733, 'Teacher', 'Y'),
(48586, 2590, 1117, 'Teacher', 'Y'),
(48587, 2487, 140, 'Teacher', 'Y'),
(48588, 2488, 1119, 'Teacher', 'Y'),
(48593, 2464, 2562, 'Teacher', 'Y'),
(48594, 2464, 2363, 'Teacher', 'Y'),
(48595, 2446, 2371, 'Student', 'Y'),
(48596, 2454, 2371, 'Student', 'Y'),
(48597, 2461, 2371, 'Student', 'Y'),
(48598, 2464, 2371, 'Student', 'Y'),
(48599, 2467, 2371, 'Student', 'Y'),
(48600, 2475, 2371, 'Student', 'Y'),
(48601, 2478, 2371, 'Student', 'Y'),
(48602, 2446, 2190, 'Student', 'Y'),
(48603, 2454, 2190, 'Student', 'Y'),
(48604, 2461, 2190, 'Student', 'Y'),
(48605, 2464, 2190, 'Student', 'Y'),
(48606, 2467, 2190, 'Student', 'Y'),
(48607, 2475, 2190, 'Student', 'Y'),
(48608, 2478, 2190, 'Student', 'Y'),
(48609, 2446, 2334, 'Student', 'Y'),
(48610, 2454, 2334, 'Student', 'Y'),
(48611, 2461, 2334, 'Student', 'Y'),
(48612, 2464, 2334, 'Student', 'Y'),
(48613, 2467, 2334, 'Student', 'Y'),
(48614, 2475, 2334, 'Student', 'Y'),
(48615, 2478, 2334, 'Student', 'Y'),
(48616, 2446, 2236, 'Student', 'Y'),
(48617, 2454, 2236, 'Student', 'Y'),
(48618, 2461, 2236, 'Student', 'Y'),
(48619, 2464, 2236, 'Student', 'Y'),
(48620, 2467, 2236, 'Student', 'Y'),
(48621, 2475, 2236, 'Student', 'Y'),
(48622, 2478, 2236, 'Student', 'Y'),
(48623, 2446, 2520, 'Student', 'Y'),
(48624, 2454, 2520, 'Student', 'Y'),
(48625, 2461, 2520, 'Student', 'Y'),
(48626, 2464, 2520, 'Student', 'Y'),
(48627, 2467, 2520, 'Student', 'Y'),
(48628, 2475, 2520, 'Student', 'Y'),
(48629, 2478, 2520, 'Student', 'Y'),
(48630, 2446, 2150, 'Student', 'Y'),
(48631, 2454, 2150, 'Student', 'Y'),
(48632, 2461, 2150, 'Student', 'Y'),
(48633, 2464, 2150, 'Student', 'Y'),
(48634, 2467, 2150, 'Student', 'Y'),
(48635, 2475, 2150, 'Student', 'Y'),
(48636, 2478, 2150, 'Student', 'Y'),
(48637, 2446, 2239, 'Student', 'Y'),
(48638, 2454, 2239, 'Student', 'Y'),
(48639, 2461, 2239, 'Student', 'Y'),
(48640, 2464, 2239, 'Student', 'Y'),
(48641, 2467, 2239, 'Student', 'Y'),
(48642, 2475, 2239, 'Student', 'Y'),
(48643, 2478, 2239, 'Student', 'Y'),
(48644, 2446, 2501, 'Student', 'Y'),
(48645, 2454, 2501, 'Student', 'Y'),
(48646, 2461, 2501, 'Student', 'Y'),
(48647, 2464, 2501, 'Student', 'Y'),
(48648, 2467, 2501, 'Student', 'Y'),
(48649, 2475, 2501, 'Student', 'Y'),
(48650, 2478, 2501, 'Student', 'Y'),
(48651, 2446, 2523, 'Student', 'Y'),
(48652, 2454, 2523, 'Student', 'Y'),
(48653, 2461, 2523, 'Student', 'Y'),
(48654, 2464, 2523, 'Student', 'Y'),
(48655, 2467, 2523, 'Student', 'Y'),
(48656, 2475, 2523, 'Student', 'Y'),
(48657, 2478, 2523, 'Student', 'Y'),
(48658, 2446, 2178, 'Student', 'Y'),
(48659, 2454, 2178, 'Student', 'Y'),
(48660, 2461, 2178, 'Student', 'Y'),
(48661, 2464, 2178, 'Student', 'Y'),
(48662, 2467, 2178, 'Student', 'Y'),
(48663, 2475, 2178, 'Student', 'Y'),
(48664, 2478, 2178, 'Student', 'Y'),
(48665, 2446, 2206, 'Student', 'Y'),
(48666, 2454, 2206, 'Student', 'Y'),
(48667, 2461, 2206, 'Student', 'Y'),
(48668, 2464, 2206, 'Student', 'Y'),
(48669, 2467, 2206, 'Student', 'Y'),
(48670, 2475, 2206, 'Student', 'Y'),
(48671, 2478, 2206, 'Student', 'Y'),
(48672, 2446, 2529, 'Student', 'Y'),
(48673, 2454, 2529, 'Student', 'Y'),
(48674, 2461, 2529, 'Student', 'Y'),
(48675, 2464, 2529, 'Student', 'Y'),
(48676, 2467, 2529, 'Student', 'Y'),
(48677, 2475, 2529, 'Student', 'Y'),
(48678, 2478, 2529, 'Student', 'Y'),
(48679, 2446, 2271, 'Student', 'Y'),
(48680, 2454, 2271, 'Student', 'Y'),
(48681, 2461, 2271, 'Student', 'Y'),
(48682, 2464, 2271, 'Student', 'Y'),
(48683, 2467, 2271, 'Student', 'Y'),
(48684, 2475, 2271, 'Student', 'Y'),
(48685, 2478, 2271, 'Student', 'Y'),
(48686, 2446, 2420, 'Student', 'Y'),
(48687, 2454, 2420, 'Student', 'Y'),
(48688, 2461, 2420, 'Student', 'Y'),
(48689, 2464, 2420, 'Student', 'Y'),
(48690, 2467, 2420, 'Student', 'Y'),
(48691, 2475, 2420, 'Student', 'Y'),
(48692, 2478, 2420, 'Student', 'Y'),
(48693, 2446, 2175, 'Student', 'Y'),
(48694, 2454, 2175, 'Student', 'Y'),
(48695, 2461, 2175, 'Student', 'Y'),
(48696, 2464, 2175, 'Student', 'Y'),
(48697, 2467, 2175, 'Student', 'Y'),
(48698, 2475, 2175, 'Student', 'Y'),
(48699, 2478, 2175, 'Student', 'Y'),
(48700, 2446, 2253, 'Student', 'Y'),
(48701, 2454, 2253, 'Student', 'Y'),
(48702, 2461, 2253, 'Student', 'Y'),
(48703, 2464, 2253, 'Student', 'Y'),
(48704, 2467, 2253, 'Student', 'Y'),
(48705, 2475, 2253, 'Student', 'Y'),
(48706, 2478, 2253, 'Student', 'Y'),
(48707, 2446, 2383, 'Student', 'Y'),
(48708, 2454, 2383, 'Student', 'Y'),
(48709, 2461, 2383, 'Student', 'Y'),
(48710, 2464, 2383, 'Student', 'Y'),
(48711, 2467, 2383, 'Student', 'Y'),
(48712, 2475, 2383, 'Student', 'Y'),
(48713, 2478, 2383, 'Student', 'Y'),
(48714, 2446, 2535, 'Student', 'Y'),
(48715, 2454, 2535, 'Student', 'Y'),
(48716, 2461, 2535, 'Student', 'Y'),
(48717, 2464, 2535, 'Student', 'Y'),
(48718, 2467, 2535, 'Student', 'Y'),
(48719, 2475, 2535, 'Student', 'Y'),
(48720, 2478, 2535, 'Student', 'Y'),
(48721, 2446, 2360, 'Student', 'Y'),
(48722, 2454, 2360, 'Student', 'Y'),
(48723, 2461, 2360, 'Student', 'Y'),
(48724, 2464, 2360, 'Student', 'Y'),
(48725, 2467, 2360, 'Student', 'Y'),
(48726, 2475, 2360, 'Student', 'Y'),
(48727, 2478, 2360, 'Student', 'Y'),
(48728, 2446, 2166, 'Student', 'Y'),
(48729, 2454, 2166, 'Student', 'Y'),
(48730, 2461, 2166, 'Student', 'Y'),
(48731, 2464, 2166, 'Student', 'Y'),
(48732, 2467, 2166, 'Student', 'Y'),
(48733, 2475, 2166, 'Student', 'Y'),
(48734, 2478, 2166, 'Student', 'Y'),
(48735, 2447, 2169, 'Student', 'Y'),
(48736, 2455, 2169, 'Student', 'Y'),
(48737, 2462, 2169, 'Student', 'Y'),
(48738, 2465, 2169, 'Student', 'Y'),
(48739, 2468, 2169, 'Student', 'Y'),
(48740, 2476, 2169, 'Student', 'Y'),
(48741, 2479, 2169, 'Student', 'Y'),
(48742, 2447, 2505, 'Student', 'Y'),
(48743, 2455, 2505, 'Student', 'Y'),
(48744, 2462, 2505, 'Student', 'Y'),
(48745, 2465, 2505, 'Student', 'Y'),
(48746, 2468, 2505, 'Student', 'Y'),
(48747, 2476, 2505, 'Student', 'Y'),
(48748, 2479, 2505, 'Student', 'Y'),
(48749, 2447, 2283, 'Student', 'Y'),
(48750, 2455, 2283, 'Student', 'Y'),
(48751, 2462, 2283, 'Student', 'Y'),
(48752, 2465, 2283, 'Student', 'Y'),
(48753, 2468, 2283, 'Student', 'Y'),
(48754, 2476, 2283, 'Student', 'Y'),
(48755, 2479, 2283, 'Student', 'Y'),
(48756, 2447, 2511, 'Student', 'Y'),
(48757, 2455, 2511, 'Student', 'Y'),
(48758, 2462, 2511, 'Student', 'Y'),
(48759, 2465, 2511, 'Student', 'Y'),
(48760, 2468, 2511, 'Student', 'Y'),
(48761, 2476, 2511, 'Student', 'Y'),
(48762, 2479, 2511, 'Student', 'Y'),
(48763, 2447, 2498, 'Student', 'Y'),
(48764, 2455, 2498, 'Student', 'Y'),
(48765, 2462, 2498, 'Student', 'Y'),
(48766, 2465, 2498, 'Student', 'Y'),
(48767, 2468, 2498, 'Student', 'Y'),
(48768, 2476, 2498, 'Student', 'Y'),
(48769, 2479, 2498, 'Student', 'Y'),
(48770, 2447, 2193, 'Student', 'Y'),
(48771, 2455, 2193, 'Student', 'Y'),
(48772, 2462, 2193, 'Student', 'Y'),
(48773, 2465, 2193, 'Student', 'Y'),
(48774, 2468, 2193, 'Student', 'Y'),
(48775, 2476, 2193, 'Student', 'Y'),
(48776, 2479, 2193, 'Student', 'Y'),
(48777, 2447, 2537, 'Student', 'Y'),
(48778, 2455, 2537, 'Student', 'Y'),
(48779, 2462, 2537, 'Student', 'Y'),
(48780, 2465, 2537, 'Student', 'Y'),
(48781, 2468, 2537, 'Student', 'Y'),
(48782, 2476, 2537, 'Student', 'Y'),
(48783, 2479, 2537, 'Student', 'Y'),
(48784, 2447, 2212, 'Student', 'Y'),
(48785, 2455, 2212, 'Student', 'Y'),
(48786, 2462, 2212, 'Student', 'Y'),
(48787, 2465, 2212, 'Student', 'Y'),
(48788, 2468, 2212, 'Student', 'Y'),
(48789, 2476, 2212, 'Student', 'Y'),
(48790, 2479, 2212, 'Student', 'Y'),
(48791, 2447, 2374, 'Student', 'Y'),
(48792, 2455, 2374, 'Student', 'Y'),
(48793, 2462, 2374, 'Student', 'Y'),
(48794, 2465, 2374, 'Student', 'Y'),
(48795, 2468, 2374, 'Student', 'Y'),
(48796, 2476, 2374, 'Student', 'Y'),
(48797, 2479, 2374, 'Student', 'Y'),
(48798, 2447, 2323, 'Student', 'Y'),
(48799, 2455, 2323, 'Student', 'Y'),
(48800, 2462, 2323, 'Student', 'Y'),
(48801, 2465, 2323, 'Student', 'Y'),
(48802, 2468, 2323, 'Student', 'Y'),
(48803, 2476, 2323, 'Student', 'Y'),
(48804, 2479, 2323, 'Student', 'Y'),
(48805, 2447, 2364, 'Student', 'Y'),
(48806, 2455, 2364, 'Student', 'Y'),
(48807, 2462, 2364, 'Student', 'Y'),
(48808, 2465, 2364, 'Student', 'Y'),
(48809, 2468, 2364, 'Student', 'Y'),
(48810, 2476, 2364, 'Student', 'Y'),
(48811, 2479, 2364, 'Student', 'Y'),
(48812, 2447, 2333, 'Student', 'Y'),
(48813, 2455, 2333, 'Student', 'Y'),
(48814, 2462, 2333, 'Student', 'Y'),
(48815, 2465, 2333, 'Student', 'Y'),
(48816, 2468, 2333, 'Student', 'Y'),
(48817, 2476, 2333, 'Student', 'Y'),
(48818, 2479, 2333, 'Student', 'Y'),
(48819, 2447, 2233, 'Student', 'Y'),
(48820, 2455, 2233, 'Student', 'Y'),
(48821, 2462, 2233, 'Student', 'Y'),
(48822, 2465, 2233, 'Student', 'Y'),
(48823, 2468, 2233, 'Student', 'Y'),
(48824, 2476, 2233, 'Student', 'Y'),
(48825, 2479, 2233, 'Student', 'Y'),
(48826, 2447, 2243, 'Student', 'Y'),
(48827, 2455, 2243, 'Student', 'Y'),
(48828, 2462, 2243, 'Student', 'Y'),
(48829, 2465, 2243, 'Student', 'Y'),
(48830, 2468, 2243, 'Student', 'Y'),
(48831, 2476, 2243, 'Student', 'Y'),
(48832, 2479, 2243, 'Student', 'Y'),
(48833, 2447, 2216, 'Student', 'Y'),
(48834, 2455, 2216, 'Student', 'Y'),
(48835, 2462, 2216, 'Student', 'Y'),
(48836, 2465, 2216, 'Student', 'Y'),
(48837, 2468, 2216, 'Student', 'Y'),
(48838, 2476, 2216, 'Student', 'Y'),
(48839, 2479, 2216, 'Student', 'Y'),
(48840, 2447, 2330, 'Student', 'Y'),
(48841, 2455, 2330, 'Student', 'Y'),
(48842, 2462, 2330, 'Student', 'Y'),
(48843, 2465, 2330, 'Student', 'Y'),
(48844, 2468, 2330, 'Student', 'Y'),
(48845, 2476, 2330, 'Student', 'Y'),
(48846, 2479, 2330, 'Student', 'Y'),
(48847, 2447, 2514, 'Student', 'Y'),
(48848, 2455, 2514, 'Student', 'Y'),
(48849, 2462, 2514, 'Student', 'Y'),
(48850, 2465, 2514, 'Student', 'Y'),
(48851, 2468, 2514, 'Student', 'Y'),
(48852, 2476, 2514, 'Student', 'Y'),
(48853, 2479, 2514, 'Student', 'Y'),
(48854, 2447, 2215, 'Student', 'Y'),
(48855, 2455, 2215, 'Student', 'Y'),
(48856, 2462, 2215, 'Student', 'Y'),
(48857, 2465, 2215, 'Student', 'Y'),
(48858, 2468, 2215, 'Student', 'Y'),
(48859, 2476, 2215, 'Student', 'Y'),
(48860, 2479, 2215, 'Student', 'Y'),
(48861, 2447, 2302, 'Student', 'Y'),
(48862, 2455, 2302, 'Student', 'Y'),
(48863, 2462, 2302, 'Student', 'Y'),
(48864, 2465, 2302, 'Student', 'Y'),
(48865, 2468, 2302, 'Student', 'Y'),
(48866, 2476, 2302, 'Student', 'Y'),
(48867, 2479, 2302, 'Student', 'Y'),
(48868, 2447, 2517, 'Student', 'Y'),
(48869, 2455, 2517, 'Student', 'Y'),
(48870, 2462, 2517, 'Student', 'Y'),
(48871, 2465, 2517, 'Student', 'Y'),
(48872, 2468, 2517, 'Student', 'Y'),
(48873, 2476, 2517, 'Student', 'Y'),
(48874, 2479, 2517, 'Student', 'Y'),
(48875, 2447, 2340, 'Student', 'Y'),
(48876, 2455, 2340, 'Student', 'Y'),
(48877, 2462, 2340, 'Student', 'Y'),
(48878, 2465, 2340, 'Student', 'Y'),
(48879, 2468, 2340, 'Student', 'Y'),
(48880, 2476, 2340, 'Student', 'Y'),
(48881, 2479, 2340, 'Student', 'Y'),
(48882, 2445, 2247, 'Student', 'Y'),
(48883, 2453, 2247, 'Student', 'Y'),
(48884, 2460, 2247, 'Student', 'Y'),
(48885, 2463, 2247, 'Student', 'Y'),
(48886, 2466, 2247, 'Student', 'Y'),
(48887, 2474, 2247, 'Student', 'Y'),
(48888, 2477, 2247, 'Student', 'Y'),
(48889, 2445, 2194, 'Student', 'Y'),
(48890, 2453, 2194, 'Student', 'Y'),
(48891, 2460, 2194, 'Student', 'Y'),
(48892, 2463, 2194, 'Student', 'Y'),
(48893, 2466, 2194, 'Student', 'Y'),
(48894, 2474, 2194, 'Student', 'Y'),
(48895, 2477, 2194, 'Student', 'Y'),
(48896, 2445, 2172, 'Student', 'Y'),
(48897, 2453, 2172, 'Student', 'Y'),
(48898, 2460, 2172, 'Student', 'Y'),
(48899, 2463, 2172, 'Student', 'Y'),
(48900, 2466, 2172, 'Student', 'Y'),
(48901, 2474, 2172, 'Student', 'Y'),
(48902, 2477, 2172, 'Student', 'Y'),
(48903, 2445, 2293, 'Student', 'Y'),
(48904, 2453, 2293, 'Student', 'Y'),
(48905, 2460, 2293, 'Student', 'Y'),
(48906, 2463, 2293, 'Student', 'Y'),
(48907, 2466, 2293, 'Student', 'Y'),
(48908, 2474, 2293, 'Student', 'Y'),
(48909, 2477, 2293, 'Student', 'Y'),
(48910, 2445, 2250, 'Student', 'Y'),
(48911, 2453, 2250, 'Student', 'Y'),
(48912, 2460, 2250, 'Student', 'Y'),
(48913, 2463, 2250, 'Student', 'Y'),
(48914, 2466, 2250, 'Student', 'Y'),
(48915, 2474, 2250, 'Student', 'Y'),
(48916, 2477, 2250, 'Student', 'Y'),
(48917, 2445, 2277, 'Student', 'Y'),
(48918, 2453, 2277, 'Student', 'Y'),
(48919, 2460, 2277, 'Student', 'Y'),
(48920, 2463, 2277, 'Student', 'Y'),
(48921, 2466, 2277, 'Student', 'Y'),
(48922, 2474, 2277, 'Student', 'Y'),
(48923, 2477, 2277, 'Student', 'Y'),
(48924, 2445, 2319, 'Student', 'Y'),
(48925, 2453, 2319, 'Student', 'Y'),
(48926, 2460, 2319, 'Student', 'Y'),
(48927, 2463, 2319, 'Student', 'Y'),
(48928, 2466, 2319, 'Student', 'Y'),
(48929, 2474, 2319, 'Student', 'Y'),
(48930, 2477, 2319, 'Student', 'Y'),
(48931, 2445, 2299, 'Student', 'Y'),
(48932, 2453, 2299, 'Student', 'Y'),
(48933, 2460, 2299, 'Student', 'Y'),
(48934, 2463, 2299, 'Student', 'Y'),
(48935, 2466, 2299, 'Student', 'Y'),
(48936, 2474, 2299, 'Student', 'Y'),
(48937, 2477, 2299, 'Student', 'Y'),
(48938, 2445, 2508, 'Student', 'Y'),
(48939, 2453, 2508, 'Student', 'Y'),
(48940, 2460, 2508, 'Student', 'Y'),
(48941, 2463, 2508, 'Student', 'Y'),
(48942, 2466, 2508, 'Student', 'Y'),
(48943, 2474, 2508, 'Student', 'Y'),
(48944, 2477, 2508, 'Student', 'Y'),
(48945, 2445, 2504, 'Student', 'Y'),
(48946, 2453, 2504, 'Student', 'Y'),
(48947, 2460, 2504, 'Student', 'Y'),
(48948, 2463, 2504, 'Student', 'Y'),
(48949, 2466, 2504, 'Student', 'Y'),
(48950, 2474, 2504, 'Student', 'Y'),
(48951, 2477, 2504, 'Student', 'Y'),
(48952, 2445, 2187, 'Student', 'Y'),
(48953, 2453, 2187, 'Student', 'Y'),
(48954, 2460, 2187, 'Student', 'Y'),
(48955, 2463, 2187, 'Student', 'Y'),
(48956, 2466, 2187, 'Student', 'Y'),
(48957, 2474, 2187, 'Student', 'Y'),
(48958, 2477, 2187, 'Student', 'Y'),
(48959, 2445, 2200, 'Student', 'Y'),
(48960, 2453, 2200, 'Student', 'Y'),
(48961, 2460, 2200, 'Student', 'Y'),
(48962, 2463, 2200, 'Student', 'Y'),
(48963, 2466, 2200, 'Student', 'Y'),
(48964, 2474, 2200, 'Student', 'Y'),
(48965, 2477, 2200, 'Student', 'Y'),
(48966, 2445, 2545, 'Student', 'Y'),
(48967, 2453, 2545, 'Student', 'Y'),
(48968, 2460, 2545, 'Student', 'Y'),
(48969, 2463, 2545, 'Student', 'Y'),
(48970, 2466, 2545, 'Student', 'Y'),
(48971, 2474, 2545, 'Student', 'Y'),
(48972, 2477, 2545, 'Student', 'Y'),
(48973, 2445, 2163, 'Student', 'Y'),
(48974, 2453, 2163, 'Student', 'Y'),
(48975, 2460, 2163, 'Student', 'Y'),
(48976, 2463, 2163, 'Student', 'Y'),
(48977, 2466, 2163, 'Student', 'Y'),
(48978, 2474, 2163, 'Student', 'Y'),
(48979, 2477, 2163, 'Student', 'Y'),
(48980, 2445, 2348, 'Student', 'Y'),
(48981, 2453, 2348, 'Student', 'Y'),
(48982, 2460, 2348, 'Student', 'Y'),
(48983, 2463, 2348, 'Student', 'Y'),
(48984, 2466, 2348, 'Student', 'Y'),
(48985, 2474, 2348, 'Student', 'Y'),
(48986, 2477, 2348, 'Student', 'Y'),
(48987, 2445, 2231, 'Student', 'Y'),
(48988, 2453, 2231, 'Student', 'Y'),
(48989, 2460, 2231, 'Student', 'Y'),
(48990, 2463, 2231, 'Student', 'Y'),
(48991, 2466, 2231, 'Student', 'Y'),
(48992, 2474, 2231, 'Student', 'Y'),
(48993, 2477, 2231, 'Student', 'Y'),
(48994, 2445, 2160, 'Student', 'Y'),
(48995, 2453, 2160, 'Student', 'Y'),
(48996, 2460, 2160, 'Student', 'Y'),
(48997, 2463, 2160, 'Student', 'Y'),
(48998, 2466, 2160, 'Student', 'Y'),
(48999, 2474, 2160, 'Student', 'Y'),
(49000, 2477, 2160, 'Student', 'Y'),
(49001, 2445, 2203, 'Student', 'Y'),
(49002, 2453, 2203, 'Student', 'Y'),
(49003, 2460, 2203, 'Student', 'Y'),
(49004, 2463, 2203, 'Student', 'Y'),
(49005, 2466, 2203, 'Student', 'Y'),
(49006, 2474, 2203, 'Student', 'Y'),
(49007, 2477, 2203, 'Student', 'Y'),
(49008, 2445, 2526, 'Student', 'Y'),
(49009, 2453, 2526, 'Student', 'Y'),
(49010, 2460, 2526, 'Student', 'Y'),
(49011, 2463, 2526, 'Student', 'Y'),
(49012, 2466, 2526, 'Student', 'Y'),
(49013, 2474, 2526, 'Student', 'Y'),
(49014, 2477, 2526, 'Student', 'Y'),
(49015, 2445, 2296, 'Student', 'Y'),
(49016, 2453, 2296, 'Student', 'Y'),
(49017, 2460, 2296, 'Student', 'Y'),
(49018, 2463, 2296, 'Student', 'Y'),
(49019, 2466, 2296, 'Student', 'Y'),
(49020, 2474, 2296, 'Student', 'Y'),
(49021, 2477, 2296, 'Student', 'Y'),
(49118, 2367, 1276, 'Student', 'Y'),
(49119, 2367, 1157, 'Student', 'Y'),
(49120, 2367, 1275, 'Student', 'Y'),
(49121, 2367, 2100, 'Student', 'Y'),
(49122, 2367, 1251, 'Student', 'Y'),
(49123, 2367, 1236, 'Student', 'Y'),
(49124, 2367, 1257, 'Student', 'Y'),
(49125, 2367, 1163, 'Student', 'Y'),
(49126, 2367, 1191, 'Student', 'Y'),
(49127, 2367, 1226, 'Student', 'Y'),
(49128, 2367, 2138, 'Student', 'Y'),
(49129, 2367, 1160, 'Student', 'Y'),
(49130, 2367, 2145, 'Student', 'Y'),
(49131, 2367, 1178, 'Student', 'Y'),
(49132, 2367, 2411, 'Student', 'Y'),
(49133, 2367, 1214, 'Student', 'Y'),
(49134, 2367, 1204, 'Student', 'Y'),
(49135, 2586, 1245, 'Student', 'Y'),
(49136, 2586, 2120, 'Student', 'Y'),
(49137, 2586, 1200, 'Student', 'Y'),
(49138, 2586, 1680, 'Student', 'Y'),
(49139, 2586, 1193, 'Student', 'Y'),
(49140, 2586, 1154, 'Student', 'Y'),
(49141, 2586, 1259, 'Student', 'Y'),
(49142, 2586, 1233, 'Student', 'Y'),
(49143, 2586, 1548, 'Student', 'Y'),
(49144, 2586, 1814, 'Student', 'Y'),
(49145, 2586, 1254, 'Student', 'Y'),
(49146, 2586, 1242, 'Student', 'Y'),
(49147, 2586, 1528, 'Student', 'Y'),
(49148, 2586, 1201, 'Student', 'Y'),
(49149, 2586, 2103, 'Student', 'Y'),
(49150, 2586, 2090, 'Student', 'Y'),
(49151, 2586, 1179, 'Student', 'Y'),
(49152, 2310, 1364, 'Student', 'Y'),
(49153, 2310, 1710, 'Student', 'Y'),
(49154, 2310, 1477, 'Student', 'Y'),
(49155, 2310, 1403, 'Student', 'Y'),
(49156, 2310, 1355, 'Student', 'Y'),
(49157, 2310, 1867, 'Student', 'Y'),
(49158, 2310, 2380, 'Student', 'Y'),
(49159, 2310, 2286, 'Student', 'Y'),
(49160, 2310, 1631, 'Student', 'Y'),
(49161, 2310, 2490, 'Student', 'Y'),
(49162, 2501, 1915, 'Student', 'Y'),
(49163, 2501, 1934, 'Student', 'Y'),
(49164, 2501, 2009, 'Student', 'Y'),
(49165, 2501, 1992, 'Student', 'Y'),
(49166, 2501, 1974, 'Student', 'Y'),
(49167, 2501, 1995, 'Student', 'Y'),
(49168, 2501, 1983, 'Student', 'Y'),
(49169, 2501, 1870, 'Student', 'Y'),
(49170, 2501, 1901, 'Student', 'Y'),
(49171, 2501, 1914, 'Student', 'Y'),
(49172, 2501, 1980, 'Student', 'Y'),
(49173, 2501, 1864, 'Student', 'Y'),
(49174, 2501, 2006, 'Student', 'Y'),
(49175, 2501, 1878, 'Student', 'Y'),
(49176, 2501, 1882, 'Student', 'Y'),
(49177, 2501, 1897, 'Student', 'Y'),
(49178, 2501, 2113, 'Student', 'Y'),
(49179, 2501, 2280, 'Student', 'Y'),
(49180, 2501, 2327, 'Student', 'Y'),
(49181, 2501, 2491, 'Student', 'Y'),
(49182, 2501, 2532, 'Student', 'Y'),
(49183, 2501, 2495, 'Student', 'Y'),
(49184, 2500, 2012, 'Student', 'Y'),
(49185, 2500, 1891, 'Student', 'Y'),
(49186, 2500, 1888, 'Student', 'Y'),
(49187, 2500, 1924, 'Student', 'Y'),
(49188, 2500, 2056, 'Student', 'Y'),
(49189, 2500, 1977, 'Student', 'Y'),
(49190, 2500, 1885, 'Student', 'Y'),
(49191, 2500, 1955, 'Student', 'Y'),
(49192, 2500, 1986, 'Student', 'Y'),
(49193, 2500, 2000, 'Student', 'Y'),
(49194, 2500, 1913, 'Student', 'Y'),
(49195, 2500, 1898, 'Student', 'Y'),
(49196, 2500, 2037, 'Student', 'Y'),
(49197, 2500, 1921, 'Student', 'Y'),
(49198, 2500, 1918, 'Student', 'Y'),
(49199, 2500, 1964, 'Student', 'Y'),
(49200, 2500, 1946, 'Student', 'Y'),
(49201, 2500, 2135, 'Student', 'Y'),
(49202, 2500, 2141, 'Student', 'Y'),
(49203, 2500, 2389, 'Student', 'Y'),
(49204, 2500, 1937, 'Student', 'Y'),
(49205, 2500, 2555, 'Student', 'Y'),
(49206, 2502, 2116, 'Student', 'Y'),
(49207, 2502, 1928, 'Student', 'Y'),
(49208, 2502, 1894, 'Student', 'Y'),
(49209, 2502, 1875, 'Student', 'Y'),
(49210, 2502, 2093, 'Student', 'Y'),
(49211, 2502, 1904, 'Student', 'Y'),
(49212, 2502, 1989, 'Student', 'Y'),
(49213, 2502, 2019, 'Student', 'Y'),
(49214, 2502, 2022, 'Student', 'Y'),
(49215, 2502, 2040, 'Student', 'Y'),
(49216, 2502, 1911, 'Student', 'Y'),
(49217, 2502, 1970, 'Student', 'Y'),
(49218, 2502, 1960, 'Student', 'Y'),
(49219, 2502, 2029, 'Student', 'Y'),
(49220, 2502, 1879, 'Student', 'Y'),
(49221, 2502, 2079, 'Student', 'Y'),
(49222, 2502, 2076, 'Student', 'Y'),
(49223, 2502, 2123, 'Student', 'Y'),
(49224, 2502, 2129, 'Student', 'Y'),
(49225, 2502, 1931, 'Student', 'Y'),
(49226, 2502, 2404, 'Student', 'Y'),
(49227, 2502, 1925, 'Student', 'Y'),
(49228, 2370, 928, 'Student', 'Y'),
(49229, 2370, 922, 'Student', 'Y'),
(49230, 2370, 897, 'Student', 'Y'),
(49231, 2370, 937, 'Student', 'Y'),
(49232, 2370, 1819, 'Student', 'Y'),
(49233, 2370, 934, 'Student', 'Y'),
(49234, 2370, 925, 'Student', 'Y'),
(49235, 2371, 928, 'Student', 'Y'),
(49236, 2371, 922, 'Student', 'Y'),
(49237, 2371, 925, 'Student', 'Y'),
(49238, 2371, 897, 'Student', 'Y'),
(49239, 2371, 934, 'Student', 'Y'),
(49240, 2371, 937, 'Student', 'Y'),
(49241, 2371, 1819, 'Student', 'Y'),
(49260, 2373, 905, 'Student', 'Y'),
(49261, 2373, 928, 'Student', 'Y'),
(49262, 2373, 925, 'Student', 'Y'),
(49263, 2373, 937, 'Student', 'Y'),
(49264, 2373, 1022, 'Student', 'Y'),
(49265, 2374, 905, 'Student', 'Y'),
(49266, 2374, 928, 'Student', 'Y'),
(49267, 2374, 931, 'Student', 'Y'),
(49268, 2374, 1022, 'Student', 'Y'),
(49269, 2374, 925, 'Student', 'Y'),
(49270, 2374, 937, 'Student', 'Y'),
(49271, 2449, 2330, 'Student', 'Y'),
(49272, 2449, 2340, 'Student', 'Y'),
(49273, 2449, 2334, 'Student', 'Y'),
(49274, 2449, 2187, 'Student', 'Y'),
(49275, 2449, 2319, 'Student', 'Y'),
(49276, 2449, 2215, 'Student', 'Y'),
(49277, 2449, 2302, 'Student', 'Y'),
(49278, 2449, 2383, 'Student', 'Y'),
(49279, 2449, 2420, 'Student', 'Y'),
(49280, 2449, 2526, 'Student', 'Y'),
(49281, 2449, 2520, 'Student', 'Y'),
(49282, 2449, 2498, 'Student', 'Y'),
(49283, 2449, 2508, 'Student', 'Y'),
(49284, 2449, 2505, 'Student', 'Y'),
(49285, 2449, 2535, 'Student', 'Y'),
(49286, 2449, 2545, 'Student', 'Y'),
(49287, 2448, 2194, 'Student', 'Y'),
(49288, 2448, 2172, 'Student', 'Y'),
(49289, 2448, 2250, 'Student', 'Y'),
(49290, 2448, 2160, 'Student', 'Y'),
(49291, 2448, 2166, 'Student', 'Y'),
(49292, 2448, 2501, 'Student', 'Y'),
(49293, 2448, 2277, 'Student', 'Y'),
(49294, 2448, 2293, 'Student', 'Y'),
(49295, 2452, 2348, 'Student', 'Y'),
(49296, 2452, 2178, 'Student', 'Y'),
(49297, 2452, 2262, 'Student', 'Y'),
(49298, 2452, 2206, 'Student', 'Y'),
(49299, 2452, 2175, 'Student', 'Y'),
(49300, 2452, 2150, 'Student', 'Y'),
(49301, 2452, 2233, 'Student', 'Y'),
(49302, 2452, 2268, 'Student', 'Y'),
(49303, 2452, 2371, 'Student', 'Y'),
(49304, 2452, 2504, 'Student', 'Y'),
(49305, 2452, 2514, 'Student', 'Y'),
(49306, 2452, 2517, 'Student', 'Y'),
(49307, 2451, 2212, 'Student', 'Y'),
(49308, 2451, 2333, 'Student', 'Y'),
(49309, 2451, 2232, 'Student', 'Y'),
(49310, 2451, 2243, 'Student', 'Y'),
(49311, 2451, 2239, 'Student', 'Y'),
(49312, 2451, 2395, 'Student', 'Y'),
(49313, 2451, 2236, 'Student', 'Y'),
(49314, 2451, 2169, 'Student', 'Y'),
(49315, 2450, 2193, 'Student', 'Y'),
(49316, 2450, 2323, 'Student', 'Y'),
(49317, 2450, 2190, 'Student', 'Y'),
(49318, 2450, 2283, 'Student', 'Y'),
(49319, 2450, 2537, 'Student', 'Y'),
(49320, 2486, 1992, 'Student', 'Y'),
(49321, 2486, 1870, 'Student', 'Y'),
(49322, 2486, 1980, 'Student', 'Y'),
(49323, 2486, 2012, 'Student', 'Y'),
(49324, 2486, 1888, 'Student', 'Y'),
(49325, 2486, 1898, 'Student', 'Y'),
(49326, 2486, 2037, 'Student', 'Y'),
(49327, 2486, 1970, 'Student', 'Y'),
(49328, 2486, 2135, 'Student', 'Y'),
(49329, 2486, 2116, 'Student', 'Y'),
(49330, 2486, 2280, 'Student', 'Y'),
(49331, 2486, 2389, 'Student', 'Y'),
(49332, 2486, 2404, 'Student', 'Y'),
(49333, 2486, 2532, 'Student', 'Y'),
(49334, 2486, 2495, 'Student', 'Y'),
(49335, 2486, 2555, 'Student', 'Y'),
(49336, 2485, 1924, 'Student', 'Y'),
(49337, 2485, 2056, 'Student', 'Y'),
(49338, 2485, 1894, 'Student', 'Y'),
(49339, 2485, 1931, 'Student', 'Y'),
(49340, 2485, 1879, 'Student', 'Y'),
(49341, 2485, 2079, 'Student', 'Y'),
(49342, 2485, 2040, 'Student', 'Y'),
(49343, 2485, 1864, 'Student', 'Y'),
(49344, 2485, 1925, 'Student', 'Y'),
(49345, 2485, 1897, 'Student', 'Y'),
(49346, 2485, 1891, 'Student', 'Y'),
(49347, 2485, 2000, 'Student', 'Y'),
(49348, 2485, 2093, 'Student', 'Y'),
(49349, 2489, 1915, 'Student', 'Y'),
(49350, 2489, 1974, 'Student', 'Y'),
(49351, 2489, 1901, 'Student', 'Y'),
(49352, 2489, 1914, 'Student', 'Y'),
(49353, 2489, 2327, 'Student', 'Y'),
(49354, 2489, 1905, 'Student', 'Y'),
(49355, 2489, 1977, 'Student', 'Y'),
(49356, 2489, 1885, 'Student', 'Y'),
(49357, 2489, 1964, 'Student', 'Y'),
(49358, 2489, 1911, 'Student', 'Y'),
(49359, 2489, 2009, 'Student', 'Y'),
(49360, 2489, 1934, 'Student', 'Y'),
(49361, 2489, 1955, 'Student', 'Y'),
(49362, 2487, 1995, 'Student', 'Y'),
(49363, 2487, 1921, 'Student', 'Y'),
(49364, 2487, 2129, 'Student', 'Y'),
(49365, 2487, 2029, 'Student', 'Y'),
(49366, 2487, 2141, 'Student', 'Y'),
(49367, 2487, 1875, 'Student', 'Y'),
(49368, 2487, 1983, 'Student', 'Y'),
(49369, 2487, 2491, 'Student', 'Y'),
(49370, 2487, 1946, 'Student', 'Y'),
(49371, 2488, 1913, 'Student', 'Y'),
(49372, 2488, 1928, 'Student', 'Y'),
(49373, 2488, 1904, 'Student', 'Y'),
(49374, 2488, 1989, 'Student', 'Y'),
(49375, 2282, 1642, 'Student', 'Y'),
(49376, 2282, 1639, 'Student', 'Y'),
(49377, 2282, 1700, 'Student', 'Y'),
(49378, 2282, 1617, 'Student', 'Y'),
(49379, 2282, 1654, 'Student', 'Y'),
(49380, 2282, 1657, 'Student', 'Y'),
(49381, 2282, 1603, 'Student', 'Y'),
(49382, 2282, 1779, 'Student', 'Y'),
(49383, 2282, 1744, 'Student', 'Y'),
(49384, 2282, 2097, 'Student', 'Y'),
(49385, 2282, 2156, 'Student', 'Y'),
(49386, 2282, 2386, 'Student', 'Y'),
(49387, 2282, 2035, 'Student', 'Y'),
(49388, 2282, 2441, 'Student', 'Y'),
(49389, 2282, 2673, 'Student', 'Y'),
(49390, 2282, 2737, 'Student', 'Y'),
(49391, 2281, 1848, 'Student', 'Y'),
(49392, 2281, 1612, 'Student', 'Y'),
(49393, 2281, 1645, 'Student', 'Y'),
(49394, 2281, 1713, 'Student', 'Y'),
(49395, 2281, 1739, 'Student', 'Y'),
(49396, 2281, 2066, 'Student', 'Y'),
(49397, 2281, 1828, 'Student', 'Y'),
(49398, 2281, 1677, 'Student', 'Y'),
(49399, 2281, 2548, 'Student', 'Y'),
(49400, 2281, 2719, 'Student', 'Y'),
(49401, 2281, 2723, 'Student', 'Y'),
(49402, 2284, 1721, 'Student', 'Y'),
(49403, 2284, 2309, 'Student', 'Y'),
(49404, 2284, 1735, 'Student', 'Y'),
(49405, 2284, 1791, 'Student', 'Y'),
(49406, 2284, 1621, 'Student', 'Y'),
(49407, 2283, 1593, 'Student', 'Y'),
(49408, 2283, 1761, 'Student', 'Y'),
(49409, 2283, 1773, 'Student', 'Y'),
(49410, 2283, 1753, 'Student', 'Y'),
(49411, 2283, 1796, 'Student', 'Y'),
(49412, 2283, 1628, 'Student', 'Y'),
(49413, 2283, 2081, 'Student', 'Y'),
(49414, 2283, 1801, 'Student', 'Y'),
(49415, 2285, 1591, 'Student', 'Y'),
(49416, 2285, 1706, 'Student', 'Y'),
(49417, 2285, 2063, 'Student', 'Y'),
(49418, 2285, 1600, 'Student', 'Y'),
(49419, 2285, 2401, 'Student', 'Y'),
(49420, 2285, 2488, 'Student', 'Y'),
(49421, 2312, 1445, 'Student', 'Y'),
(49422, 2312, 1403, 'Student', 'Y'),
(49423, 2312, 1477, 'Student', 'Y'),
(49424, 2312, 1364, 'Student', 'Y'),
(49425, 2312, 1571, 'Student', 'Y'),
(49426, 2312, 1427, 'Student', 'Y'),
(49427, 2312, 1585, 'Student', 'Y'),
(49428, 2312, 1631, 'Student', 'Y'),
(49429, 2312, 1867, 'Student', 'Y'),
(49430, 2312, 2084, 'Student', 'Y'),
(49431, 2312, 1400, 'Student', 'Y'),
(49432, 2312, 2286, 'Student', 'Y'),
(49433, 2312, 2306, 'Student', 'Y'),
(49434, 2312, 2398, 'Student', 'Y'),
(49435, 2312, 2380, 'Student', 'Y'),
(49436, 2312, 2444, 'Student', 'Y'),
(49437, 2312, 2729, 'Student', 'Y'),
(49438, 2311, 1352, 'Student', 'Y'),
(49439, 2311, 1358, 'Student', 'Y'),
(49440, 2311, 1486, 'Student', 'Y'),
(49441, 2311, 1355, 'Student', 'Y'),
(49442, 2311, 1492, 'Student', 'Y'),
(49443, 2311, 1483, 'Student', 'Y'),
(49444, 2311, 1377, 'Student', 'Y'),
(49445, 2311, 1845, 'Student', 'Y'),
(49446, 2313, 1393, 'Student', 'Y'),
(49447, 2313, 1391, 'Student', 'Y'),
(49448, 2313, 1465, 'Student', 'Y'),
(49449, 2313, 1424, 'Student', 'Y'),
(49450, 2313, 1538, 'Student', 'Y'),
(49451, 2313, 1507, 'Student', 'Y');
INSERT INTO `gibboncourseclassperson` (`gibbonCourseClassPersonID`, `gibbonCourseClassID`, `gibbonPersonID`, `role`, `reportable`) VALUES
(49452, 2313, 1396, 'Student', 'Y'),
(49453, 2520, 1520, 'Student', 'Y'),
(49454, 2520, 1430, 'Student', 'Y'),
(49455, 2520, 1367, 'Student', 'Y'),
(49456, 2520, 1440, 'Student', 'Y'),
(49457, 2520, 2407, 'Student', 'Y'),
(49458, 2520, 1410, 'Student', 'Y'),
(49459, 2521, 2316, 'Student', 'Y'),
(49460, 2521, 2357, 'Student', 'Y'),
(49461, 2521, 2490, 'Student', 'Y'),
(49462, 2376, 1016, 'Student', 'Y'),
(49463, 2376, 1008, 'Student', 'Y'),
(49464, 2376, 1819, 'Student', 'Y'),
(49465, 2376, 1019, 'Student', 'Y'),
(49466, 2376, 2392, 'Student', 'Y'),
(49467, 2377, 905, 'Student', 'Y'),
(49468, 2377, 928, 'Student', 'Y'),
(49469, 2377, 931, 'Student', 'Y'),
(49470, 2377, 922, 'Student', 'Y'),
(49471, 2377, 925, 'Student', 'Y'),
(49472, 2377, 964, 'Student', 'Y'),
(49473, 2377, 897, 'Student', 'Y'),
(49474, 2377, 913, 'Student', 'Y'),
(49475, 2377, 937, 'Student', 'Y'),
(49476, 2377, 934, 'Student', 'Y'),
(49477, 2314, 1692, 'Student', 'Y'),
(49478, 2314, 1430, 'Student', 'Y'),
(49479, 2314, 2084, 'Student', 'Y'),
(49480, 2314, 1416, 'Student', 'Y'),
(49481, 2314, 1445, 'Student', 'Y'),
(49482, 2314, 1486, 'Student', 'Y'),
(49483, 2314, 1367, 'Student', 'Y'),
(49484, 2314, 1440, 'Student', 'Y'),
(49485, 2314, 1507, 'Student', 'Y'),
(49486, 2314, 1520, 'Student', 'Y'),
(49487, 2314, 1410, 'Student', 'Y'),
(49488, 2314, 1538, 'Student', 'Y'),
(49489, 2314, 1393, 'Student', 'Y'),
(49490, 2314, 1377, 'Student', 'Y'),
(49491, 2314, 1492, 'Student', 'Y'),
(49492, 2314, 1465, 'Student', 'Y'),
(49493, 2314, 1585, 'Student', 'Y'),
(49494, 2314, 1424, 'Student', 'Y'),
(49495, 2314, 2316, 'Student', 'Y'),
(49496, 2315, 1364, 'Student', 'Y'),
(49497, 2315, 1424, 'Student', 'Y'),
(49498, 2315, 2084, 'Student', 'Y'),
(49499, 2315, 1710, 'Student', 'Y'),
(49500, 2315, 1396, 'Student', 'Y'),
(49501, 2315, 1358, 'Student', 'Y'),
(49502, 2315, 1440, 'Student', 'Y'),
(49503, 2315, 1507, 'Student', 'Y'),
(49504, 2315, 1374, 'Student', 'Y'),
(49505, 2315, 1403, 'Student', 'Y'),
(49506, 2315, 1538, 'Student', 'Y'),
(49507, 2315, 1393, 'Student', 'Y'),
(49508, 2315, 1355, 'Student', 'Y'),
(49509, 2315, 1492, 'Student', 'Y'),
(49510, 2315, 1465, 'Student', 'Y'),
(49511, 2315, 1585, 'Student', 'Y'),
(49512, 2315, 1692, 'Student', 'Y'),
(49513, 2315, 1391, 'Student', 'Y'),
(49514, 2315, 2357, 'Student', 'Y'),
(49515, 2315, 2398, 'Student', 'Y'),
(49516, 2315, 2407, 'Student', 'Y'),
(49517, 2315, 1631, 'Student', 'Y'),
(49518, 2315, 1867, 'Student', 'Y'),
(49519, 2315, 2380, 'Student', 'Y'),
(49520, 2378, 905, 'Student', 'Y'),
(49521, 2378, 931, 'Student', 'Y'),
(49522, 2378, 1016, 'Student', 'Y'),
(49523, 2378, 1022, 'Student', 'Y'),
(49524, 2378, 964, 'Student', 'Y'),
(49525, 2378, 2184, 'Student', 'Y'),
(49526, 2378, 1008, 'Student', 'Y'),
(49545, 2532, 2283, 'Student', 'Y'),
(49546, 2532, 2193, 'Student', 'Y'),
(49547, 2532, 2212, 'Student', 'Y'),
(49548, 2532, 2299, 'Student', 'Y'),
(49549, 2532, 2323, 'Student', 'Y'),
(49550, 2532, 2333, 'Student', 'Y'),
(49551, 2532, 2232, 'Student', 'Y'),
(49552, 2532, 2243, 'Student', 'Y'),
(49553, 2532, 2216, 'Student', 'Y'),
(49554, 2532, 2330, 'Student', 'Y'),
(49555, 2532, 2340, 'Student', 'Y'),
(49556, 2532, 2215, 'Student', 'Y'),
(49557, 2532, 2233, 'Student', 'Y'),
(49558, 2532, 2169, 'Student', 'Y'),
(49559, 2532, 2175, 'Student', 'Y'),
(49560, 2532, 2374, 'Student', 'Y'),
(49561, 2532, 2364, 'Student', 'Y'),
(49562, 2532, 2395, 'Student', 'Y'),
(49563, 2532, 2514, 'Student', 'Y'),
(49564, 2532, 2511, 'Student', 'Y'),
(49565, 2532, 2505, 'Student', 'Y'),
(49566, 2532, 2529, 'Student', 'Y'),
(49567, 2533, 2190, 'Student', 'Y'),
(49568, 2533, 2334, 'Student', 'Y'),
(49569, 2533, 2236, 'Student', 'Y'),
(49570, 2533, 2239, 'Student', 'Y'),
(49571, 2533, 2187, 'Student', 'Y'),
(49572, 2533, 2178, 'Student', 'Y'),
(49573, 2533, 2206, 'Student', 'Y'),
(49574, 2533, 2274, 'Student', 'Y'),
(49575, 2533, 2271, 'Student', 'Y'),
(49576, 2533, 2253, 'Student', 'Y'),
(49577, 2533, 2166, 'Student', 'Y'),
(49578, 2533, 2348, 'Student', 'Y'),
(49579, 2533, 2150, 'Student', 'Y'),
(49580, 2533, 2163, 'Student', 'Y'),
(49581, 2533, 2360, 'Student', 'Y'),
(49582, 2533, 2371, 'Student', 'Y'),
(49583, 2533, 2383, 'Student', 'Y'),
(49584, 2533, 2420, 'Student', 'Y'),
(49585, 2533, 2523, 'Student', 'Y'),
(49586, 2533, 2517, 'Student', 'Y'),
(49587, 2533, 2501, 'Student', 'Y'),
(49588, 2533, 2520, 'Student', 'Y'),
(49589, 2533, 2526, 'Student', 'Y'),
(49590, 2531, 2247, 'Student', 'Y'),
(49591, 2531, 2194, 'Student', 'Y'),
(49592, 2531, 2293, 'Student', 'Y'),
(49593, 2531, 2250, 'Student', 'Y'),
(49594, 2531, 2277, 'Student', 'Y'),
(49595, 2531, 2319, 'Student', 'Y'),
(49596, 2531, 2200, 'Student', 'Y'),
(49597, 2531, 2231, 'Student', 'Y'),
(49598, 2531, 2268, 'Student', 'Y'),
(49599, 2531, 2262, 'Student', 'Y'),
(49600, 2531, 2203, 'Student', 'Y'),
(49601, 2531, 2296, 'Student', 'Y'),
(49602, 2531, 2302, 'Student', 'Y'),
(49603, 2531, 2265, 'Student', 'Y'),
(49604, 2531, 2160, 'Student', 'Y'),
(49605, 2531, 2172, 'Student', 'Y'),
(49606, 2531, 2508, 'Student', 'Y'),
(49607, 2531, 2504, 'Student', 'Y'),
(49608, 2531, 2498, 'Student', 'Y'),
(49609, 2531, 2535, 'Student', 'Y'),
(49610, 2531, 2537, 'Student', 'Y'),
(49611, 2531, 2545, 'Student', 'Y'),
(49612, 2537, 1964, 'Student', 'Y'),
(49613, 2537, 1918, 'Student', 'Y'),
(49614, 2537, 1898, 'Student', 'Y'),
(49615, 2537, 1913, 'Student', 'Y'),
(49616, 2537, 1885, 'Student', 'Y'),
(49617, 2537, 1875, 'Student', 'Y'),
(49618, 2537, 2029, 'Student', 'Y'),
(49619, 2537, 2009, 'Student', 'Y'),
(49620, 2537, 1974, 'Student', 'Y'),
(49621, 2537, 1870, 'Student', 'Y'),
(49622, 2537, 1980, 'Student', 'Y'),
(49623, 2537, 1925, 'Student', 'Y'),
(49624, 2537, 2280, 'Student', 'Y'),
(49625, 2537, 1864, 'Student', 'Y'),
(49626, 2537, 2006, 'Student', 'Y'),
(49627, 2537, 2491, 'Student', 'Y'),
(49628, 2537, 2532, 'Student', 'Y'),
(49629, 2536, 1888, 'Student', 'Y'),
(49630, 2536, 2056, 'Student', 'Y'),
(49631, 2536, 1977, 'Student', 'Y'),
(49632, 2536, 2141, 'Student', 'Y'),
(49633, 2536, 1921, 'Student', 'Y'),
(49634, 2536, 2135, 'Student', 'Y'),
(49635, 2536, 1934, 'Student', 'Y'),
(49636, 2536, 1983, 'Student', 'Y'),
(49637, 2536, 2327, 'Student', 'Y'),
(49638, 2536, 1937, 'Student', 'Y'),
(49639, 2536, 1882, 'Student', 'Y'),
(49640, 2536, 1897, 'Student', 'Y'),
(49641, 2536, 1904, 'Student', 'Y'),
(49642, 2536, 2019, 'Student', 'Y'),
(49643, 2536, 1970, 'Student', 'Y'),
(49644, 2536, 2116, 'Student', 'Y'),
(49645, 2536, 2040, 'Student', 'Y'),
(49646, 2535, 2079, 'Student', 'Y'),
(49647, 2535, 1960, 'Student', 'Y'),
(49648, 2535, 1911, 'Student', 'Y'),
(49649, 2535, 2093, 'Student', 'Y'),
(49650, 2535, 2129, 'Student', 'Y'),
(49651, 2535, 1928, 'Student', 'Y'),
(49652, 2535, 2113, 'Student', 'Y'),
(49653, 2535, 1989, 'Student', 'Y'),
(49654, 2535, 1931, 'Student', 'Y'),
(49655, 2535, 2012, 'Student', 'Y'),
(49656, 2535, 1905, 'Student', 'Y'),
(49657, 2535, 1924, 'Student', 'Y'),
(49658, 2535, 2037, 'Student', 'Y'),
(49659, 2535, 2000, 'Student', 'Y'),
(49660, 2535, 2389, 'Student', 'Y'),
(49661, 2535, 2404, 'Student', 'Y'),
(49662, 2535, 2555, 'Student', 'Y'),
(49663, 2538, 1878, 'Student', 'Y'),
(49664, 2538, 1914, 'Student', 'Y'),
(49665, 2538, 1901, 'Student', 'Y'),
(49666, 2538, 1995, 'Student', 'Y'),
(49667, 2538, 1915, 'Student', 'Y'),
(49668, 2538, 1992, 'Student', 'Y'),
(49669, 2538, 1894, 'Student', 'Y'),
(49670, 2538, 2123, 'Student', 'Y'),
(49671, 2538, 2022, 'Student', 'Y'),
(49672, 2538, 1879, 'Student', 'Y'),
(49673, 2538, 2076, 'Student', 'Y'),
(49674, 2538, 1891, 'Student', 'Y'),
(49675, 2538, 1955, 'Student', 'Y'),
(49676, 2538, 1986, 'Student', 'Y'),
(49677, 2538, 1946, 'Student', 'Y'),
(49678, 2538, 2495, 'Student', 'Y'),
(49679, 2540, 1627, 'Student', 'Y'),
(49680, 2540, 1730, 'Student', 'Y'),
(49681, 2540, 1791, 'Student', 'Y'),
(49682, 2540, 1642, 'Student', 'Y'),
(49683, 2540, 1612, 'Student', 'Y'),
(49684, 2540, 2035, 'Student', 'Y'),
(49685, 2540, 2097, 'Student', 'Y'),
(49686, 2540, 1773, 'Student', 'Y'),
(49687, 2540, 1828, 'Student', 'Y'),
(49688, 2540, 1654, 'Student', 'Y'),
(49689, 2540, 1831, 'Student', 'Y'),
(49690, 2540, 1616, 'Student', 'Y'),
(49691, 2540, 1609, 'Student', 'Y'),
(49692, 2540, 1628, 'Student', 'Y'),
(49693, 2540, 2066, 'Student', 'Y'),
(49694, 2540, 2309, 'Student', 'Y'),
(49695, 2540, 2386, 'Student', 'Y'),
(49696, 2540, 2401, 'Student', 'Y'),
(49697, 2540, 2723, 'Student', 'Y'),
(49698, 2541, 1801, 'Student', 'Y'),
(49699, 2541, 1621, 'Student', 'Y'),
(49700, 2541, 1617, 'Student', 'Y'),
(49701, 2541, 1735, 'Student', 'Y'),
(49702, 2541, 1858, 'Student', 'Y'),
(49703, 2541, 1639, 'Student', 'Y'),
(49704, 2541, 1744, 'Student', 'Y'),
(49705, 2541, 2033, 'Student', 'Y'),
(49706, 2541, 1796, 'Student', 'Y'),
(49707, 2541, 1761, 'Student', 'Y'),
(49708, 2541, 1779, 'Student', 'Y'),
(49709, 2541, 1645, 'Student', 'Y'),
(49710, 2541, 1706, 'Student', 'Y'),
(49711, 2541, 1667, 'Student', 'Y'),
(49712, 2541, 2087, 'Student', 'Y'),
(49713, 2541, 2156, 'Student', 'Y'),
(49714, 2541, 2441, 'Student', 'Y'),
(49715, 2541, 2548, 'Student', 'Y'),
(49716, 2541, 2060, 'Student', 'Y'),
(49717, 2541, 2737, 'Student', 'Y'),
(49718, 2539, 1686, 'Student', 'Y'),
(49719, 2539, 1591, 'Student', 'Y'),
(49720, 2539, 1848, 'Student', 'Y'),
(49721, 2539, 1593, 'Student', 'Y'),
(49722, 2539, 1600, 'Student', 'Y'),
(49723, 2539, 1700, 'Student', 'Y'),
(49724, 2539, 1739, 'Student', 'Y'),
(49725, 2539, 1677, 'Student', 'Y'),
(49726, 2539, 1753, 'Student', 'Y'),
(49727, 2539, 1713, 'Student', 'Y'),
(49728, 2539, 1657, 'Student', 'Y'),
(49729, 2539, 1603, 'Student', 'Y'),
(49730, 2539, 2081, 'Student', 'Y'),
(49731, 2539, 2063, 'Student', 'Y'),
(49732, 2539, 1721, 'Student', 'Y'),
(49733, 2539, 2488, 'Student', 'Y'),
(49734, 2539, 2673, 'Student', 'Y'),
(49735, 2539, 2719, 'Student', 'Y'),
(49736, 2542, 1364, 'Student', 'Y'),
(49737, 2542, 1396, 'Student', 'Y'),
(49738, 2542, 1486, 'Student', 'Y'),
(49739, 2542, 1483, 'Student', 'Y'),
(49740, 2542, 1477, 'Student', 'Y'),
(49741, 2542, 1374, 'Student', 'Y'),
(49742, 2542, 1352, 'Student', 'Y'),
(49743, 2542, 1355, 'Student', 'Y'),
(49744, 2542, 1440, 'Student', 'Y'),
(49745, 2542, 1410, 'Student', 'Y'),
(49746, 2542, 2306, 'Student', 'Y'),
(49747, 2542, 2316, 'Student', 'Y'),
(49748, 2542, 2357, 'Student', 'Y'),
(49749, 2542, 2398, 'Student', 'Y'),
(49750, 2542, 2407, 'Student', 'Y'),
(49751, 2542, 2444, 'Student', 'Y'),
(49752, 2542, 2490, 'Student', 'Y'),
(49753, 2544, 1424, 'Student', 'Y'),
(49754, 2544, 1571, 'Student', 'Y'),
(49755, 2544, 1585, 'Student', 'Y'),
(49756, 2544, 1430, 'Student', 'Y'),
(49757, 2544, 1427, 'Student', 'Y'),
(49758, 2544, 1507, 'Student', 'Y'),
(49759, 2544, 1492, 'Student', 'Y'),
(49760, 2544, 1465, 'Student', 'Y'),
(49761, 2544, 1692, 'Student', 'Y'),
(49762, 2544, 1845, 'Student', 'Y'),
(49763, 2544, 1867, 'Student', 'Y'),
(49764, 2544, 1631, 'Student', 'Y'),
(49765, 2544, 1377, 'Student', 'Y'),
(49766, 2544, 1471, 'Student', 'Y'),
(49767, 2544, 1416, 'Student', 'Y'),
(49768, 2544, 2084, 'Student', 'Y'),
(49769, 2543, 1399, 'Student', 'Y'),
(49770, 2543, 1367, 'Student', 'Y'),
(49771, 2543, 1388, 'Student', 'Y'),
(49772, 2543, 1393, 'Student', 'Y'),
(49773, 2543, 1358, 'Student', 'Y'),
(49774, 2543, 1400, 'Student', 'Y'),
(49775, 2543, 1520, 'Student', 'Y'),
(49776, 2543, 1445, 'Student', 'Y'),
(49777, 2543, 1710, 'Student', 'Y'),
(49778, 2543, 1538, 'Student', 'Y'),
(49779, 2543, 1391, 'Student', 'Y'),
(49780, 2543, 1403, 'Student', 'Y'),
(49781, 2543, 2286, 'Student', 'Y'),
(49782, 2543, 2380, 'Student', 'Y'),
(49783, 2543, 2729, 'Student', 'Y'),
(49822, 2382, 876, 'Student', 'Y'),
(49823, 2382, 922, 'Student', 'Y'),
(49824, 2382, 964, 'Student', 'Y'),
(49825, 2382, 897, 'Student', 'Y'),
(49826, 2382, 913, 'Student', 'Y'),
(49827, 2382, 2184, 'Student', 'Y'),
(49828, 2382, 1019, 'Student', 'Y'),
(49829, 2384, 905, 'Student', 'Y'),
(49830, 2384, 928, 'Student', 'Y'),
(49831, 2384, 931, 'Student', 'Y'),
(49832, 2384, 1016, 'Student', 'Y'),
(49833, 2384, 1022, 'Student', 'Y'),
(49834, 2384, 925, 'Student', 'Y'),
(49835, 2384, 934, 'Student', 'Y'),
(49836, 2384, 1008, 'Student', 'Y'),
(49837, 2384, 1819, 'Student', 'Y'),
(49838, 2384, 937, 'Student', 'Y'),
(49839, 2384, 2392, 'Student', 'Y'),
(49840, 2385, 1016, 'Student', 'Y'),
(49841, 2385, 922, 'Student', 'Y'),
(49842, 2385, 964, 'Student', 'Y'),
(49843, 2385, 897, 'Student', 'Y'),
(49844, 2385, 1008, 'Student', 'Y'),
(49845, 2385, 2184, 'Student', 'Y'),
(49846, 2385, 1019, 'Student', 'Y'),
(49847, 2385, 2392, 'Student', 'Y'),
(49848, 2385, 2541, 'Student', 'Y'),
(49849, 2321, 1352, 'Student', 'Y'),
(49850, 2321, 1430, 'Student', 'Y'),
(49851, 2321, 1845, 'Student', 'Y'),
(49852, 2321, 1477, 'Student', 'Y'),
(49853, 2321, 1571, 'Student', 'Y'),
(49854, 2321, 1486, 'Student', 'Y'),
(49855, 2321, 1367, 'Student', 'Y'),
(49856, 2321, 1520, 'Student', 'Y'),
(49857, 2321, 1471, 'Student', 'Y'),
(49858, 2321, 1410, 'Student', 'Y'),
(49859, 2321, 1377, 'Student', 'Y'),
(49860, 2321, 2286, 'Student', 'Y'),
(49861, 2321, 1400, 'Student', 'Y'),
(49862, 2321, 2444, 'Student', 'Y'),
(49863, 2495, 1897, 'Student', 'Y'),
(49864, 2495, 1882, 'Student', 'Y'),
(49865, 2495, 1878, 'Student', 'Y'),
(49866, 2495, 2006, 'Student', 'Y'),
(49867, 2495, 1980, 'Student', 'Y'),
(49868, 2495, 1914, 'Student', 'Y'),
(49869, 2495, 1995, 'Student', 'Y'),
(49870, 2495, 1974, 'Student', 'Y'),
(49871, 2495, 1992, 'Student', 'Y'),
(49872, 2495, 2009, 'Student', 'Y'),
(49873, 2495, 1864, 'Student', 'Y'),
(49874, 2495, 1901, 'Student', 'Y'),
(49875, 2495, 1870, 'Student', 'Y'),
(49876, 2495, 1983, 'Student', 'Y'),
(49877, 2495, 1934, 'Student', 'Y'),
(49878, 2495, 1915, 'Student', 'Y'),
(49879, 2495, 2113, 'Student', 'Y'),
(49880, 2495, 2280, 'Student', 'Y'),
(49881, 2495, 2327, 'Student', 'Y'),
(49882, 2495, 2491, 'Student', 'Y'),
(49883, 2495, 2532, 'Student', 'Y'),
(49884, 2495, 2495, 'Student', 'Y'),
(49885, 2494, 1946, 'Student', 'Y'),
(49886, 2494, 1964, 'Student', 'Y'),
(49887, 2494, 1918, 'Student', 'Y'),
(49888, 2494, 1921, 'Student', 'Y'),
(49889, 2494, 2037, 'Student', 'Y'),
(49890, 2494, 1898, 'Student', 'Y'),
(49891, 2494, 1913, 'Student', 'Y'),
(49892, 2494, 1986, 'Student', 'Y'),
(49893, 2494, 1955, 'Student', 'Y'),
(49894, 2494, 1885, 'Student', 'Y'),
(49895, 2494, 1977, 'Student', 'Y'),
(49896, 2494, 2056, 'Student', 'Y'),
(49897, 2494, 1924, 'Student', 'Y'),
(49898, 2494, 1888, 'Student', 'Y'),
(49899, 2494, 1891, 'Student', 'Y'),
(49900, 2494, 2012, 'Student', 'Y'),
(49901, 2494, 2135, 'Student', 'Y'),
(49902, 2494, 2141, 'Student', 'Y'),
(49903, 2494, 2389, 'Student', 'Y'),
(49904, 2494, 1937, 'Student', 'Y'),
(49905, 2494, 2555, 'Student', 'Y'),
(49906, 2496, 2079, 'Student', 'Y'),
(49907, 2496, 1879, 'Student', 'Y'),
(49908, 2496, 2040, 'Student', 'Y'),
(49909, 2496, 1904, 'Student', 'Y'),
(49910, 2496, 2093, 'Student', 'Y'),
(49911, 2496, 1875, 'Student', 'Y'),
(49912, 2496, 1894, 'Student', 'Y'),
(49913, 2496, 2076, 'Student', 'Y'),
(49914, 2496, 2029, 'Student', 'Y'),
(49915, 2496, 1960, 'Student', 'Y'),
(49916, 2496, 1970, 'Student', 'Y'),
(49917, 2496, 1911, 'Student', 'Y'),
(49918, 2496, 2022, 'Student', 'Y'),
(49919, 2496, 2019, 'Student', 'Y'),
(49920, 2496, 1989, 'Student', 'Y'),
(49921, 2496, 1928, 'Student', 'Y'),
(49922, 2496, 2116, 'Student', 'Y'),
(49923, 2496, 2123, 'Student', 'Y'),
(49924, 2496, 2129, 'Student', 'Y'),
(49925, 2496, 1931, 'Student', 'Y'),
(49926, 2496, 2404, 'Student', 'Y'),
(49927, 2496, 1925, 'Student', 'Y'),
(49928, 2549, 1008, 'Student', 'Y'),
(49929, 2549, 2392, 'Student', 'Y'),
(49930, 2550, 1008, 'Student', 'Y'),
(49931, 2550, 2392, 'Student', 'Y'),
(49932, 2322, 1427, 'Student', 'Y'),
(49933, 2322, 1416, 'Student', 'Y'),
(49934, 2322, 1445, 'Student', 'Y'),
(49935, 2322, 1399, 'Student', 'Y'),
(49936, 2322, 1483, 'Student', 'Y'),
(49937, 2322, 1388, 'Student', 'Y'),
(49938, 2322, 2306, 'Student', 'Y'),
(49939, 2322, 2316, 'Student', 'Y'),
(49940, 2322, 2729, 'Student', 'Y'),
(49941, 2552, 1819, 'Student', 'Y'),
(49942, 2553, 1019, 'Student', 'Y'),
(49943, 2498, 1915, 'Student', 'Y'),
(49944, 2498, 1934, 'Student', 'Y'),
(49945, 2498, 2009, 'Student', 'Y'),
(49946, 2498, 1992, 'Student', 'Y'),
(49947, 2498, 1974, 'Student', 'Y'),
(49948, 2498, 1995, 'Student', 'Y'),
(49949, 2498, 1983, 'Student', 'Y'),
(49950, 2498, 1870, 'Student', 'Y'),
(49951, 2498, 1901, 'Student', 'Y'),
(49952, 2498, 1914, 'Student', 'Y'),
(49953, 2498, 1980, 'Student', 'Y'),
(49954, 2498, 1864, 'Student', 'Y'),
(49955, 2498, 2006, 'Student', 'Y'),
(49956, 2498, 1878, 'Student', 'Y'),
(49957, 2498, 1882, 'Student', 'Y'),
(49958, 2498, 1897, 'Student', 'Y'),
(49959, 2498, 2113, 'Student', 'Y'),
(49960, 2498, 2280, 'Student', 'Y'),
(49961, 2498, 2327, 'Student', 'Y'),
(49962, 2498, 2491, 'Student', 'Y'),
(49963, 2498, 2532, 'Student', 'Y'),
(49964, 2498, 2495, 'Student', 'Y'),
(49965, 2497, 2012, 'Student', 'Y'),
(49966, 2497, 1891, 'Student', 'Y'),
(49967, 2497, 1888, 'Student', 'Y'),
(49968, 2497, 1924, 'Student', 'Y'),
(49969, 2497, 2056, 'Student', 'Y'),
(49970, 2497, 1977, 'Student', 'Y'),
(49971, 2497, 1885, 'Student', 'Y'),
(49972, 2497, 1955, 'Student', 'Y'),
(49973, 2497, 1986, 'Student', 'Y'),
(49974, 2497, 2000, 'Student', 'Y'),
(49975, 2497, 1913, 'Student', 'Y'),
(49976, 2497, 1898, 'Student', 'Y'),
(49977, 2497, 2037, 'Student', 'Y'),
(49978, 2497, 1921, 'Student', 'Y'),
(49979, 2497, 1918, 'Student', 'Y'),
(49980, 2497, 1964, 'Student', 'Y'),
(49981, 2497, 1946, 'Student', 'Y'),
(49982, 2497, 2135, 'Student', 'Y'),
(49983, 2497, 2141, 'Student', 'Y'),
(49984, 2497, 2389, 'Student', 'Y'),
(49985, 2497, 1937, 'Student', 'Y'),
(49986, 2497, 2555, 'Student', 'Y'),
(49987, 2499, 2116, 'Student', 'Y'),
(49988, 2499, 1928, 'Student', 'Y'),
(49989, 2499, 1894, 'Student', 'Y'),
(49990, 2499, 1875, 'Student', 'Y'),
(49991, 2499, 2093, 'Student', 'Y'),
(49992, 2499, 1904, 'Student', 'Y'),
(49993, 2499, 1989, 'Student', 'Y'),
(49994, 2499, 2019, 'Student', 'Y'),
(49995, 2499, 2022, 'Student', 'Y'),
(49996, 2499, 2040, 'Student', 'Y'),
(49997, 2499, 1911, 'Student', 'Y'),
(49998, 2499, 1970, 'Student', 'Y'),
(49999, 2499, 1960, 'Student', 'Y'),
(50000, 2499, 2029, 'Student', 'Y'),
(50001, 2499, 1879, 'Student', 'Y'),
(50002, 2499, 2079, 'Student', 'Y'),
(50003, 2499, 2076, 'Student', 'Y'),
(50004, 2499, 2123, 'Student', 'Y'),
(50005, 2499, 2129, 'Student', 'Y'),
(50006, 2499, 1931, 'Student', 'Y'),
(50007, 2499, 2404, 'Student', 'Y'),
(50008, 2499, 1925, 'Student', 'Y'),
(50009, 2296, 1593, 'Student', 'Y'),
(50010, 2296, 1642, 'Student', 'Y'),
(50011, 2296, 1639, 'Student', 'Y'),
(50012, 2296, 1744, 'Student', 'Y'),
(50013, 2296, 1686, 'Student', 'Y'),
(50014, 2296, 1591, 'Student', 'Y'),
(50015, 2296, 1600, 'Student', 'Y'),
(50016, 2296, 1791, 'Student', 'Y'),
(50017, 2296, 1730, 'Student', 'Y'),
(50018, 2296, 1761, 'Student', 'Y'),
(50019, 2296, 1779, 'Student', 'Y'),
(50020, 2296, 1721, 'Student', 'Y'),
(50021, 2296, 2097, 'Student', 'Y'),
(50022, 2296, 2309, 'Student', 'Y'),
(50023, 2296, 2156, 'Student', 'Y'),
(50024, 2296, 2719, 'Student', 'Y'),
(50025, 2296, 2737, 'Student', 'Y'),
(50026, 2295, 1645, 'Student', 'Y'),
(50027, 2295, 1677, 'Student', 'Y'),
(50028, 2295, 1739, 'Student', 'Y'),
(50029, 2295, 1773, 'Student', 'Y'),
(50030, 2295, 1627, 'Student', 'Y'),
(50031, 2295, 1706, 'Student', 'Y'),
(50032, 2295, 1612, 'Student', 'Y'),
(50033, 2295, 1735, 'Student', 'Y'),
(50034, 2295, 1617, 'Student', 'Y'),
(50035, 2295, 1700, 'Student', 'Y'),
(50036, 2295, 1828, 'Student', 'Y'),
(50037, 2295, 1848, 'Student', 'Y'),
(50038, 2295, 2035, 'Student', 'Y'),
(50039, 2295, 2087, 'Student', 'Y'),
(50040, 2295, 2081, 'Student', 'Y'),
(50041, 2295, 2401, 'Student', 'Y'),
(50042, 2295, 2488, 'Student', 'Y'),
(50043, 2295, 2060, 'Student', 'Y'),
(50044, 2295, 2673, 'Student', 'Y'),
(50045, 2555, 1858, 'Student', 'Y'),
(50046, 2555, 1667, 'Student', 'Y'),
(50047, 2555, 1753, 'Student', 'Y'),
(50048, 2555, 1713, 'Student', 'Y'),
(50049, 2555, 1654, 'Student', 'Y'),
(50050, 2555, 1616, 'Student', 'Y'),
(50051, 2555, 1609, 'Student', 'Y'),
(50052, 2555, 1657, 'Student', 'Y'),
(50053, 2555, 1621, 'Student', 'Y'),
(50054, 2555, 1628, 'Student', 'Y'),
(50055, 2555, 1603, 'Student', 'Y'),
(50056, 2555, 1796, 'Student', 'Y'),
(50057, 2555, 1831, 'Student', 'Y'),
(50058, 2555, 2063, 'Student', 'Y'),
(50059, 2555, 2386, 'Student', 'Y'),
(50060, 2555, 2441, 'Student', 'Y'),
(50061, 2555, 2548, 'Student', 'Y'),
(50062, 2555, 2723, 'Student', 'Y'),
(50063, 2469, 2299, 'Student', 'Y'),
(50064, 2469, 2216, 'Student', 'Y'),
(50065, 2469, 2253, 'Student', 'Y'),
(50066, 2503, 1878, 'Student', 'Y'),
(50067, 2503, 1918, 'Student', 'Y'),
(50068, 2503, 2022, 'Student', 'Y'),
(50069, 2297, 1667, 'Student', 'Y'),
(50070, 2297, 1616, 'Student', 'Y'),
(50071, 2323, 1388, 'Student', 'Y'),
(50072, 2562, 2212, 'Student', 'Y'),
(50073, 2562, 2299, 'Student', 'Y'),
(50074, 2562, 2175, 'Student', 'Y'),
(50075, 2562, 2330, 'Student', 'Y'),
(50076, 2562, 2340, 'Student', 'Y'),
(50077, 2562, 2262, 'Student', 'Y'),
(50078, 2562, 2296, 'Student', 'Y'),
(50079, 2562, 2194, 'Student', 'Y'),
(50080, 2562, 2250, 'Student', 'Y'),
(50081, 2562, 2293, 'Student', 'Y'),
(50082, 2562, 2268, 'Student', 'Y'),
(50083, 2562, 2247, 'Student', 'Y'),
(50084, 2562, 2200, 'Student', 'Y'),
(50085, 2562, 2190, 'Student', 'Y'),
(50086, 2562, 2160, 'Student', 'Y'),
(50087, 2562, 2420, 'Student', 'Y'),
(50088, 2562, 2523, 'Student', 'Y'),
(50089, 2562, 2271, 'Student', 'Y'),
(50090, 2562, 2514, 'Student', 'Y'),
(50091, 2562, 2520, 'Student', 'Y'),
(50092, 2564, 2206, 'Student', 'Y'),
(50093, 2564, 2253, 'Student', 'Y'),
(50094, 2564, 2166, 'Student', 'Y'),
(50095, 2564, 2383, 'Student', 'Y'),
(50096, 2564, 2333, 'Student', 'Y'),
(50097, 2564, 2233, 'Student', 'Y'),
(50098, 2564, 2232, 'Student', 'Y'),
(50099, 2564, 2374, 'Student', 'Y'),
(50100, 2564, 2265, 'Student', 'Y'),
(50101, 2564, 2511, 'Student', 'Y'),
(50102, 2564, 2501, 'Student', 'Y'),
(50103, 2564, 2215, 'Student', 'Y'),
(50104, 2564, 2243, 'Student', 'Y'),
(50105, 2564, 2203, 'Student', 'Y'),
(50106, 2564, 2283, 'Student', 'Y'),
(50107, 2563, 2231, 'Student', 'Y'),
(50108, 2563, 2169, 'Student', 'Y'),
(50109, 2563, 2150, 'Student', 'Y'),
(50110, 2563, 2323, 'Student', 'Y'),
(50111, 2563, 2395, 'Student', 'Y'),
(50112, 2563, 2216, 'Student', 'Y'),
(50113, 2563, 2334, 'Student', 'Y'),
(50114, 2563, 2239, 'Student', 'Y'),
(50115, 2563, 2236, 'Student', 'Y'),
(50116, 2563, 2529, 'Student', 'Y'),
(50117, 2563, 2517, 'Student', 'Y'),
(50118, 2563, 2504, 'Student', 'Y'),
(50119, 2561, 2360, 'Student', 'Y'),
(50120, 2561, 2364, 'Student', 'Y'),
(50121, 2561, 2277, 'Student', 'Y'),
(50122, 2561, 2498, 'Student', 'Y'),
(50123, 2561, 2348, 'Student', 'Y'),
(50124, 2561, 2193, 'Student', 'Y'),
(50125, 2561, 2187, 'Student', 'Y'),
(50126, 2561, 2302, 'Student', 'Y'),
(50127, 2561, 2178, 'Student', 'Y'),
(50128, 2561, 2172, 'Student', 'Y'),
(50129, 2561, 2319, 'Student', 'Y'),
(50130, 2561, 2526, 'Student', 'Y'),
(50131, 2561, 2508, 'Student', 'Y'),
(50132, 2561, 2505, 'Student', 'Y'),
(50133, 2561, 2371, 'Student', 'Y'),
(50134, 2561, 2163, 'Student', 'Y'),
(50135, 2561, 2535, 'Student', 'Y'),
(50136, 2561, 2537, 'Student', 'Y'),
(50137, 2561, 2545, 'Student', 'Y'),
(50138, 2568, 2129, 'Student', 'Y'),
(50139, 2568, 2012, 'Student', 'Y'),
(50140, 2568, 1934, 'Student', 'Y'),
(50141, 2568, 1875, 'Student', 'Y'),
(50142, 2568, 1888, 'Student', 'Y'),
(50143, 2568, 2056, 'Student', 'Y'),
(50144, 2568, 2019, 'Student', 'Y'),
(50145, 2568, 1986, 'Student', 'Y'),
(50146, 2568, 1870, 'Student', 'Y'),
(50147, 2568, 2022, 'Student', 'Y'),
(50148, 2568, 1901, 'Student', 'Y'),
(50149, 2568, 1914, 'Student', 'Y'),
(50150, 2568, 1864, 'Student', 'Y'),
(50151, 2568, 2029, 'Student', 'Y'),
(50152, 2568, 1882, 'Student', 'Y'),
(50153, 2568, 2389, 'Student', 'Y'),
(50154, 2568, 1928, 'Student', 'Y'),
(50155, 2568, 2280, 'Student', 'Y'),
(50156, 2568, 2404, 'Student', 'Y'),
(50157, 2568, 2491, 'Student', 'Y'),
(50158, 2565, 1898, 'Student', 'Y'),
(50159, 2565, 1921, 'Student', 'Y'),
(50160, 2565, 1894, 'Student', 'Y'),
(50161, 2565, 2123, 'Student', 'Y'),
(50162, 2565, 2009, 'Student', 'Y'),
(50163, 2565, 1992, 'Student', 'Y'),
(50164, 2565, 1924, 'Student', 'Y'),
(50165, 2565, 1995, 'Student', 'Y'),
(50166, 2565, 1989, 'Student', 'Y'),
(50167, 2565, 1980, 'Student', 'Y'),
(50168, 2565, 1925, 'Student', 'Y'),
(50169, 2565, 2037, 'Student', 'Y'),
(50170, 2565, 2006, 'Student', 'Y'),
(50171, 2565, 1918, 'Student', 'Y'),
(50172, 2565, 1964, 'Student', 'Y'),
(50173, 2565, 1878, 'Student', 'Y'),
(50174, 2565, 2135, 'Student', 'Y'),
(50175, 2565, 1897, 'Student', 'Y'),
(50176, 2565, 2076, 'Student', 'Y'),
(50177, 2565, 2555, 'Student', 'Y'),
(50178, 2566, 2093, 'Student', 'Y'),
(50179, 2566, 1977, 'Student', 'Y'),
(50180, 2566, 1974, 'Student', 'Y'),
(50181, 2566, 1885, 'Student', 'Y'),
(50182, 2566, 1913, 'Student', 'Y'),
(50183, 2566, 1937, 'Student', 'Y'),
(50184, 2566, 2116, 'Student', 'Y'),
(50185, 2566, 2079, 'Student', 'Y'),
(50186, 2566, 1946, 'Student', 'Y'),
(50187, 2567, 1904, 'Student', 'Y'),
(50188, 2567, 2040, 'Student', 'Y'),
(50189, 2567, 1911, 'Student', 'Y'),
(50190, 2567, 1970, 'Student', 'Y'),
(50191, 2567, 1960, 'Student', 'Y'),
(50192, 2567, 1879, 'Student', 'Y'),
(50193, 2567, 1891, 'Student', 'Y'),
(50194, 2567, 1955, 'Student', 'Y'),
(50195, 2567, 1905, 'Student', 'Y'),
(50196, 2567, 1983, 'Student', 'Y'),
(50197, 2567, 1931, 'Student', 'Y'),
(50198, 2567, 2141, 'Student', 'Y'),
(50199, 2567, 1915, 'Student', 'Y'),
(50200, 2567, 2000, 'Student', 'Y'),
(50201, 2567, 2327, 'Student', 'Y'),
(50202, 2567, 2113, 'Student', 'Y'),
(50203, 2567, 2532, 'Student', 'Y'),
(50204, 2567, 2495, 'Student', 'Y'),
(50205, 2571, 2386, 'Student', 'Y'),
(50206, 2571, 1593, 'Student', 'Y'),
(50207, 2571, 1744, 'Student', 'Y'),
(50208, 2571, 1591, 'Student', 'Y'),
(50209, 2571, 1713, 'Student', 'Y'),
(50210, 2571, 1753, 'Student', 'Y'),
(50211, 2571, 1617, 'Student', 'Y'),
(50212, 2571, 1654, 'Student', 'Y'),
(50213, 2571, 1612, 'Student', 'Y'),
(50214, 2571, 1796, 'Student', 'Y'),
(50215, 2571, 1627, 'Student', 'Y'),
(50216, 2571, 1616, 'Student', 'Y'),
(50217, 2571, 1773, 'Student', 'Y'),
(50218, 2571, 1761, 'Student', 'Y'),
(50219, 2571, 1739, 'Student', 'Y'),
(50220, 2571, 1628, 'Student', 'Y'),
(50221, 2571, 1828, 'Student', 'Y'),
(50222, 2571, 1779, 'Student', 'Y'),
(50223, 2571, 1657, 'Student', 'Y'),
(50224, 2571, 2156, 'Student', 'Y'),
(50225, 2571, 1603, 'Student', 'Y'),
(50226, 2571, 2548, 'Student', 'Y'),
(50227, 2571, 2719, 'Student', 'Y'),
(50228, 2571, 2723, 'Student', 'Y'),
(50229, 2590, 2063, 'Student', 'Y'),
(50230, 2590, 1706, 'Student', 'Y'),
(50231, 2590, 1645, 'Student', 'Y'),
(50232, 2590, 1721, 'Student', 'Y'),
(50233, 2590, 1848, 'Student', 'Y'),
(50234, 2590, 1858, 'Student', 'Y'),
(50235, 2590, 1735, 'Student', 'Y'),
(50236, 2590, 1831, 'Student', 'Y'),
(50237, 2590, 1609, 'Student', 'Y'),
(50238, 2590, 1801, 'Student', 'Y'),
(50239, 2590, 1621, 'Student', 'Y'),
(50240, 2590, 2401, 'Student', 'Y'),
(50241, 2590, 2488, 'Student', 'Y'),
(50242, 2572, 1639, 'Student', 'Y'),
(50243, 2572, 1642, 'Student', 'Y'),
(50244, 2572, 2081, 'Student', 'Y'),
(50245, 2572, 1686, 'Student', 'Y'),
(50246, 2572, 2033, 'Student', 'Y'),
(50247, 2572, 2309, 'Student', 'Y'),
(50248, 2572, 1700, 'Student', 'Y'),
(50249, 2572, 1600, 'Student', 'Y'),
(50250, 2572, 1791, 'Student', 'Y'),
(50251, 2572, 1730, 'Student', 'Y'),
(50252, 2572, 1667, 'Student', 'Y'),
(50253, 2572, 2097, 'Student', 'Y'),
(50254, 2572, 2066, 'Student', 'Y'),
(50255, 2572, 1677, 'Student', 'Y'),
(50256, 2572, 2035, 'Student', 'Y'),
(50257, 2572, 2087, 'Student', 'Y'),
(50258, 2572, 2060, 'Student', 'Y'),
(50259, 2572, 2673, 'Student', 'Y'),
(50260, 2572, 2441, 'Student', 'Y'),
(50261, 2572, 2737, 'Student', 'Y'),
(50262, 2575, 1486, 'Student', 'Y'),
(50263, 2575, 1430, 'Student', 'Y'),
(50264, 2575, 1367, 'Student', 'Y'),
(50265, 2575, 1440, 'Student', 'Y'),
(50266, 2575, 1520, 'Student', 'Y'),
(50267, 2575, 1845, 'Student', 'Y'),
(50268, 2575, 2490, 'Student', 'Y'),
(50269, 2575, 2541, 'Student', 'Y'),
(50270, 2575, 2407, 'Student', 'Y'),
(50271, 2575, 876, 'Student', 'Y'),
(50272, 2576, 1355, 'Student', 'Y'),
(50273, 2576, 1410, 'Student', 'Y'),
(50274, 2576, 1471, 'Student', 'Y'),
(50275, 2576, 1416, 'Student', 'Y'),
(50276, 2576, 1393, 'Student', 'Y'),
(50277, 2576, 1399, 'Student', 'Y'),
(50278, 2576, 1483, 'Student', 'Y'),
(50279, 2576, 1631, 'Student', 'Y'),
(50280, 2576, 1374, 'Student', 'Y'),
(50281, 2576, 1507, 'Student', 'Y'),
(50282, 2576, 1388, 'Student', 'Y'),
(50283, 2576, 1571, 'Student', 'Y'),
(50284, 2576, 1396, 'Student', 'Y'),
(50285, 2576, 2286, 'Student', 'Y'),
(50286, 2576, 2306, 'Student', 'Y'),
(50287, 2576, 1352, 'Student', 'Y'),
(50288, 2576, 2316, 'Student', 'Y'),
(50289, 2576, 2398, 'Student', 'Y'),
(50290, 2576, 1358, 'Student', 'Y'),
(50291, 2576, 2357, 'Student', 'Y'),
(50292, 2574, 1377, 'Student', 'Y'),
(50293, 2574, 1391, 'Student', 'Y'),
(50294, 2574, 1424, 'Student', 'Y'),
(50295, 2574, 1400, 'Student', 'Y'),
(50296, 2574, 1492, 'Student', 'Y'),
(50297, 2574, 1403, 'Student', 'Y'),
(50298, 2574, 1445, 'Student', 'Y'),
(50299, 2574, 1477, 'Student', 'Y'),
(50300, 2574, 1538, 'Student', 'Y'),
(50301, 2574, 1692, 'Student', 'Y'),
(50302, 2574, 1585, 'Student', 'Y'),
(50303, 2574, 1427, 'Student', 'Y'),
(50304, 2574, 2084, 'Student', 'Y'),
(50305, 2574, 1710, 'Student', 'Y'),
(50306, 2574, 2380, 'Student', 'Y'),
(50307, 2574, 2444, 'Student', 'Y'),
(50308, 2574, 1364, 'Student', 'Y'),
(50309, 2574, 1465, 'Student', 'Y'),
(50310, 2574, 1867, 'Student', 'Y'),
(50311, 2574, 2729, 'Student', 'Y'),
(50312, 2389, 905, 'Student', 'Y'),
(50313, 2389, 931, 'Student', 'Y'),
(50314, 2389, 1016, 'Student', 'Y'),
(50315, 2389, 1022, 'Student', 'Y'),
(50316, 2389, 925, 'Student', 'Y'),
(50317, 2389, 1019, 'Student', 'Y'),
(50318, 2390, 928, 'Student', 'Y'),
(50319, 2390, 897, 'Student', 'Y'),
(50320, 2390, 937, 'Student', 'Y'),
(50321, 2390, 2392, 'Student', 'Y'),
(50322, 2390, 1008, 'Student', 'Y'),
(50323, 2390, 2184, 'Student', 'Y'),
(50324, 2327, 1352, 'Student', 'Y'),
(50325, 2327, 1400, 'Student', 'Y'),
(50326, 2327, 1571, 'Student', 'Y'),
(50327, 2327, 1396, 'Student', 'Y'),
(50328, 2327, 1358, 'Student', 'Y'),
(50329, 2327, 1374, 'Student', 'Y'),
(50330, 2327, 1471, 'Student', 'Y'),
(50331, 2327, 1391, 'Student', 'Y'),
(50332, 2327, 1483, 'Student', 'Y'),
(50333, 2327, 1388, 'Student', 'Y'),
(50334, 2327, 2357, 'Student', 'Y'),
(50335, 2327, 2306, 'Student', 'Y'),
(50336, 2327, 1845, 'Student', 'Y'),
(50337, 2327, 1427, 'Student', 'Y'),
(50338, 2327, 1399, 'Student', 'Y'),
(50339, 2327, 2407, 'Student', 'Y'),
(50340, 2327, 2444, 'Student', 'Y'),
(50341, 2391, 964, 'Student', 'Y'),
(50342, 2391, 934, 'Student', 'Y'),
(50343, 2391, 1819, 'Student', 'Y'),
(50344, 2391, 913, 'Student', 'Y'),
(50345, 2391, 922, 'Student', 'Y'),
(50346, 2509, 1915, 'Student', 'Y'),
(50347, 2509, 1934, 'Student', 'Y'),
(50348, 2509, 2009, 'Student', 'Y'),
(50349, 2509, 1992, 'Student', 'Y'),
(50350, 2509, 1974, 'Student', 'Y'),
(50351, 2509, 1995, 'Student', 'Y'),
(50352, 2509, 1983, 'Student', 'Y'),
(50353, 2509, 1870, 'Student', 'Y'),
(50354, 2509, 1901, 'Student', 'Y'),
(50355, 2509, 1914, 'Student', 'Y'),
(50356, 2509, 1980, 'Student', 'Y'),
(50357, 2509, 1864, 'Student', 'Y'),
(50358, 2509, 2006, 'Student', 'Y'),
(50359, 2509, 1878, 'Student', 'Y'),
(50360, 2509, 1882, 'Student', 'Y'),
(50361, 2509, 1897, 'Student', 'Y'),
(50362, 2509, 2113, 'Student', 'Y'),
(50363, 2509, 2280, 'Student', 'Y'),
(50364, 2509, 2327, 'Student', 'Y'),
(50365, 2509, 2491, 'Student', 'Y'),
(50366, 2509, 2532, 'Student', 'Y'),
(50367, 2509, 2495, 'Student', 'Y'),
(50368, 2508, 2012, 'Student', 'Y'),
(50369, 2508, 1891, 'Student', 'Y'),
(50370, 2508, 1888, 'Student', 'Y'),
(50371, 2508, 1905, 'Student', 'Y'),
(50372, 2508, 1924, 'Student', 'Y'),
(50373, 2508, 2056, 'Student', 'Y'),
(50374, 2508, 1977, 'Student', 'Y'),
(50375, 2508, 1885, 'Student', 'Y'),
(50376, 2508, 1955, 'Student', 'Y'),
(50377, 2508, 1986, 'Student', 'Y'),
(50378, 2508, 2000, 'Student', 'Y'),
(50379, 2508, 1913, 'Student', 'Y'),
(50380, 2508, 1898, 'Student', 'Y'),
(50381, 2508, 2037, 'Student', 'Y'),
(50382, 2508, 1921, 'Student', 'Y'),
(50383, 2508, 1918, 'Student', 'Y'),
(50384, 2508, 1964, 'Student', 'Y'),
(50385, 2508, 1946, 'Student', 'Y'),
(50386, 2508, 2135, 'Student', 'Y'),
(50387, 2508, 2141, 'Student', 'Y'),
(50388, 2508, 2389, 'Student', 'Y'),
(50389, 2508, 1937, 'Student', 'Y'),
(50390, 2508, 2555, 'Student', 'Y'),
(50391, 2510, 2116, 'Student', 'Y'),
(50392, 2510, 1928, 'Student', 'Y'),
(50393, 2510, 1894, 'Student', 'Y'),
(50394, 2510, 1875, 'Student', 'Y'),
(50395, 2510, 2093, 'Student', 'Y'),
(50396, 2510, 1904, 'Student', 'Y'),
(50397, 2510, 1989, 'Student', 'Y'),
(50398, 2510, 2019, 'Student', 'Y'),
(50399, 2510, 2022, 'Student', 'Y'),
(50400, 2510, 2040, 'Student', 'Y'),
(50401, 2510, 1911, 'Student', 'Y'),
(50402, 2510, 1970, 'Student', 'Y'),
(50403, 2510, 1960, 'Student', 'Y'),
(50404, 2510, 2029, 'Student', 'Y'),
(50405, 2510, 1879, 'Student', 'Y'),
(50406, 2510, 2079, 'Student', 'Y'),
(50407, 2510, 2076, 'Student', 'Y'),
(50408, 2510, 2123, 'Student', 'Y'),
(50409, 2510, 2129, 'Student', 'Y'),
(50410, 2510, 1931, 'Student', 'Y'),
(50411, 2510, 2404, 'Student', 'Y'),
(50412, 2510, 1925, 'Student', 'Y'),
(50413, 2303, 1593, 'Student', 'Y'),
(50414, 2303, 1642, 'Student', 'Y'),
(50415, 2303, 1639, 'Student', 'Y'),
(50416, 2303, 1744, 'Student', 'Y'),
(50417, 2303, 1686, 'Student', 'Y'),
(50418, 2303, 1591, 'Student', 'Y'),
(50419, 2303, 1600, 'Student', 'Y'),
(50420, 2303, 1791, 'Student', 'Y'),
(50421, 2303, 1730, 'Student', 'Y'),
(50422, 2303, 1801, 'Student', 'Y'),
(50423, 2303, 1761, 'Student', 'Y'),
(50424, 2303, 1779, 'Student', 'Y'),
(50425, 2303, 1721, 'Student', 'Y'),
(50426, 2303, 2033, 'Student', 'Y'),
(50427, 2303, 2097, 'Student', 'Y'),
(50428, 2303, 2309, 'Student', 'Y'),
(50429, 2303, 2156, 'Student', 'Y'),
(50430, 2303, 2719, 'Student', 'Y'),
(50431, 2303, 2737, 'Student', 'Y'),
(50432, 2302, 1645, 'Student', 'Y'),
(50433, 2302, 1700, 'Student', 'Y'),
(50434, 2302, 1617, 'Student', 'Y'),
(50435, 2302, 1735, 'Student', 'Y'),
(50436, 2302, 1612, 'Student', 'Y'),
(50437, 2302, 1706, 'Student', 'Y'),
(50438, 2302, 1627, 'Student', 'Y'),
(50439, 2302, 1773, 'Student', 'Y'),
(50440, 2302, 1739, 'Student', 'Y'),
(50441, 2302, 1677, 'Student', 'Y'),
(50442, 2302, 1828, 'Student', 'Y'),
(50443, 2302, 1848, 'Student', 'Y'),
(50444, 2302, 2035, 'Student', 'Y'),
(50445, 2302, 2066, 'Student', 'Y'),
(50446, 2302, 2087, 'Student', 'Y'),
(50447, 2302, 2081, 'Student', 'Y'),
(50448, 2302, 2401, 'Student', 'Y'),
(50449, 2302, 2488, 'Student', 'Y'),
(50450, 2302, 2060, 'Student', 'Y'),
(50451, 2302, 2673, 'Student', 'Y'),
(50452, 2581, 1858, 'Student', 'Y'),
(50453, 2581, 1796, 'Student', 'Y'),
(50454, 2581, 1667, 'Student', 'Y'),
(50455, 2581, 1753, 'Student', 'Y'),
(50456, 2581, 1713, 'Student', 'Y'),
(50457, 2581, 1654, 'Student', 'Y'),
(50458, 2581, 1616, 'Student', 'Y'),
(50459, 2581, 1609, 'Student', 'Y'),
(50460, 2581, 1657, 'Student', 'Y'),
(50461, 2581, 1621, 'Student', 'Y'),
(50462, 2581, 1628, 'Student', 'Y'),
(50463, 2581, 1603, 'Student', 'Y'),
(50464, 2581, 1831, 'Student', 'Y'),
(50465, 2581, 2063, 'Student', 'Y'),
(50466, 2581, 2386, 'Student', 'Y'),
(50467, 2581, 2441, 'Student', 'Y'),
(50468, 2581, 2548, 'Student', 'Y'),
(50469, 2581, 2723, 'Student', 'Y'),
(50508, 2358, 1276, 'Student', 'Y'),
(50509, 2358, 1275, 'Student', 'Y'),
(50510, 2358, 1251, 'Student', 'Y'),
(50511, 2358, 1163, 'Student', 'Y'),
(50512, 2358, 1226, 'Student', 'Y'),
(50513, 2358, 1222, 'Student', 'Y'),
(50514, 2358, 1182, 'Student', 'Y'),
(50515, 2358, 1166, 'Student', 'Y'),
(50516, 2358, 1178, 'Student', 'Y'),
(50517, 2358, 1263, 'Student', 'Y'),
(50518, 2358, 1214, 'Student', 'Y'),
(50519, 2358, 1204, 'Student', 'Y'),
(50520, 2358, 1245, 'Student', 'Y'),
(50521, 2358, 1200, 'Student', 'Y'),
(50522, 2358, 1680, 'Student', 'Y'),
(50523, 2358, 1193, 'Student', 'Y'),
(50524, 2358, 1154, 'Student', 'Y'),
(50525, 2358, 1259, 'Student', 'Y'),
(50526, 2358, 1233, 'Student', 'Y'),
(50527, 2358, 2109, 'Student', 'Y'),
(50528, 2358, 2100, 'Student', 'Y'),
(50529, 2357, 1548, 'Student', 'Y'),
(50530, 2357, 1814, 'Student', 'Y'),
(50531, 2357, 1254, 'Student', 'Y'),
(50532, 2357, 1528, 'Student', 'Y'),
(50533, 2357, 1201, 'Student', 'Y'),
(50534, 2357, 2090, 'Student', 'Y'),
(50535, 2357, 1157, 'Student', 'Y'),
(50536, 2357, 1236, 'Student', 'Y'),
(50537, 2357, 1257, 'Student', 'Y'),
(50538, 2357, 1191, 'Student', 'Y'),
(50539, 2357, 1160, 'Student', 'Y'),
(50540, 2357, 1207, 'Student', 'Y'),
(50541, 2357, 1242, 'Student', 'Y'),
(50542, 2357, 1179, 'Student', 'Y');
INSERT INTO `gibboncourseclassperson` (`gibbonCourseClassPersonID`, `gibbonCourseClassID`, `gibbonPersonID`, `role`, `reportable`) VALUES
(50543, 2357, 2120, 'Student', 'Y'),
(50544, 2357, 2103, 'Student', 'Y'),
(50545, 2357, 2138, 'Student', 'Y'),
(50546, 2357, 2145, 'Student', 'Y'),
(50547, 2393, 922, 'Student', 'Y'),
(50548, 2393, 1008, 'Student', 'Y'),
(50549, 2393, 934, 'Student', 'Y'),
(50550, 2393, 931, 'Student', 'Y'),
(50551, 2393, 913, 'Student', 'Y'),
(50552, 2393, 925, 'Student', 'Y'),
(50553, 2393, 905, 'Student', 'Y'),
(50554, 2393, 1016, 'Student', 'Y'),
(50555, 2394, 931, 'Student', 'Y'),
(50556, 2395, 905, 'Student', 'Y'),
(50557, 2395, 931, 'Student', 'Y'),
(50558, 2395, 1016, 'Student', 'Y'),
(50559, 2395, 1022, 'Student', 'Y'),
(50560, 2395, 1019, 'Student', 'Y'),
(50561, 2392, 2184, 'Student', 'Y'),
(50562, 2396, 928, 'Student', 'Y'),
(50563, 2396, 922, 'Student', 'Y'),
(50564, 2396, 925, 'Student', 'Y'),
(50565, 2396, 897, 'Student', 'Y'),
(50566, 2396, 913, 'Student', 'Y'),
(50567, 2396, 934, 'Student', 'Y'),
(50568, 2396, 937, 'Student', 'Y'),
(50569, 2396, 1819, 'Student', 'Y'),
(50570, 2396, 2392, 'Student', 'Y'),
(50571, 2396, 876, 'Student', 'Y'),
(50572, 2396, 964, 'Student', 'Y'),
(50573, 2512, 1915, 'Student', 'Y'),
(50574, 2512, 1934, 'Student', 'Y'),
(50575, 2512, 2009, 'Student', 'Y'),
(50576, 2512, 1992, 'Student', 'Y'),
(50577, 2512, 1974, 'Student', 'Y'),
(50578, 2512, 1995, 'Student', 'Y'),
(50579, 2512, 1983, 'Student', 'Y'),
(50580, 2512, 1870, 'Student', 'Y'),
(50581, 2512, 1901, 'Student', 'Y'),
(50582, 2512, 1914, 'Student', 'Y'),
(50583, 2512, 1980, 'Student', 'Y'),
(50584, 2512, 1864, 'Student', 'Y'),
(50585, 2512, 2006, 'Student', 'Y'),
(50586, 2512, 1878, 'Student', 'Y'),
(50587, 2512, 1882, 'Student', 'Y'),
(50588, 2512, 1897, 'Student', 'Y'),
(50589, 2512, 2113, 'Student', 'Y'),
(50590, 2512, 2280, 'Student', 'Y'),
(50591, 2512, 2327, 'Student', 'Y'),
(50592, 2512, 2491, 'Student', 'Y'),
(50593, 2512, 2532, 'Student', 'Y'),
(50594, 2512, 2495, 'Student', 'Y'),
(50595, 2511, 2012, 'Student', 'Y'),
(50596, 2511, 1891, 'Student', 'Y'),
(50597, 2511, 1888, 'Student', 'Y'),
(50598, 2511, 1905, 'Student', 'Y'),
(50599, 2511, 1924, 'Student', 'Y'),
(50600, 2511, 2056, 'Student', 'Y'),
(50601, 2511, 1977, 'Student', 'Y'),
(50602, 2511, 1885, 'Student', 'Y'),
(50603, 2511, 1955, 'Student', 'Y'),
(50604, 2511, 1986, 'Student', 'Y'),
(50605, 2511, 2000, 'Student', 'Y'),
(50606, 2511, 1913, 'Student', 'Y'),
(50607, 2511, 1898, 'Student', 'Y'),
(50608, 2511, 2037, 'Student', 'Y'),
(50609, 2511, 1921, 'Student', 'Y'),
(50610, 2511, 1918, 'Student', 'Y'),
(50611, 2511, 1964, 'Student', 'Y'),
(50612, 2511, 1946, 'Student', 'Y'),
(50613, 2511, 2135, 'Student', 'Y'),
(50614, 2511, 2141, 'Student', 'Y'),
(50615, 2511, 2389, 'Student', 'Y'),
(50616, 2511, 1937, 'Student', 'Y'),
(50617, 2511, 2555, 'Student', 'Y'),
(50618, 2513, 2116, 'Student', 'Y'),
(50619, 2513, 1928, 'Student', 'Y'),
(50620, 2513, 1894, 'Student', 'Y'),
(50621, 2513, 1875, 'Student', 'Y'),
(50622, 2513, 2093, 'Student', 'Y'),
(50623, 2513, 1904, 'Student', 'Y'),
(50624, 2513, 1989, 'Student', 'Y'),
(50625, 2513, 2019, 'Student', 'Y'),
(50626, 2513, 2022, 'Student', 'Y'),
(50627, 2513, 2040, 'Student', 'Y'),
(50628, 2513, 1911, 'Student', 'Y'),
(50629, 2513, 1970, 'Student', 'Y'),
(50630, 2513, 1960, 'Student', 'Y'),
(50631, 2513, 2029, 'Student', 'Y'),
(50632, 2513, 1879, 'Student', 'Y'),
(50633, 2513, 2079, 'Student', 'Y'),
(50634, 2513, 2076, 'Student', 'Y'),
(50635, 2513, 2123, 'Student', 'Y'),
(50636, 2513, 2129, 'Student', 'Y'),
(50637, 2513, 1931, 'Student', 'Y'),
(50638, 2513, 2404, 'Student', 'Y'),
(50639, 2513, 1925, 'Student', 'Y'),
(50640, 2305, 1593, 'Student', 'Y'),
(50641, 2305, 1642, 'Student', 'Y'),
(50642, 2305, 1639, 'Student', 'Y'),
(50643, 2305, 1744, 'Student', 'Y'),
(50644, 2305, 1686, 'Student', 'Y'),
(50645, 2305, 1591, 'Student', 'Y'),
(50646, 2305, 1600, 'Student', 'Y'),
(50647, 2305, 1791, 'Student', 'Y'),
(50648, 2305, 1730, 'Student', 'Y'),
(50649, 2305, 1801, 'Student', 'Y'),
(50650, 2305, 1761, 'Student', 'Y'),
(50651, 2305, 1779, 'Student', 'Y'),
(50652, 2305, 1721, 'Student', 'Y'),
(50653, 2305, 2033, 'Student', 'Y'),
(50654, 2305, 2097, 'Student', 'Y'),
(50655, 2305, 2309, 'Student', 'Y'),
(50656, 2305, 2156, 'Student', 'Y'),
(50657, 2305, 2719, 'Student', 'Y'),
(50658, 2305, 2737, 'Student', 'Y'),
(50659, 2304, 1645, 'Student', 'Y'),
(50660, 2304, 1700, 'Student', 'Y'),
(50661, 2304, 1617, 'Student', 'Y'),
(50662, 2304, 1735, 'Student', 'Y'),
(50663, 2304, 1612, 'Student', 'Y'),
(50664, 2304, 1706, 'Student', 'Y'),
(50665, 2304, 1627, 'Student', 'Y'),
(50666, 2304, 1773, 'Student', 'Y'),
(50667, 2304, 1739, 'Student', 'Y'),
(50668, 2304, 1677, 'Student', 'Y'),
(50669, 2304, 1828, 'Student', 'Y'),
(50670, 2304, 1848, 'Student', 'Y'),
(50671, 2304, 2035, 'Student', 'Y'),
(50672, 2304, 2066, 'Student', 'Y'),
(50673, 2304, 2087, 'Student', 'Y'),
(50674, 2304, 2081, 'Student', 'Y'),
(50675, 2304, 2401, 'Student', 'Y'),
(50676, 2304, 2488, 'Student', 'Y'),
(50677, 2304, 2060, 'Student', 'Y'),
(50678, 2304, 2673, 'Student', 'Y'),
(50679, 2584, 1858, 'Student', 'Y'),
(50680, 2584, 1796, 'Student', 'Y'),
(50681, 2584, 1667, 'Student', 'Y'),
(50682, 2584, 1753, 'Student', 'Y'),
(50683, 2584, 1713, 'Student', 'Y'),
(50684, 2584, 1654, 'Student', 'Y'),
(50685, 2584, 1616, 'Student', 'Y'),
(50686, 2584, 1609, 'Student', 'Y'),
(50687, 2584, 1657, 'Student', 'Y'),
(50688, 2584, 1621, 'Student', 'Y'),
(50689, 2584, 1628, 'Student', 'Y'),
(50690, 2584, 1603, 'Student', 'Y'),
(50691, 2584, 1831, 'Student', 'Y'),
(50692, 2584, 2063, 'Student', 'Y'),
(50693, 2584, 2386, 'Student', 'Y'),
(50694, 2584, 2441, 'Student', 'Y'),
(50695, 2584, 2548, 'Student', 'Y'),
(50696, 2584, 2723, 'Student', 'Y'),
(50734, 2480, 2163, 'Student', 'Y'),
(50735, 2480, 2360, 'Student', 'Y'),
(50736, 2480, 2247, 'Student', 'Y'),
(50737, 2480, 2200, 'Student', 'Y'),
(50738, 2480, 2203, 'Student', 'Y'),
(50739, 2480, 2296, 'Student', 'Y'),
(50740, 2480, 2271, 'Student', 'Y'),
(50741, 2480, 2231, 'Student', 'Y'),
(50742, 2480, 2265, 'Student', 'Y'),
(50743, 2480, 2364, 'Student', 'Y'),
(50744, 2480, 2374, 'Student', 'Y'),
(50745, 2480, 2529, 'Student', 'Y'),
(50746, 2480, 2511, 'Student', 'Y'),
(50747, 2480, 2523, 'Student', 'Y'),
(50748, 2514, 2123, 'Student', 'Y'),
(50749, 2514, 2019, 'Student', 'Y'),
(50750, 2514, 1882, 'Student', 'Y'),
(50751, 2514, 1937, 'Student', 'Y'),
(50752, 2514, 1960, 'Student', 'Y'),
(50753, 2514, 2076, 'Student', 'Y'),
(50754, 2514, 2006, 'Student', 'Y'),
(50755, 2514, 1986, 'Student', 'Y'),
(50756, 2307, 1858, 'Student', 'Y'),
(50757, 2307, 1686, 'Student', 'Y'),
(50758, 2307, 1730, 'Student', 'Y'),
(50759, 2307, 1627, 'Student', 'Y'),
(50760, 2307, 1831, 'Student', 'Y'),
(50761, 2307, 2087, 'Student', 'Y'),
(50762, 2307, 2060, 'Student', 'Y'),
(50763, 2332, 1692, 'Student', 'Y'),
(50764, 2332, 1710, 'Student', 'Y'),
(50765, 2332, 1471, 'Student', 'Y'),
(50766, 2332, 1399, 'Student', 'Y'),
(50767, 2332, 1374, 'Student', 'Y'),
(50768, 2332, 1416, 'Student', 'Y'),
(50769, 2399, 2184, 'Student', 'Y'),
(50770, 2585, 1022, 'Student', 'Y'),
(50771, 2585, 2184, 'Student', 'Y'),
(50772, 2400, 614, 'Student', 'Y'),
(50773, 2400, 640, 'Student', 'Y'),
(50774, 2400, 649, 'Student', 'Y'),
(50775, 2400, 1514, 'Student', 'Y'),
(50776, 2400, 934, 'Student', 'Y'),
(50777, 2401, 678, 'Student', 'Y'),
(50778, 2401, 1066, 'Student', 'Y'),
(50779, 2401, 681, 'Student', 'Y'),
(50780, 2401, 614, 'Student', 'Y'),
(50781, 2401, 640, 'Student', 'Y'),
(50782, 2401, 649, 'Student', 'Y'),
(50783, 2401, 1514, 'Student', 'Y'),
(50784, 2401, 934, 'Student', 'Y'),
(50785, 2402, 905, 'Student', 'Y'),
(50786, 2402, 928, 'Student', 'Y'),
(50787, 2402, 931, 'Student', 'Y'),
(50788, 2402, 876, 'Student', 'Y'),
(50789, 2402, 1016, 'Student', 'Y'),
(50790, 2402, 1022, 'Student', 'Y'),
(50791, 2402, 922, 'Student', 'Y'),
(50792, 2402, 925, 'Student', 'Y'),
(50793, 2402, 964, 'Student', 'Y'),
(50794, 2402, 2184, 'Student', 'Y'),
(50795, 2402, 897, 'Student', 'Y'),
(50796, 2402, 1819, 'Student', 'Y'),
(50797, 2402, 1008, 'Student', 'Y'),
(50798, 2402, 937, 'Student', 'Y'),
(50799, 2402, 2392, 'Student', 'Y'),
(50800, 2402, 1019, 'Student', 'Y'),
(50801, 2402, 934, 'Student', 'Y'),
(50802, 2402, 913, 'Student', 'Y'),
(50803, 2319, 1424, 'Student', 'Y'),
(50804, 2331, 1424, 'Student', 'Y'),
(50806, 2319, 1520, 'Student', 'Y'),
(50807, 2331, 1520, 'Student', 'Y'),
(50809, 2319, 1471, 'Student', 'Y'),
(50810, 2331, 1471, 'Student', 'Y'),
(50812, 2319, 1538, 'Student', 'Y'),
(50813, 2331, 1538, 'Student', 'Y'),
(50815, 2319, 1358, 'Student', 'Y'),
(50816, 2331, 1358, 'Student', 'Y'),
(50818, 2319, 1352, 'Student', 'Y'),
(50819, 2331, 1352, 'Student', 'Y'),
(50821, 2319, 1486, 'Student', 'Y'),
(50822, 2331, 1486, 'Student', 'Y'),
(50824, 2319, 1393, 'Student', 'Y'),
(50825, 2331, 1393, 'Student', 'Y'),
(50827, 2319, 1367, 'Student', 'Y'),
(50828, 2331, 1367, 'Student', 'Y'),
(50830, 2319, 1845, 'Student', 'Y'),
(50831, 2331, 1845, 'Student', 'Y'),
(50833, 2319, 2357, 'Student', 'Y'),
(50834, 2331, 2357, 'Student', 'Y'),
(50836, 2319, 1355, 'Student', 'Y'),
(50837, 2331, 1355, 'Student', 'Y'),
(50839, 2319, 2407, 'Student', 'Y'),
(50840, 2331, 2407, 'Student', 'Y'),
(50842, 2319, 1465, 'Student', 'Y'),
(50843, 2331, 1465, 'Student', 'Y'),
(50845, 2319, 1692, 'Student', 'Y'),
(50846, 2331, 1692, 'Student', 'Y'),
(50848, 2319, 1416, 'Student', 'Y'),
(50849, 2331, 1416, 'Student', 'Y'),
(50851, 2320, 1427, 'Student', 'Y'),
(50852, 2330, 1427, 'Student', 'Y'),
(50854, 2320, 1430, 'Student', 'Y'),
(50855, 2330, 1430, 'Student', 'Y'),
(50857, 2320, 1440, 'Student', 'Y'),
(50858, 2330, 1440, 'Student', 'Y'),
(50860, 2320, 1492, 'Student', 'Y'),
(50861, 2330, 1492, 'Student', 'Y'),
(50863, 2320, 1391, 'Student', 'Y'),
(50864, 2330, 1391, 'Student', 'Y'),
(50866, 2320, 1477, 'Student', 'Y'),
(50867, 2330, 1477, 'Student', 'Y'),
(50869, 2320, 1585, 'Student', 'Y'),
(50870, 2330, 1585, 'Student', 'Y'),
(50872, 2320, 1377, 'Student', 'Y'),
(50873, 2330, 1377, 'Student', 'Y'),
(50875, 2320, 2444, 'Student', 'Y'),
(50876, 2330, 2444, 'Student', 'Y'),
(50878, 2320, 2490, 'Student', 'Y'),
(50879, 2330, 2490, 'Student', 'Y'),
(50881, 2320, 1410, 'Student', 'Y'),
(50882, 2330, 1410, 'Student', 'Y'),
(50884, 2320, 2316, 'Student', 'Y'),
(50885, 2330, 2316, 'Student', 'Y'),
(50887, 2320, 2306, 'Student', 'Y'),
(50888, 2330, 2306, 'Student', 'Y'),
(50890, 2320, 1374, 'Student', 'Y'),
(50891, 2330, 1374, 'Student', 'Y'),
(50893, 2320, 2286, 'Student', 'Y'),
(50894, 2330, 2286, 'Student', 'Y'),
(50896, 2320, 2084, 'Student', 'Y'),
(50897, 2330, 2084, 'Student', 'Y'),
(50899, 2328, 1424, 'Student', 'Y'),
(50900, 2328, 1520, 'Student', 'Y'),
(50901, 2328, 1471, 'Student', 'Y'),
(50902, 2328, 1538, 'Student', 'Y'),
(50903, 2328, 1358, 'Student', 'Y'),
(50904, 2328, 1352, 'Student', 'Y'),
(50905, 2328, 1486, 'Student', 'Y'),
(50906, 2328, 1393, 'Student', 'Y'),
(50907, 2328, 1367, 'Student', 'Y'),
(50908, 2328, 1845, 'Student', 'Y'),
(50909, 2328, 2357, 'Student', 'Y'),
(50910, 2328, 1355, 'Student', 'Y'),
(50911, 2328, 2407, 'Student', 'Y'),
(50912, 2328, 1465, 'Student', 'Y'),
(50913, 2328, 1692, 'Student', 'Y'),
(50914, 2328, 1416, 'Student', 'Y'),
(50915, 2329, 1427, 'Student', 'Y'),
(50916, 2329, 1430, 'Student', 'Y'),
(50917, 2329, 1440, 'Student', 'Y'),
(50918, 2329, 1492, 'Student', 'Y'),
(50919, 2329, 1391, 'Student', 'Y'),
(50920, 2329, 1477, 'Student', 'Y'),
(50921, 2329, 1585, 'Student', 'Y'),
(50922, 2329, 1377, 'Student', 'Y'),
(50923, 2329, 2444, 'Student', 'Y'),
(50924, 2329, 2490, 'Student', 'Y'),
(50925, 2329, 1410, 'Student', 'Y'),
(50926, 2329, 2316, 'Student', 'Y'),
(50927, 2329, 2306, 'Student', 'Y'),
(50928, 2329, 1374, 'Student', 'Y'),
(50929, 2329, 2286, 'Student', 'Y'),
(50930, 2329, 2084, 'Student', 'Y'),
(50933, 2285, 2347, 'Teacher', 'Y'),
(50934, 2282, 140, 'Teacher', 'Y'),
(50935, 2409, 2469, 'Student', 'Y'),
(50936, 2412, 2469, 'Student', 'Y'),
(50937, 2423, 2469, 'Student', 'Y'),
(50938, 2426, 2469, 'Student', 'Y'),
(50939, 2429, 2469, 'Student', 'Y'),
(50940, 2437, 2469, 'Student', 'Y'),
(50941, 2440, 2469, 'Student', 'Y'),
(50942, 2526, 2469, 'Student', 'Y'),
(50950, 2409, 2695, 'Student', 'Y'),
(50951, 2412, 2695, 'Student', 'Y'),
(50952, 2423, 2695, 'Student', 'Y'),
(50953, 2426, 2695, 'Student', 'Y'),
(50954, 2429, 2695, 'Student', 'Y'),
(50955, 2437, 2695, 'Student', 'Y'),
(50956, 2440, 2695, 'Student', 'Y'),
(50957, 2526, 2695, 'Student', 'Y'),
(50965, 2409, 2450, 'Student', 'Y'),
(50966, 2412, 2450, 'Student', 'Y'),
(50967, 2423, 2450, 'Student', 'Y'),
(50968, 2426, 2450, 'Student', 'Y'),
(50969, 2429, 2450, 'Student', 'Y'),
(50970, 2437, 2450, 'Student', 'Y'),
(50971, 2440, 2450, 'Student', 'Y'),
(50972, 2526, 2450, 'Student', 'Y'),
(50980, 2409, 2459, 'Student', 'Y'),
(50981, 2412, 2459, 'Student', 'Y'),
(50982, 2423, 2459, 'Student', 'Y'),
(50983, 2426, 2459, 'Student', 'Y'),
(50984, 2429, 2459, 'Student', 'Y'),
(50985, 2437, 2459, 'Student', 'Y'),
(50986, 2440, 2459, 'Student', 'Y'),
(50987, 2526, 2459, 'Student', 'Y'),
(50995, 2409, 2611, 'Student', 'Y'),
(50996, 2412, 2611, 'Student', 'Y'),
(50997, 2423, 2611, 'Student', 'Y'),
(50998, 2426, 2611, 'Student', 'Y'),
(50999, 2429, 2611, 'Student', 'Y'),
(51000, 2437, 2611, 'Student', 'Y'),
(51001, 2440, 2611, 'Student', 'Y'),
(51002, 2526, 2611, 'Student', 'Y'),
(51010, 2409, 2679, 'Student', 'Y'),
(51011, 2412, 2679, 'Student', 'Y'),
(51012, 2423, 2679, 'Student', 'Y'),
(51013, 2426, 2679, 'Student', 'Y'),
(51014, 2429, 2679, 'Student', 'Y'),
(51015, 2437, 2679, 'Student', 'Y'),
(51016, 2440, 2679, 'Student', 'Y'),
(51017, 2526, 2679, 'Student', 'Y'),
(51025, 2409, 2447, 'Student', 'Y'),
(51026, 2412, 2447, 'Student', 'Y'),
(51027, 2423, 2447, 'Student', 'Y'),
(51028, 2426, 2447, 'Student', 'Y'),
(51029, 2429, 2447, 'Student', 'Y'),
(51030, 2437, 2447, 'Student', 'Y'),
(51031, 2440, 2447, 'Student', 'Y'),
(51032, 2526, 2447, 'Student', 'Y'),
(51040, 2409, 2683, 'Student', 'Y'),
(51041, 2412, 2683, 'Student', 'Y'),
(51042, 2423, 2683, 'Student', 'Y'),
(51043, 2426, 2683, 'Student', 'Y'),
(51044, 2429, 2683, 'Student', 'Y'),
(51045, 2437, 2683, 'Student', 'Y'),
(51046, 2440, 2683, 'Student', 'Y'),
(51047, 2526, 2683, 'Student', 'Y'),
(51055, 2409, 2760, 'Student', 'Y'),
(51056, 2412, 2760, 'Student', 'Y'),
(51057, 2423, 2760, 'Student', 'Y'),
(51058, 2426, 2760, 'Student', 'Y'),
(51059, 2429, 2760, 'Student', 'Y'),
(51060, 2437, 2760, 'Student', 'Y'),
(51061, 2440, 2760, 'Student', 'Y'),
(51062, 2526, 2760, 'Student', 'Y'),
(51070, 2409, 2614, 'Student', 'Y'),
(51071, 2412, 2614, 'Student', 'Y'),
(51072, 2423, 2614, 'Student', 'Y'),
(51073, 2426, 2614, 'Student', 'Y'),
(51074, 2429, 2614, 'Student', 'Y'),
(51075, 2437, 2614, 'Student', 'Y'),
(51076, 2440, 2614, 'Student', 'Y'),
(51077, 2526, 2614, 'Student', 'Y'),
(51085, 2409, 2485, 'Student', 'Y'),
(51086, 2412, 2485, 'Student', 'Y'),
(51087, 2423, 2485, 'Student', 'Y'),
(51088, 2426, 2485, 'Student', 'Y'),
(51089, 2429, 2485, 'Student', 'Y'),
(51090, 2437, 2485, 'Student', 'Y'),
(51091, 2440, 2485, 'Student', 'Y'),
(51092, 2526, 2485, 'Student', 'Y'),
(51100, 2409, 2472, 'Student', 'Y'),
(51101, 2412, 2472, 'Student', 'Y'),
(51102, 2423, 2472, 'Student', 'Y'),
(51103, 2426, 2472, 'Student', 'Y'),
(51104, 2429, 2472, 'Student', 'Y'),
(51105, 2437, 2472, 'Student', 'Y'),
(51106, 2440, 2472, 'Student', 'Y'),
(51107, 2526, 2472, 'Student', 'Y'),
(51115, 2409, 2610, 'Student', 'Y'),
(51116, 2412, 2610, 'Student', 'Y'),
(51117, 2423, 2610, 'Student', 'Y'),
(51118, 2426, 2610, 'Student', 'Y'),
(51119, 2429, 2610, 'Student', 'Y'),
(51120, 2437, 2610, 'Student', 'Y'),
(51121, 2440, 2610, 'Student', 'Y'),
(51122, 2526, 2610, 'Student', 'Y'),
(51130, 2409, 2636, 'Student', 'Y'),
(51131, 2412, 2636, 'Student', 'Y'),
(51132, 2423, 2636, 'Student', 'Y'),
(51133, 2426, 2636, 'Student', 'Y'),
(51134, 2429, 2636, 'Student', 'Y'),
(51135, 2437, 2636, 'Student', 'Y'),
(51136, 2440, 2636, 'Student', 'Y'),
(51137, 2526, 2636, 'Student', 'Y'),
(51145, 2409, 2627, 'Student', 'Y'),
(51146, 2412, 2627, 'Student', 'Y'),
(51147, 2423, 2627, 'Student', 'Y'),
(51148, 2426, 2627, 'Student', 'Y'),
(51149, 2429, 2627, 'Student', 'Y'),
(51150, 2437, 2627, 'Student', 'Y'),
(51151, 2440, 2627, 'Student', 'Y'),
(51152, 2526, 2627, 'Student', 'Y'),
(51160, 2409, 2754, 'Student', 'Y'),
(51161, 2412, 2754, 'Student', 'Y'),
(51162, 2423, 2754, 'Student', 'Y'),
(51163, 2426, 2754, 'Student', 'Y'),
(51164, 2429, 2754, 'Student', 'Y'),
(51165, 2437, 2754, 'Student', 'Y'),
(51166, 2440, 2754, 'Student', 'Y'),
(51167, 2526, 2754, 'Student', 'Y'),
(51175, 2409, 2615, 'Student', 'Y'),
(51176, 2412, 2615, 'Student', 'Y'),
(51177, 2423, 2615, 'Student', 'Y'),
(51178, 2426, 2615, 'Student', 'Y'),
(51179, 2429, 2615, 'Student', 'Y'),
(51180, 2437, 2615, 'Student', 'Y'),
(51181, 2440, 2615, 'Student', 'Y'),
(51182, 2526, 2615, 'Student', 'Y'),
(51190, 2409, 2601, 'Student', 'Y'),
(51191, 2412, 2601, 'Student', 'Y'),
(51192, 2423, 2601, 'Student', 'Y'),
(51193, 2426, 2601, 'Student', 'Y'),
(51194, 2429, 2601, 'Student', 'Y'),
(51195, 2437, 2601, 'Student', 'Y'),
(51196, 2440, 2601, 'Student', 'Y'),
(51197, 2526, 2601, 'Student', 'Y'),
(51205, 2409, 2746, 'Student', 'Y'),
(51206, 2412, 2746, 'Student', 'Y'),
(51207, 2423, 2746, 'Student', 'Y'),
(51208, 2426, 2746, 'Student', 'Y'),
(51209, 2429, 2746, 'Student', 'Y'),
(51210, 2437, 2746, 'Student', 'Y'),
(51211, 2440, 2746, 'Student', 'Y'),
(51212, 2526, 2746, 'Student', 'Y'),
(51220, 2409, 2482, 'Student', 'Y'),
(51221, 2412, 2482, 'Student', 'Y'),
(51222, 2423, 2482, 'Student', 'Y'),
(51223, 2426, 2482, 'Student', 'Y'),
(51224, 2429, 2482, 'Student', 'Y'),
(51225, 2437, 2482, 'Student', 'Y'),
(51226, 2440, 2482, 'Student', 'Y'),
(51227, 2526, 2482, 'Student', 'Y'),
(51235, 2409, 2715, 'Student', 'Y'),
(51236, 2412, 2715, 'Student', 'Y'),
(51237, 2423, 2715, 'Student', 'Y'),
(51238, 2426, 2715, 'Student', 'Y'),
(51239, 2429, 2715, 'Student', 'Y'),
(51240, 2437, 2715, 'Student', 'Y'),
(51241, 2440, 2715, 'Student', 'Y'),
(51242, 2526, 2715, 'Student', 'Y'),
(51250, 2408, 2430, 'Student', 'Y'),
(51251, 2411, 2430, 'Student', 'Y'),
(51252, 2422, 2430, 'Student', 'Y'),
(51253, 2425, 2430, 'Student', 'Y'),
(51254, 2428, 2430, 'Student', 'Y'),
(51255, 2436, 2430, 'Student', 'Y'),
(51256, 2439, 2430, 'Student', 'Y'),
(51257, 2529, 2430, 'Student', 'Y'),
(51295, 2408, 2630, 'Student', 'Y'),
(51296, 2411, 2630, 'Student', 'Y'),
(51297, 2422, 2630, 'Student', 'Y'),
(51298, 2425, 2630, 'Student', 'Y'),
(51299, 2428, 2630, 'Student', 'Y'),
(51300, 2436, 2630, 'Student', 'Y'),
(51301, 2439, 2630, 'Student', 'Y'),
(51302, 2529, 2630, 'Student', 'Y'),
(51310, 2408, 2657, 'Student', 'Y'),
(51311, 2411, 2657, 'Student', 'Y'),
(51312, 2422, 2657, 'Student', 'Y'),
(51313, 2425, 2657, 'Student', 'Y'),
(51314, 2428, 2657, 'Student', 'Y'),
(51315, 2436, 2657, 'Student', 'Y'),
(51316, 2439, 2657, 'Student', 'Y'),
(51317, 2529, 2657, 'Student', 'Y'),
(51325, 2408, 2460, 'Student', 'Y'),
(51326, 2411, 2460, 'Student', 'Y'),
(51327, 2422, 2460, 'Student', 'Y'),
(51328, 2425, 2460, 'Student', 'Y'),
(51329, 2428, 2460, 'Student', 'Y'),
(51330, 2436, 2460, 'Student', 'Y'),
(51331, 2439, 2460, 'Student', 'Y'),
(51332, 2529, 2460, 'Student', 'Y'),
(51340, 2408, 2621, 'Student', 'Y'),
(51341, 2411, 2621, 'Student', 'Y'),
(51342, 2422, 2621, 'Student', 'Y'),
(51343, 2425, 2621, 'Student', 'Y'),
(51344, 2428, 2621, 'Student', 'Y'),
(51345, 2436, 2621, 'Student', 'Y'),
(51346, 2439, 2621, 'Student', 'Y'),
(51347, 2529, 2621, 'Student', 'Y'),
(51355, 2408, 2692, 'Student', 'Y'),
(51356, 2411, 2692, 'Student', 'Y'),
(51357, 2422, 2692, 'Student', 'Y'),
(51358, 2425, 2692, 'Student', 'Y'),
(51359, 2428, 2692, 'Student', 'Y'),
(51360, 2436, 2692, 'Student', 'Y'),
(51361, 2439, 2692, 'Student', 'Y'),
(51362, 2529, 2692, 'Student', 'Y'),
(51370, 2408, 2607, 'Student', 'Y'),
(51371, 2411, 2607, 'Student', 'Y'),
(51372, 2422, 2607, 'Student', 'Y'),
(51373, 2425, 2607, 'Student', 'Y'),
(51374, 2428, 2607, 'Student', 'Y'),
(51375, 2436, 2607, 'Student', 'Y'),
(51376, 2439, 2607, 'Student', 'Y'),
(51377, 2529, 2607, 'Student', 'Y'),
(51385, 2408, 2633, 'Student', 'Y'),
(51386, 2411, 2633, 'Student', 'Y'),
(51387, 2422, 2633, 'Student', 'Y'),
(51388, 2425, 2633, 'Student', 'Y'),
(51389, 2428, 2633, 'Student', 'Y'),
(51390, 2436, 2633, 'Student', 'Y'),
(51391, 2439, 2633, 'Student', 'Y'),
(51392, 2529, 2633, 'Student', 'Y'),
(51400, 2408, 2426, 'Student', 'Y'),
(51401, 2411, 2426, 'Student', 'Y'),
(51402, 2422, 2426, 'Student', 'Y'),
(51403, 2425, 2426, 'Student', 'Y'),
(51404, 2428, 2426, 'Student', 'Y'),
(51405, 2436, 2426, 'Student', 'Y'),
(51406, 2439, 2426, 'Student', 'Y'),
(51407, 2529, 2426, 'Student', 'Y'),
(51415, 2408, 2652, 'Student', 'Y'),
(51416, 2411, 2652, 'Student', 'Y'),
(51417, 2422, 2652, 'Student', 'Y'),
(51418, 2425, 2652, 'Student', 'Y'),
(51419, 2428, 2652, 'Student', 'Y'),
(51420, 2436, 2652, 'Student', 'Y'),
(51421, 2439, 2652, 'Student', 'Y'),
(51422, 2529, 2652, 'Student', 'Y'),
(51430, 2408, 2699, 'Student', 'Y'),
(51431, 2411, 2699, 'Student', 'Y'),
(51432, 2422, 2699, 'Student', 'Y'),
(51433, 2425, 2699, 'Student', 'Y'),
(51434, 2428, 2699, 'Student', 'Y'),
(51435, 2436, 2699, 'Student', 'Y'),
(51436, 2439, 2699, 'Student', 'Y'),
(51437, 2529, 2699, 'Student', 'Y'),
(51445, 2408, 2642, 'Student', 'Y'),
(51446, 2411, 2642, 'Student', 'Y'),
(51447, 2422, 2642, 'Student', 'Y'),
(51448, 2425, 2642, 'Student', 'Y'),
(51449, 2428, 2642, 'Student', 'Y'),
(51450, 2436, 2642, 'Student', 'Y'),
(51451, 2439, 2642, 'Student', 'Y'),
(51452, 2529, 2642, 'Student', 'Y'),
(51460, 2408, 2453, 'Student', 'Y'),
(51461, 2411, 2453, 'Student', 'Y'),
(51462, 2422, 2453, 'Student', 'Y'),
(51463, 2425, 2453, 'Student', 'Y'),
(51464, 2428, 2453, 'Student', 'Y'),
(51465, 2436, 2453, 'Student', 'Y'),
(51466, 2439, 2453, 'Student', 'Y'),
(51467, 2529, 2453, 'Student', 'Y'),
(51490, 2408, 2743, 'Student', 'Y'),
(51491, 2411, 2743, 'Student', 'Y'),
(51492, 2422, 2743, 'Student', 'Y'),
(51493, 2425, 2743, 'Student', 'Y'),
(51494, 2428, 2743, 'Student', 'Y'),
(51495, 2436, 2743, 'Student', 'Y'),
(51496, 2439, 2743, 'Student', 'Y'),
(51497, 2529, 2743, 'Student', 'Y'),
(51505, 2408, 2645, 'Student', 'Y'),
(51506, 2411, 2645, 'Student', 'Y'),
(51507, 2422, 2645, 'Student', 'Y'),
(51508, 2425, 2645, 'Student', 'Y'),
(51509, 2428, 2645, 'Student', 'Y'),
(51510, 2436, 2645, 'Student', 'Y'),
(51511, 2439, 2645, 'Student', 'Y'),
(51512, 2529, 2645, 'Student', 'Y'),
(51520, 2408, 2476, 'Student', 'Y'),
(51521, 2411, 2476, 'Student', 'Y'),
(51522, 2422, 2476, 'Student', 'Y'),
(51523, 2425, 2476, 'Student', 'Y'),
(51524, 2428, 2476, 'Student', 'Y'),
(51525, 2436, 2476, 'Student', 'Y'),
(51526, 2439, 2476, 'Student', 'Y'),
(51527, 2529, 2476, 'Student', 'Y'),
(51535, 2408, 2663, 'Student', 'Y'),
(51536, 2411, 2663, 'Student', 'Y'),
(51537, 2422, 2663, 'Student', 'Y'),
(51538, 2425, 2663, 'Student', 'Y'),
(51539, 2428, 2663, 'Student', 'Y'),
(51540, 2436, 2663, 'Student', 'Y'),
(51541, 2439, 2663, 'Student', 'Y'),
(51542, 2529, 2663, 'Student', 'Y'),
(51550, 2408, 2651, 'Student', 'Y'),
(51551, 2411, 2651, 'Student', 'Y'),
(51552, 2422, 2651, 'Student', 'Y'),
(51553, 2425, 2651, 'Student', 'Y'),
(51554, 2428, 2651, 'Student', 'Y'),
(51555, 2436, 2651, 'Student', 'Y'),
(51556, 2439, 2651, 'Student', 'Y'),
(51557, 2529, 2651, 'Student', 'Y'),
(51565, 2408, 2563, 'Student', 'Y'),
(51566, 2411, 2563, 'Student', 'Y'),
(51567, 2422, 2563, 'Student', 'Y'),
(51568, 2425, 2563, 'Student', 'Y'),
(51569, 2428, 2563, 'Student', 'Y'),
(51570, 2436, 2563, 'Student', 'Y'),
(51571, 2439, 2563, 'Student', 'Y'),
(51572, 2529, 2563, 'Student', 'Y'),
(51580, 2408, 2696, 'Student', 'Y'),
(51581, 2411, 2696, 'Student', 'Y'),
(51582, 2422, 2696, 'Student', 'Y'),
(51583, 2425, 2696, 'Student', 'Y'),
(51584, 2428, 2696, 'Student', 'Y'),
(51585, 2436, 2696, 'Student', 'Y'),
(51586, 2439, 2696, 'Student', 'Y'),
(51587, 2529, 2696, 'Student', 'Y'),
(51595, 2407, 2749, 'Student', 'Y'),
(51596, 2410, 2749, 'Student', 'Y'),
(51597, 2421, 2749, 'Student', 'Y'),
(51598, 2424, 2749, 'Student', 'Y'),
(51599, 2427, 2749, 'Student', 'Y'),
(51600, 2435, 2749, 'Student', 'Y'),
(51601, 2438, 2749, 'Student', 'Y'),
(51602, 2527, 2749, 'Student', 'Y'),
(51610, 2407, 2580, 'Student', 'Y'),
(51611, 2410, 2580, 'Student', 'Y'),
(51612, 2421, 2580, 'Student', 'Y'),
(51613, 2424, 2580, 'Student', 'Y'),
(51614, 2427, 2580, 'Student', 'Y'),
(51615, 2435, 2580, 'Student', 'Y'),
(51616, 2438, 2580, 'Student', 'Y'),
(51617, 2527, 2580, 'Student', 'Y'),
(51625, 2407, 2624, 'Student', 'Y'),
(51626, 2410, 2624, 'Student', 'Y'),
(51627, 2421, 2624, 'Student', 'Y'),
(51628, 2424, 2624, 'Student', 'Y'),
(51629, 2427, 2624, 'Student', 'Y'),
(51630, 2435, 2624, 'Student', 'Y'),
(51631, 2438, 2624, 'Student', 'Y'),
(51632, 2527, 2624, 'Student', 'Y'),
(51640, 2407, 2654, 'Student', 'Y'),
(51641, 2410, 2654, 'Student', 'Y'),
(51642, 2421, 2654, 'Student', 'Y'),
(51643, 2424, 2654, 'Student', 'Y'),
(51644, 2427, 2654, 'Student', 'Y'),
(51645, 2435, 2654, 'Student', 'Y'),
(51646, 2438, 2654, 'Student', 'Y'),
(51647, 2527, 2654, 'Student', 'Y'),
(51655, 2407, 2666, 'Student', 'Y'),
(51656, 2410, 2666, 'Student', 'Y'),
(51657, 2421, 2666, 'Student', 'Y'),
(51658, 2424, 2666, 'Student', 'Y'),
(51659, 2427, 2666, 'Student', 'Y'),
(51660, 2435, 2666, 'Student', 'Y'),
(51661, 2438, 2666, 'Student', 'Y'),
(51662, 2527, 2666, 'Student', 'Y'),
(51670, 2407, 2466, 'Student', 'Y'),
(51671, 2410, 2466, 'Student', 'Y'),
(51672, 2421, 2466, 'Student', 'Y'),
(51673, 2424, 2466, 'Student', 'Y'),
(51674, 2427, 2466, 'Student', 'Y'),
(51675, 2435, 2466, 'Student', 'Y'),
(51676, 2438, 2466, 'Student', 'Y'),
(51677, 2527, 2466, 'Student', 'Y'),
(51685, 2407, 2686, 'Student', 'Y'),
(51686, 2410, 2686, 'Student', 'Y'),
(51687, 2421, 2686, 'Student', 'Y'),
(51688, 2424, 2686, 'Student', 'Y'),
(51689, 2427, 2686, 'Student', 'Y'),
(51690, 2435, 2686, 'Student', 'Y'),
(51691, 2438, 2686, 'Student', 'Y'),
(51692, 2527, 2686, 'Student', 'Y'),
(51700, 2407, 2726, 'Student', 'Y'),
(51701, 2410, 2726, 'Student', 'Y'),
(51702, 2421, 2726, 'Student', 'Y'),
(51703, 2424, 2726, 'Student', 'Y'),
(51704, 2427, 2726, 'Student', 'Y'),
(51705, 2435, 2726, 'Student', 'Y'),
(51706, 2438, 2726, 'Student', 'Y'),
(51707, 2527, 2726, 'Student', 'Y'),
(51715, 2407, 2586, 'Student', 'Y'),
(51716, 2410, 2586, 'Student', 'Y'),
(51717, 2421, 2586, 'Student', 'Y'),
(51718, 2424, 2586, 'Student', 'Y'),
(51719, 2427, 2586, 'Student', 'Y'),
(51720, 2435, 2586, 'Student', 'Y'),
(51721, 2438, 2586, 'Student', 'Y'),
(51722, 2527, 2586, 'Student', 'Y'),
(51730, 2407, 2639, 'Student', 'Y'),
(51731, 2410, 2639, 'Student', 'Y'),
(51732, 2421, 2639, 'Student', 'Y'),
(51733, 2424, 2639, 'Student', 'Y'),
(51734, 2427, 2639, 'Student', 'Y'),
(51735, 2435, 2639, 'Student', 'Y'),
(51736, 2438, 2639, 'Student', 'Y'),
(51737, 2527, 2639, 'Student', 'Y'),
(51745, 2407, 2473, 'Student', 'Y'),
(51746, 2410, 2473, 'Student', 'Y'),
(51747, 2421, 2473, 'Student', 'Y'),
(51748, 2424, 2473, 'Student', 'Y'),
(51749, 2427, 2473, 'Student', 'Y'),
(51750, 2435, 2473, 'Student', 'Y'),
(51751, 2438, 2473, 'Student', 'Y'),
(51752, 2527, 2473, 'Student', 'Y'),
(51760, 2407, 2433, 'Student', 'Y'),
(51761, 2410, 2433, 'Student', 'Y'),
(51762, 2421, 2433, 'Student', 'Y'),
(51763, 2424, 2433, 'Student', 'Y'),
(51764, 2427, 2433, 'Student', 'Y'),
(51765, 2435, 2433, 'Student', 'Y'),
(51766, 2438, 2433, 'Student', 'Y'),
(51767, 2527, 2433, 'Student', 'Y'),
(51775, 2407, 2711, 'Student', 'Y'),
(51776, 2410, 2711, 'Student', 'Y'),
(51777, 2421, 2711, 'Student', 'Y'),
(51778, 2424, 2711, 'Student', 'Y'),
(51779, 2427, 2711, 'Student', 'Y'),
(51780, 2435, 2711, 'Student', 'Y'),
(51781, 2438, 2711, 'Student', 'Y'),
(51782, 2527, 2711, 'Student', 'Y'),
(51790, 2407, 2436, 'Student', 'Y'),
(51791, 2410, 2436, 'Student', 'Y'),
(51792, 2421, 2436, 'Student', 'Y'),
(51793, 2424, 2436, 'Student', 'Y'),
(51794, 2427, 2436, 'Student', 'Y'),
(51795, 2435, 2436, 'Student', 'Y'),
(51796, 2438, 2436, 'Student', 'Y'),
(51797, 2527, 2436, 'Student', 'Y'),
(51805, 2407, 2479, 'Student', 'Y'),
(51806, 2410, 2479, 'Student', 'Y'),
(51807, 2421, 2479, 'Student', 'Y'),
(51808, 2424, 2479, 'Student', 'Y'),
(51809, 2427, 2479, 'Student', 'Y'),
(51810, 2435, 2479, 'Student', 'Y'),
(51811, 2438, 2479, 'Student', 'Y'),
(51812, 2527, 2479, 'Student', 'Y'),
(51820, 2407, 2427, 'Student', 'Y'),
(51821, 2410, 2427, 'Student', 'Y'),
(51822, 2421, 2427, 'Student', 'Y'),
(51823, 2424, 2427, 'Student', 'Y'),
(51824, 2427, 2427, 'Student', 'Y'),
(51825, 2435, 2427, 'Student', 'Y'),
(51826, 2438, 2427, 'Student', 'Y'),
(51827, 2527, 2427, 'Student', 'Y'),
(51835, 2407, 2689, 'Student', 'Y'),
(51836, 2410, 2689, 'Student', 'Y'),
(51837, 2421, 2689, 'Student', 'Y'),
(51838, 2424, 2689, 'Student', 'Y'),
(51839, 2427, 2689, 'Student', 'Y'),
(51840, 2435, 2689, 'Student', 'Y'),
(51841, 2438, 2689, 'Student', 'Y'),
(51842, 2527, 2689, 'Student', 'Y'),
(51850, 2407, 2708, 'Student', 'Y'),
(51851, 2410, 2708, 'Student', 'Y'),
(51852, 2421, 2708, 'Student', 'Y'),
(51853, 2424, 2708, 'Student', 'Y'),
(51854, 2427, 2708, 'Student', 'Y'),
(51855, 2435, 2708, 'Student', 'Y'),
(51856, 2438, 2708, 'Student', 'Y'),
(51857, 2527, 2708, 'Student', 'Y'),
(51865, 2407, 2670, 'Student', 'Y'),
(51866, 2410, 2670, 'Student', 'Y'),
(51867, 2421, 2670, 'Student', 'Y'),
(51868, 2424, 2670, 'Student', 'Y'),
(51869, 2427, 2670, 'Student', 'Y'),
(51870, 2435, 2670, 'Student', 'Y'),
(51871, 2438, 2670, 'Student', 'Y'),
(51872, 2527, 2670, 'Student', 'Y'),
(51880, 2407, 2576, 'Student', 'Y'),
(51881, 2410, 2576, 'Student', 'Y'),
(51882, 2421, 2576, 'Student', 'Y'),
(51883, 2424, 2576, 'Student', 'Y'),
(51884, 2427, 2576, 'Student', 'Y'),
(51885, 2435, 2576, 'Student', 'Y'),
(51886, 2438, 2576, 'Student', 'Y'),
(51887, 2527, 2576, 'Student', 'Y'),
(51895, 2407, 2566, 'Student', 'Y'),
(51896, 2410, 2566, 'Student', 'Y'),
(51897, 2421, 2566, 'Student', 'Y'),
(51898, 2424, 2566, 'Student', 'Y'),
(51899, 2427, 2566, 'Student', 'Y'),
(51900, 2435, 2566, 'Student', 'Y'),
(51901, 2438, 2566, 'Student', 'Y'),
(51902, 2527, 2566, 'Student', 'Y'),
(51910, 2518, 2618, 'Student', 'Y'),
(51911, 2519, 2618, 'Student', 'Y'),
(51912, 2547, 2618, 'Student', 'Y'),
(51913, 2548, 2618, 'Student', 'Y'),
(51914, 2554, 2618, 'Student', 'Y'),
(51915, 2580, 2618, 'Student', 'Y'),
(51916, 2583, 2618, 'Student', 'Y'),
(51917, 2530, 2618, 'Student', 'Y'),
(51925, 2518, 2573, 'Student', 'Y'),
(51926, 2519, 2573, 'Student', 'Y'),
(51927, 2547, 2573, 'Student', 'Y'),
(51928, 2548, 2573, 'Student', 'Y'),
(51929, 2554, 2573, 'Student', 'Y'),
(51930, 2580, 2573, 'Student', 'Y'),
(51931, 2583, 2573, 'Student', 'Y'),
(51932, 2530, 2573, 'Student', 'Y'),
(51940, 2518, 2592, 'Student', 'Y'),
(51941, 2519, 2592, 'Student', 'Y'),
(51942, 2547, 2592, 'Student', 'Y'),
(51943, 2548, 2592, 'Student', 'Y'),
(51944, 2554, 2592, 'Student', 'Y'),
(51945, 2580, 2592, 'Student', 'Y'),
(51946, 2583, 2592, 'Student', 'Y'),
(51947, 2530, 2592, 'Student', 'Y'),
(51955, 2518, 2583, 'Student', 'Y'),
(51956, 2519, 2583, 'Student', 'Y'),
(51957, 2547, 2583, 'Student', 'Y'),
(51958, 2548, 2583, 'Student', 'Y'),
(51959, 2554, 2583, 'Student', 'Y'),
(51960, 2580, 2583, 'Student', 'Y'),
(51961, 2583, 2583, 'Student', 'Y'),
(51962, 2530, 2583, 'Student', 'Y'),
(51970, 2518, 2705, 'Student', 'Y'),
(51971, 2519, 2705, 'Student', 'Y'),
(51972, 2547, 2705, 'Student', 'Y'),
(51973, 2548, 2705, 'Student', 'Y'),
(51974, 2554, 2705, 'Student', 'Y'),
(51975, 2580, 2705, 'Student', 'Y'),
(51976, 2583, 2705, 'Student', 'Y'),
(51977, 2530, 2705, 'Student', 'Y'),
(51985, 2518, 2660, 'Student', 'Y'),
(51986, 2519, 2660, 'Student', 'Y'),
(51987, 2547, 2660, 'Student', 'Y'),
(51988, 2548, 2660, 'Student', 'Y'),
(51989, 2554, 2660, 'Student', 'Y'),
(51990, 2580, 2660, 'Student', 'Y'),
(51991, 2583, 2660, 'Student', 'Y'),
(51992, 2530, 2660, 'Student', 'Y'),
(52000, 2518, 2598, 'Student', 'Y'),
(52001, 2519, 2598, 'Student', 'Y'),
(52002, 2547, 2598, 'Student', 'Y'),
(52003, 2548, 2598, 'Student', 'Y'),
(52004, 2554, 2598, 'Student', 'Y'),
(52005, 2580, 2598, 'Student', 'Y'),
(52006, 2583, 2598, 'Student', 'Y'),
(52007, 2530, 2598, 'Student', 'Y'),
(52015, 2518, 2589, 'Student', 'Y'),
(52016, 2519, 2589, 'Student', 'Y'),
(52017, 2547, 2589, 'Student', 'Y'),
(52018, 2548, 2589, 'Student', 'Y'),
(52019, 2554, 2589, 'Student', 'Y'),
(52020, 2580, 2589, 'Student', 'Y'),
(52021, 2583, 2589, 'Student', 'Y'),
(52022, 2530, 2589, 'Student', 'Y'),
(52030, 2518, 2604, 'Student', 'Y'),
(52031, 2519, 2604, 'Student', 'Y'),
(52032, 2547, 2604, 'Student', 'Y'),
(52033, 2548, 2604, 'Student', 'Y'),
(52034, 2554, 2604, 'Student', 'Y'),
(52035, 2580, 2604, 'Student', 'Y'),
(52036, 2583, 2604, 'Student', 'Y'),
(52037, 2530, 2604, 'Student', 'Y'),
(52045, 2518, 2425, 'Student', 'Y'),
(52046, 2519, 2425, 'Student', 'Y'),
(52047, 2547, 2425, 'Student', 'Y'),
(52048, 2548, 2425, 'Student', 'Y'),
(52049, 2554, 2425, 'Student', 'Y'),
(52050, 2580, 2425, 'Student', 'Y'),
(52051, 2583, 2425, 'Student', 'Y'),
(52052, 2530, 2425, 'Student', 'Y'),
(52060, 2518, 2676, 'Student', 'Y'),
(52061, 2519, 2676, 'Student', 'Y'),
(52062, 2547, 2676, 'Student', 'Y'),
(52063, 2548, 2676, 'Student', 'Y'),
(52064, 2554, 2676, 'Student', 'Y'),
(52065, 2580, 2676, 'Student', 'Y'),
(52066, 2583, 2676, 'Student', 'Y'),
(52067, 2530, 2676, 'Student', 'Y'),
(52075, 2518, 2595, 'Student', 'Y'),
(52076, 2519, 2595, 'Student', 'Y'),
(52077, 2547, 2595, 'Student', 'Y'),
(52078, 2548, 2595, 'Student', 'Y'),
(52079, 2554, 2595, 'Student', 'Y'),
(52080, 2580, 2595, 'Student', 'Y'),
(52081, 2583, 2595, 'Student', 'Y'),
(52082, 2530, 2595, 'Student', 'Y'),
(52090, 2518, 2700, 'Student', 'Y'),
(52091, 2519, 2700, 'Student', 'Y'),
(52092, 2547, 2700, 'Student', 'Y'),
(52093, 2548, 2700, 'Student', 'Y'),
(52094, 2554, 2700, 'Student', 'Y'),
(52095, 2580, 2700, 'Student', 'Y'),
(52096, 2583, 2700, 'Student', 'Y'),
(52097, 2530, 2700, 'Student', 'Y'),
(52105, 2518, 2463, 'Student', 'Y'),
(52106, 2519, 2463, 'Student', 'Y'),
(52107, 2547, 2463, 'Student', 'Y'),
(52108, 2548, 2463, 'Student', 'Y'),
(52109, 2554, 2463, 'Student', 'Y'),
(52110, 2580, 2463, 'Student', 'Y'),
(52111, 2583, 2463, 'Student', 'Y'),
(52112, 2530, 2463, 'Student', 'Y'),
(52120, 2518, 2648, 'Student', 'Y'),
(52121, 2519, 2648, 'Student', 'Y'),
(52122, 2547, 2648, 'Student', 'Y'),
(52123, 2548, 2648, 'Student', 'Y'),
(52124, 2554, 2648, 'Student', 'Y'),
(52125, 2580, 2648, 'Student', 'Y'),
(52126, 2583, 2648, 'Student', 'Y'),
(52127, 2530, 2648, 'Student', 'Y'),
(52135, 2518, 2761, 'Student', 'Y'),
(52136, 2519, 2761, 'Student', 'Y'),
(52137, 2547, 2761, 'Student', 'Y'),
(52138, 2548, 2761, 'Student', 'Y'),
(52139, 2554, 2761, 'Student', 'Y'),
(52140, 2580, 2761, 'Student', 'Y'),
(52141, 2583, 2761, 'Student', 'Y'),
(52142, 2530, 2761, 'Student', 'Y'),
(52150, 2518, 2714, 'Student', 'Y'),
(52151, 2519, 2714, 'Student', 'Y'),
(52152, 2547, 2714, 'Student', 'Y'),
(52153, 2548, 2714, 'Student', 'Y'),
(52154, 2554, 2714, 'Student', 'Y'),
(52155, 2580, 2714, 'Student', 'Y'),
(52156, 2583, 2714, 'Student', 'Y'),
(52157, 2530, 2714, 'Student', 'Y'),
(52165, 2518, 2680, 'Student', 'Y'),
(52166, 2519, 2680, 'Student', 'Y'),
(52167, 2547, 2680, 'Student', 'Y'),
(52168, 2548, 2680, 'Student', 'Y'),
(52169, 2554, 2680, 'Student', 'Y'),
(52170, 2580, 2680, 'Student', 'Y'),
(52171, 2583, 2680, 'Student', 'Y'),
(52172, 2530, 2680, 'Student', 'Y'),
(52180, 2407, 2570, 'Student', 'Y'),
(52181, 2410, 2570, 'Student', 'Y'),
(52182, 2421, 2570, 'Student', 'Y'),
(52183, 2424, 2570, 'Student', 'Y'),
(52184, 2427, 2570, 'Student', 'Y'),
(52185, 2435, 2570, 'Student', 'Y'),
(52186, 2438, 2570, 'Student', 'Y'),
(52187, 2527, 2570, 'Student', 'Y'),
(52195, 2408, 2702, 'Student', 'Y'),
(52196, 2411, 2702, 'Student', 'Y'),
(52197, 2422, 2702, 'Student', 'Y'),
(52198, 2425, 2702, 'Student', 'Y'),
(52199, 2428, 2702, 'Student', 'Y'),
(52200, 2436, 2702, 'Student', 'Y'),
(52201, 2439, 2702, 'Student', 'Y'),
(52202, 2529, 2702, 'Student', 'Y'),
(52213, 2484, 2113, 'Student', 'Y'),
(52214, 2484, 1992, 'Student', 'Y'),
(52215, 2484, 1970, 'Student', 'Y'),
(52216, 2484, 2012, 'Student', 'Y'),
(52217, 2484, 1986, 'Student', 'Y'),
(52218, 2484, 2116, 'Student', 'Y'),
(52219, 2484, 2135, 'Student', 'Y'),
(52220, 2484, 2532, 'Student', 'Y'),
(52221, 2484, 2495, 'Student', 'Y'),
(52222, 2507, 1925, 'Student', 'Y'),
(52223, 2507, 1955, 'Student', 'Y'),
(52224, 2507, 1878, 'Student', 'Y'),
(52225, 2507, 1924, 'Student', 'Y'),
(52226, 2507, 1891, 'Student', 'Y'),
(52227, 2507, 1983, 'Student', 'Y'),
(52228, 2507, 2056, 'Student', 'Y'),
(52229, 2507, 1995, 'Student', 'Y'),
(52230, 2507, 1870, 'Student', 'Y'),
(52231, 2507, 1879, 'Student', 'Y'),
(52232, 2507, 2006, 'Student', 'Y');
INSERT INTO `gibboncourseclassperson` (`gibbonCourseClassPersonID`, `gibbonCourseClassID`, `gibbonPersonID`, `role`, `reportable`) VALUES
(52233, 2507, 1864, 'Student', 'Y'),
(52234, 2507, 2040, 'Student', 'Y'),
(52235, 2507, 2037, 'Student', 'Y'),
(52236, 2507, 1977, 'Student', 'Y'),
(52237, 2507, 1905, 'Student', 'Y'),
(52238, 2507, 1894, 'Student', 'Y'),
(52239, 2507, 1918, 'Student', 'Y'),
(52240, 2507, 1934, 'Student', 'Y'),
(52241, 2507, 1897, 'Student', 'Y'),
(52242, 2507, 2389, 'Student', 'Y'),
(52243, 2507, 2022, 'Student', 'Y'),
(52244, 2507, 2404, 'Student', 'Y'),
(52245, 2507, 2029, 'Student', 'Y'),
(52246, 2507, 1980, 'Student', 'Y'),
(52247, 2507, 1928, 'Student', 'Y'),
(52248, 2507, 1989, 'Student', 'Y'),
(52249, 2507, 2123, 'Student', 'Y'),
(52250, 2507, 1974, 'Student', 'Y'),
(52251, 2507, 1901, 'Student', 'Y'),
(52252, 2507, 1911, 'Student', 'Y'),
(52253, 2493, 1946, 'Student', 'Y'),
(52254, 2493, 2079, 'Student', 'Y'),
(52255, 2493, 1915, 'Student', 'Y'),
(52256, 2493, 1921, 'Student', 'Y'),
(52257, 2493, 1914, 'Student', 'Y'),
(52258, 2493, 1960, 'Student', 'Y'),
(52259, 2493, 2555, 'Student', 'Y'),
(52260, 2493, 1882, 'Student', 'Y'),
(52261, 2493, 1913, 'Student', 'Y'),
(52262, 2493, 2491, 'Student', 'Y'),
(52263, 2493, 1964, 'Student', 'Y'),
(52264, 2493, 1937, 'Student', 'Y'),
(52265, 2493, 2009, 'Student', 'Y'),
(52266, 2493, 2076, 'Student', 'Y'),
(52267, 2493, 2129, 'Student', 'Y'),
(52268, 2493, 2000, 'Student', 'Y'),
(52269, 2493, 1904, 'Student', 'Y'),
(52270, 2493, 2093, 'Student', 'Y'),
(52271, 2493, 2280, 'Student', 'Y'),
(52272, 2493, 1898, 'Student', 'Y'),
(52273, 2493, 2327, 'Student', 'Y'),
(52274, 2493, 2019, 'Student', 'Y'),
(52275, 2493, 1931, 'Student', 'Y'),
(52276, 2280, 1639, 'Student', 'Y'),
(52277, 2280, 1744, 'Student', 'Y'),
(52278, 2280, 1700, 'Student', 'Y'),
(52279, 2280, 1730, 'Student', 'Y'),
(52280, 2280, 2033, 'Student', 'Y'),
(52281, 2280, 2764, 'Student', 'Y'),
(52282, 2286, 1642, 'Student', 'Y'),
(52283, 2286, 1753, 'Student', 'Y'),
(52284, 2286, 1609, 'Student', 'Y'),
(52285, 2286, 1621, 'Student', 'Y'),
(52286, 2286, 2401, 'Student', 'Y'),
(52287, 2286, 1645, 'Student', 'Y'),
(52288, 2286, 1628, 'Student', 'Y'),
(52289, 2286, 1686, 'Student', 'Y'),
(52290, 2286, 1831, 'Student', 'Y'),
(52291, 2286, 1773, 'Student', 'Y'),
(52292, 2286, 2066, 'Student', 'Y'),
(52293, 2286, 1612, 'Student', 'Y'),
(52294, 2286, 1616, 'Student', 'Y'),
(52295, 2286, 2309, 'Student', 'Y'),
(52296, 2286, 1761, 'Student', 'Y'),
(52297, 2286, 1848, 'Student', 'Y'),
(52299, 2286, 2386, 'Student', 'Y'),
(52300, 2286, 1801, 'Student', 'Y'),
(52301, 2286, 1667, 'Student', 'Y'),
(52302, 2286, 1735, 'Student', 'Y'),
(52303, 2286, 1796, 'Student', 'Y'),
(52304, 2286, 2719, 'Student', 'Y'),
(52305, 2287, 1753, 'Student', 'Y'),
(52306, 2524, 1654, 'Student', 'Y'),
(52307, 2287, 1739, 'Student', 'Y'),
(52308, 2524, 2401, 'Student', 'Y'),
(52309, 2287, 1645, 'Student', 'Y'),
(52310, 2524, 1593, 'Student', 'Y'),
(52311, 2287, 2063, 'Student', 'Y'),
(52312, 2524, 1831, 'Student', 'Y'),
(52313, 2287, 1858, 'Student', 'Y'),
(52314, 2524, 1591, 'Student', 'Y'),
(52315, 2287, 1773, 'Student', 'Y'),
(52316, 2524, 2066, 'Student', 'Y'),
(52317, 2287, 1677, 'Student', 'Y'),
(52318, 2524, 1612, 'Student', 'Y'),
(52319, 2287, 1616, 'Student', 'Y'),
(52320, 2524, 1779, 'Student', 'Y'),
(52321, 2287, 1761, 'Student', 'Y'),
(52322, 2524, 1600, 'Student', 'Y'),
(52323, 2287, 1828, 'Student', 'Y'),
(52324, 2524, 2033, 'Student', 'Y'),
(52325, 2287, 2156, 'Student', 'Y'),
(52326, 2524, 1657, 'Student', 'Y'),
(52327, 2287, 1791, 'Student', 'Y'),
(52328, 2524, 2097, 'Student', 'Y'),
(52329, 2287, 2035, 'Student', 'Y'),
(52331, 2287, 1603, 'Student', 'Y'),
(52332, 2524, 2386, 'Student', 'Y'),
(52333, 2287, 1667, 'Student', 'Y'),
(52334, 2524, 1713, 'Student', 'Y'),
(52335, 2287, 2441, 'Student', 'Y'),
(52336, 2524, 1735, 'Student', 'Y'),
(52337, 2287, 1796, 'Student', 'Y'),
(52338, 2524, 2548, 'Student', 'Y'),
(52339, 2287, 2060, 'Student', 'Y'),
(52340, 2293, 1642, 'Student', 'Y'),
(52341, 2293, 1721, 'Student', 'Y'),
(52342, 2293, 1639, 'Student', 'Y'),
(52343, 2293, 1627, 'Student', 'Y'),
(52344, 2293, 1628, 'Student', 'Y'),
(52345, 2293, 1686, 'Student', 'Y'),
(52346, 2293, 1730, 'Student', 'Y'),
(52347, 2293, 2309, 'Student', 'Y'),
(52348, 2293, 1848, 'Student', 'Y'),
(52349, 2294, 1609, 'Student', 'Y'),
(52350, 2294, 1621, 'Student', 'Y'),
(52351, 2294, 2087, 'Student', 'Y'),
(52352, 2294, 1744, 'Student', 'Y'),
(52353, 2294, 1700, 'Student', 'Y'),
(52354, 2294, 2081, 'Student', 'Y'),
(52356, 2294, 1801, 'Student', 'Y'),
(52357, 2294, 2764, 'Student', 'Y'),
(52358, 2301, 1721, 'Student', 'Y'),
(52359, 2301, 1654, 'Student', 'Y'),
(52360, 2301, 1739, 'Student', 'Y'),
(52361, 2301, 2087, 'Student', 'Y'),
(52362, 2301, 1627, 'Student', 'Y'),
(52363, 2301, 1593, 'Student', 'Y'),
(52364, 2301, 2063, 'Student', 'Y'),
(52365, 2301, 2081, 'Student', 'Y'),
(52366, 2301, 1858, 'Student', 'Y'),
(52367, 2301, 1591, 'Student', 'Y'),
(52368, 2301, 1677, 'Student', 'Y'),
(52369, 2301, 1779, 'Student', 'Y'),
(52370, 2301, 1600, 'Student', 'Y'),
(52371, 2301, 1828, 'Student', 'Y'),
(52372, 2301, 2156, 'Student', 'Y'),
(52373, 2301, 1657, 'Student', 'Y'),
(52374, 2301, 1791, 'Student', 'Y'),
(52375, 2301, 2097, 'Student', 'Y'),
(52376, 2301, 2035, 'Student', 'Y'),
(52378, 2301, 1603, 'Student', 'Y'),
(52379, 2301, 1713, 'Student', 'Y'),
(52380, 2301, 2441, 'Student', 'Y'),
(52381, 2301, 2548, 'Student', 'Y'),
(52382, 2365, 934, 'Student', 'Y'),
(52383, 2366, 934, 'Student', 'Y'),
(52384, 2336, 1233, 'Student', 'Y'),
(52385, 2336, 1275, 'Student', 'Y'),
(52386, 2336, 1160, 'Student', 'Y'),
(52387, 2336, 2411, 'Student', 'Y'),
(52388, 2336, 1276, 'Student', 'Y'),
(52389, 2336, 1157, 'Student', 'Y'),
(52390, 2336, 1528, 'Student', 'Y'),
(52391, 2336, 1548, 'Student', 'Y'),
(52392, 2336, 1201, 'Student', 'Y'),
(52393, 2336, 1814, 'Student', 'Y'),
(52394, 2336, 1193, 'Student', 'Y'),
(52395, 2336, 1178, 'Student', 'Y'),
(52396, 2336, 1254, 'Student', 'Y'),
(52397, 2336, 2120, 'Student', 'Y'),
(52398, 2336, 1154, 'Student', 'Y'),
(52399, 2336, 1163, 'Student', 'Y'),
(52400, 2336, 1214, 'Student', 'Y'),
(52401, 2336, 1251, 'Student', 'Y'),
(52402, 2336, 1257, 'Student', 'Y'),
(52403, 2336, 1204, 'Student', 'Y'),
(52404, 2336, 1242, 'Student', 'Y'),
(52405, 2337, 2138, 'Student', 'Y'),
(52406, 2337, 1191, 'Student', 'Y'),
(52407, 2337, 2145, 'Student', 'Y'),
(52408, 2337, 1680, 'Student', 'Y'),
(52409, 2339, 1154, 'Student', 'Y'),
(52410, 2339, 1214, 'Student', 'Y'),
(52411, 2339, 1233, 'Student', 'Y'),
(52412, 2339, 1160, 'Student', 'Y'),
(52413, 2339, 2090, 'Student', 'Y'),
(52414, 2339, 1276, 'Student', 'Y'),
(52415, 2339, 1201, 'Student', 'Y'),
(52416, 2339, 1814, 'Student', 'Y'),
(52417, 2339, 2120, 'Student', 'Y'),
(52418, 2339, 1179, 'Student', 'Y'),
(52419, 2339, 1251, 'Student', 'Y'),
(52420, 2340, 1154, 'Student', 'N'),
(52421, 2340, 1214, 'Student', 'N'),
(52422, 2340, 1233, 'Student', 'N'),
(52423, 2340, 1160, 'Student', 'N'),
(52424, 2340, 2090, 'Student', 'N'),
(52425, 2340, 1276, 'Student', 'N'),
(52426, 2340, 1201, 'Student', 'N'),
(52427, 2340, 1814, 'Student', 'N'),
(52428, 2340, 2120, 'Student', 'N'),
(52429, 2340, 1179, 'Student', 'N'),
(52430, 2340, 1251, 'Student', 'N'),
(52431, 2341, 2090, 'Student', 'Y'),
(52432, 2341, 2411, 'Student', 'Y'),
(52434, 2341, 2145, 'Student', 'Y'),
(52435, 2341, 1214, 'Student', 'Y'),
(52436, 2341, 1201, 'Student', 'Y'),
(52437, 2341, 1814, 'Student', 'Y'),
(52438, 2342, 1236, 'Student', 'Y'),
(52439, 2523, 1233, 'Student', 'Y'),
(52440, 2342, 1257, 'Student', 'Y'),
(52441, 2523, 1204, 'Student', 'Y'),
(52442, 2342, 1245, 'Student', 'Y'),
(52443, 2523, 1200, 'Student', 'Y'),
(52444, 2342, 2103, 'Student', 'Y'),
(52445, 2523, 1163, 'Student', 'Y'),
(52446, 2342, 1548, 'Student', 'Y'),
(52447, 2523, 1254, 'Student', 'Y'),
(52448, 2342, 1275, 'Student', 'Y'),
(52449, 2523, 1191, 'Student', 'Y'),
(52450, 2342, 1157, 'Student', 'Y'),
(52451, 2523, 1226, 'Student', 'Y'),
(52452, 2342, 1259, 'Student', 'Y'),
(52453, 2523, 1179, 'Student', 'Y'),
(52454, 2342, 1178, 'Student', 'Y'),
(52455, 2523, 2120, 'Student', 'Y'),
(52456, 2342, 1154, 'Student', 'Y'),
(52457, 2523, 1160, 'Student', 'Y'),
(52458, 2342, 1276, 'Student', 'Y'),
(52459, 2523, 1528, 'Student', 'Y'),
(52460, 2342, 1251, 'Student', 'Y'),
(52461, 2343, 1191, 'Student', 'Y'),
(52462, 2343, 1179, 'Student', 'Y'),
(52463, 2343, 2103, 'Student', 'Y'),
(52464, 2525, 1191, 'Student', 'N'),
(52465, 2525, 1179, 'Student', 'N'),
(52466, 2525, 2103, 'Student', 'N'),
(52467, 2525, 1226, 'Student', 'Y'),
(52468, 2525, 1814, 'Student', 'Y'),
(52469, 2525, 1236, 'Student', 'Y'),
(52471, 2525, 1259, 'Student', 'Y'),
(52472, 2344, 1254, 'Student', 'Y'),
(52474, 2344, 1257, 'Student', 'Y'),
(52475, 2546, 1680, 'Student', 'Y'),
(52476, 2344, 1163, 'Student', 'Y'),
(52478, 2344, 1275, 'Student', 'Y'),
(52479, 2546, 1204, 'Student', 'Y'),
(52480, 2344, 1191, 'Student', 'Y'),
(52481, 2546, 1242, 'Student', 'Y'),
(52482, 2344, 1179, 'Student', 'Y'),
(52483, 2546, 1233, 'Student', 'Y'),
(52485, 2546, 1160, 'Student', 'Y'),
(52486, 2344, 1276, 'Student', 'Y'),
(52487, 2546, 1157, 'Student', 'Y'),
(52488, 2344, 1245, 'Student', 'Y'),
(52489, 2546, 1528, 'Student', 'Y'),
(52490, 2344, 1548, 'Student', 'Y'),
(52491, 2546, 1193, 'Student', 'Y'),
(52492, 2345, 1259, 'Student', 'Y'),
(52493, 2345, 1201, 'Student', 'Y'),
(52494, 2345, 2100, 'Student', 'Y'),
(52495, 2345, 2145, 'Student', 'Y'),
(52496, 2345, 1200, 'Student', 'Y'),
(52497, 2345, 2103, 'Student', 'Y'),
(52498, 2345, 1814, 'Student', 'Y'),
(52499, 2345, 1251, 'Student', 'Y'),
(52500, 2345, 1236, 'Student', 'Y'),
(52501, 2345, 2411, 'Student', 'Y'),
(52502, 2345, 2090, 'Student', 'Y'),
(52503, 2345, 1226, 'Student', 'Y'),
(52504, 2345, 1214, 'Student', 'Y'),
(52505, 2345, 1178, 'Student', 'Y'),
(52506, 2346, 1160, 'Student', 'Y'),
(52507, 2346, 1276, 'Student', 'Y'),
(52508, 2346, 1680, 'Student', 'Y'),
(52509, 2346, 1214, 'Student', 'Y'),
(52510, 2346, 1251, 'Student', 'Y'),
(52511, 2346, 2120, 'Student', 'Y'),
(52512, 2346, 1528, 'Student', 'Y'),
(52513, 2346, 1201, 'Student', 'Y'),
(52514, 2346, 1193, 'Student', 'Y'),
(52515, 2346, 1233, 'Student', 'Y'),
(52516, 2346, 1257, 'Student', 'Y'),
(52517, 2346, 1179, 'Student', 'Y'),
(52518, 2346, 1163, 'Student', 'Y'),
(52519, 2346, 1548, 'Student', 'Y'),
(52520, 2348, 1204, 'Student', 'Y'),
(52521, 2348, 1245, 'Student', 'Y'),
(52522, 2348, 1226, 'Student', 'Y'),
(52523, 2348, 1528, 'Student', 'Y'),
(52524, 2348, 1193, 'Student', 'Y'),
(52525, 2348, 1236, 'Student', 'Y'),
(52526, 2348, 1680, 'Student', 'Y'),
(52527, 2348, 1259, 'Student', 'Y'),
(52528, 2349, 1204, 'Student', 'N'),
(52529, 2349, 1245, 'Student', 'N'),
(52530, 2349, 1226, 'Student', 'N'),
(52531, 2349, 1528, 'Student', 'N'),
(52532, 2349, 1193, 'Student', 'N'),
(52533, 2349, 1236, 'Student', 'N'),
(52534, 2349, 1680, 'Student', 'N'),
(52535, 2349, 1259, 'Student', 'N'),
(52536, 2551, 1245, 'Student', 'Y'),
(52537, 2350, 1245, 'Student', 'N'),
(52538, 2350, 1154, 'Student', 'Y'),
(52539, 2350, 1254, 'Student', 'Y'),
(52540, 2577, 1200, 'Student', 'Y'),
(52541, 2577, 1226, 'Student', 'Y'),
(52542, 2577, 1259, 'Student', 'Y'),
(52543, 2577, 1251, 'Student', 'Y'),
(52544, 2577, 1236, 'Student', 'Y'),
(52545, 2577, 2103, 'Student', 'Y'),
(52546, 2578, 2120, 'Student', 'Y'),
(52547, 2578, 2090, 'Student', 'Y'),
(52548, 2578, 1157, 'Student', 'Y'),
(52549, 2578, 1242, 'Student', 'Y'),
(52550, 2578, 1179, 'Student', 'Y'),
(52551, 2578, 1233, 'Student', 'Y'),
(52552, 2578, 1257, 'Student', 'Y'),
(52553, 2578, 1154, 'Student', 'Y'),
(52554, 2578, 1160, 'Student', 'Y'),
(52555, 2578, 1276, 'Student', 'Y'),
(52556, 2578, 1245, 'Student', 'Y'),
(52557, 2578, 1163, 'Student', 'Y'),
(52558, 2578, 1214, 'Student', 'Y'),
(52559, 2578, 1275, 'Student', 'Y'),
(52560, 2578, 1204, 'Student', 'Y'),
(52561, 2578, 1201, 'Student', 'Y'),
(52562, 2578, 1814, 'Student', 'Y'),
(52563, 2579, 1254, 'Student', 'Y'),
(52564, 2579, 1191, 'Student', 'Y'),
(52565, 2579, 2411, 'Student', 'Y'),
(52566, 2579, 2145, 'Student', 'Y'),
(52567, 2579, 1528, 'Student', 'Y'),
(52568, 2579, 1193, 'Student', 'Y'),
(52569, 2579, 1178, 'Student', 'Y'),
(52570, 2579, 1680, 'Student', 'Y'),
(52571, 2579, 1548, 'Student', 'Y'),
(52572, 2579, 2100, 'Student', 'Y'),
(52573, 2579, 2138, 'Student', 'Y'),
(52574, 2359, 1236, 'Student', 'Y'),
(52575, 2359, 2103, 'Student', 'Y'),
(52576, 2359, 1200, 'Student', 'Y'),
(52577, 2359, 1259, 'Student', 'Y'),
(52578, 2359, 1226, 'Student', 'Y'),
(52579, 2360, 1236, 'Student', 'N'),
(52580, 2360, 2103, 'Student', 'N'),
(52581, 2360, 1200, 'Student', 'N'),
(52582, 2360, 1259, 'Student', 'N'),
(52583, 2360, 1226, 'Student', 'N'),
(52584, 2360, 1275, 'Student', 'Y'),
(52585, 2360, 1157, 'Student', 'Y'),
(52586, 2360, 1245, 'Student', 'Y'),
(52587, 2360, 1242, 'Student', 'Y'),
(52588, 2360, 2138, 'Student', 'Y'),
(52589, 2361, 2145, 'Student', 'Y'),
(52590, 2361, 1257, 'Student', 'Y'),
(52591, 2361, 1157, 'Student', 'Y'),
(52592, 2361, 1548, 'Student', 'Y'),
(52593, 2361, 1178, 'Student', 'Y'),
(52594, 2361, 1275, 'Student', 'Y'),
(52595, 2361, 2411, 'Student', 'Y'),
(52596, 2361, 1200, 'Student', 'Y'),
(52597, 2361, 1163, 'Student', 'Y'),
(52598, 2582, 2145, 'Student', 'N'),
(52599, 2582, 1257, 'Student', 'N'),
(52600, 2582, 1157, 'Student', 'N'),
(52601, 2582, 1548, 'Student', 'N'),
(52602, 2582, 1178, 'Student', 'N'),
(52603, 2582, 1275, 'Student', 'N'),
(52604, 2582, 2411, 'Student', 'N'),
(52605, 2582, 1200, 'Student', 'N'),
(52606, 2582, 1163, 'Student', 'N'),
(52608, 2582, 1204, 'Student', 'Y'),
(52609, 2582, 2090, 'Student', 'Y'),
(52610, 2582, 1242, 'Student', 'Y'),
(52611, 2582, 2103, 'Student', 'Y'),
(52612, 2582, 2100, 'Student', 'Y'),
(52613, 2363, 1242, 'Student', 'Y'),
(52614, 2363, 1680, 'Student', 'Y'),
(52615, 2364, 1242, 'Student', 'N'),
(52616, 2364, 1680, 'Student', 'N'),
(52617, 2364, 1193, 'Student', 'Y'),
(52618, 2365, 1254, 'Student', 'Y'),
(52619, 2365, 1191, 'Student', 'Y'),
(52620, 2366, 1254, 'Student', 'N'),
(52621, 2366, 1191, 'Student', 'N'),
(52622, 2587, 2145, 'Student', 'Y'),
(52623, 2587, 2090, 'Student', 'Y'),
(52624, 2587, 1178, 'Student', 'Y'),
(52625, 2588, 2145, 'Student', 'N'),
(52626, 2588, 2090, 'Student', 'N'),
(52627, 2588, 1178, 'Student', 'N'),
(52628, 2588, 2411, 'Student', 'Y'),
(52629, 2588, 1200, 'Student', 'Y'),
(52630, 2414, 2472, 'Student', 'Y'),
(52631, 2414, 2615, 'Student', 'Y'),
(52632, 2414, 2683, 'Student', 'Y'),
(52633, 2414, 2636, 'Student', 'Y'),
(52634, 2414, 2450, 'Student', 'Y'),
(52635, 2414, 2485, 'Student', 'Y'),
(52636, 2414, 2754, 'Student', 'Y'),
(52637, 2414, 2695, 'Student', 'Y'),
(52638, 2414, 2614, 'Student', 'Y'),
(52639, 2414, 2459, 'Student', 'Y'),
(52640, 2414, 2482, 'Student', 'Y'),
(52641, 2414, 2447, 'Student', 'Y'),
(52642, 2414, 2611, 'Student', 'Y'),
(52643, 2414, 2679, 'Student', 'Y'),
(52644, 2414, 2760, 'Student', 'Y'),
(52645, 2414, 2746, 'Student', 'Y'),
(52646, 2414, 2601, 'Student', 'Y'),
(52647, 2414, 2627, 'Student', 'Y'),
(52648, 2414, 2715, 'Student', 'Y'),
(52649, 2414, 2610, 'Student', 'Y'),
(52650, 2414, 2469, 'Student', 'Y'),
(52651, 2414, 2645, 'Student', 'Y'),
(52652, 2414, 2453, 'Student', 'Y'),
(52653, 2414, 2460, 'Student', 'Y'),
(52654, 2414, 2633, 'Student', 'Y'),
(52655, 2414, 2607, 'Student', 'Y'),
(52656, 2414, 2430, 'Student', 'Y'),
(52657, 2414, 2696, 'Student', 'Y'),
(52658, 2414, 2692, 'Student', 'Y'),
(52659, 2414, 2563, 'Student', 'Y'),
(52660, 2414, 2652, 'Student', 'Y'),
(52661, 2414, 2743, 'Student', 'Y'),
(52662, 2414, 2476, 'Student', 'Y'),
(52663, 2414, 2699, 'Student', 'Y'),
(52664, 2414, 2426, 'Student', 'Y'),
(52665, 2414, 2630, 'Student', 'Y'),
(52666, 2414, 2642, 'Student', 'Y'),
(52667, 2414, 2702, 'Student', 'Y'),
(52668, 2414, 2651, 'Student', 'Y'),
(52669, 2414, 2657, 'Student', 'Y'),
(52670, 2414, 2663, 'Student', 'Y'),
(52671, 2414, 2621, 'Student', 'Y'),
(52672, 2414, 2566, 'Student', 'Y'),
(52673, 2414, 2427, 'Student', 'Y'),
(52674, 2414, 2726, 'Student', 'Y'),
(52675, 2414, 2639, 'Student', 'Y'),
(52676, 2414, 2666, 'Student', 'Y'),
(52677, 2414, 2479, 'Student', 'Y'),
(52678, 2414, 2708, 'Student', 'Y'),
(52679, 2414, 2576, 'Student', 'Y'),
(52680, 2414, 2686, 'Student', 'Y'),
(52681, 2414, 2433, 'Student', 'Y'),
(52682, 2414, 2689, 'Student', 'Y'),
(52683, 2414, 2436, 'Student', 'Y'),
(52684, 2414, 2570, 'Student', 'Y'),
(52685, 2414, 2580, 'Student', 'Y'),
(52686, 2414, 2654, 'Student', 'Y'),
(52687, 2414, 2586, 'Student', 'Y'),
(52688, 2414, 2466, 'Student', 'Y'),
(52689, 2414, 2670, 'Student', 'Y'),
(52690, 2414, 2749, 'Student', 'Y'),
(52691, 2414, 2711, 'Student', 'Y'),
(52692, 2414, 2473, 'Student', 'Y'),
(52693, 2414, 2624, 'Student', 'Y'),
(52694, 2414, 2714, 'Student', 'Y'),
(52695, 2414, 2705, 'Student', 'Y'),
(52696, 2414, 2700, 'Student', 'Y'),
(52697, 2414, 2604, 'Student', 'Y'),
(52698, 2414, 2648, 'Student', 'Y'),
(52699, 2414, 2660, 'Student', 'Y'),
(52700, 2414, 2425, 'Student', 'Y'),
(52701, 2414, 2598, 'Student', 'Y'),
(52702, 2414, 2573, 'Student', 'Y'),
(52703, 2414, 2592, 'Student', 'Y'),
(52704, 2414, 2676, 'Student', 'Y'),
(52705, 2414, 2463, 'Student', 'Y'),
(52706, 2414, 2680, 'Student', 'Y'),
(52707, 2414, 2589, 'Student', 'Y'),
(52708, 2414, 2595, 'Student', 'Y'),
(52709, 2414, 2583, 'Student', 'Y'),
(52710, 2414, 2761, 'Student', 'Y'),
(52711, 2414, 2618, 'Student', 'Y'),
(52712, 2292, 1642, 'Student', 'Y'),
(52713, 2292, 1639, 'Student', 'Y'),
(52714, 2292, 1744, 'Student', 'Y'),
(52715, 2292, 1721, 'Student', 'Y'),
(52716, 2292, 2719, 'Student', 'Y'),
(52717, 2292, 1686, 'Student', 'Y'),
(52718, 2292, 1591, 'Student', 'Y'),
(52719, 2292, 2033, 'Student', 'Y'),
(52720, 2292, 2309, 'Student', 'Y'),
(52721, 2292, 1600, 'Student', 'Y'),
(52722, 2292, 1791, 'Student', 'Y'),
(52723, 2292, 1730, 'Student', 'Y'),
(52724, 2292, 2156, 'Student', 'Y'),
(52725, 2292, 2737, 'Student', 'Y'),
(52726, 2292, 1801, 'Student', 'Y'),
(52727, 2292, 1761, 'Student', 'Y'),
(52728, 2292, 2097, 'Student', 'Y'),
(52729, 2292, 1779, 'Student', 'Y'),
(52730, 2291, 1645, 'Student', 'Y'),
(52731, 2291, 2081, 'Student', 'Y'),
(52732, 2291, 2060, 'Student', 'Y'),
(52733, 2291, 1848, 'Student', 'Y'),
(52734, 2291, 2035, 'Student', 'Y'),
(52735, 2291, 1700, 'Student', 'Y'),
(52736, 2291, 1617, 'Student', 'Y'),
(52737, 2291, 2673, 'Student', 'Y'),
(52738, 2291, 1735, 'Student', 'Y'),
(52739, 2291, 1612, 'Student', 'Y'),
(52740, 2291, 1706, 'Student', 'Y'),
(52741, 2291, 2488, 'Student', 'Y'),
(52742, 2291, 2087, 'Student', 'Y'),
(52743, 2291, 1627, 'Student', 'Y'),
(52744, 2291, 2401, 'Student', 'Y'),
(52745, 2291, 1773, 'Student', 'Y'),
(52746, 2291, 1739, 'Student', 'Y'),
(52747, 2291, 2066, 'Student', 'Y'),
(52748, 2291, 1828, 'Student', 'Y'),
(52749, 2291, 1677, 'Student', 'Y'),
(52750, 2545, 2386, 'Student', 'Y'),
(52751, 2545, 2063, 'Student', 'Y'),
(52752, 2545, 1753, 'Student', 'Y'),
(52753, 2545, 1713, 'Student', 'Y'),
(52754, 2545, 2441, 'Student', 'Y'),
(52755, 2545, 1654, 'Student', 'Y'),
(52756, 2545, 1858, 'Student', 'Y'),
(52757, 2545, 2548, 'Student', 'Y'),
(52758, 2545, 1831, 'Student', 'Y'),
(52759, 2545, 1796, 'Student', 'Y'),
(52760, 2545, 1667, 'Student', 'Y'),
(52761, 2545, 1616, 'Student', 'Y'),
(52762, 2545, 1609, 'Student', 'Y'),
(52763, 2545, 1657, 'Student', 'Y'),
(52764, 2545, 1621, 'Student', 'Y'),
(52765, 2545, 1628, 'Student', 'Y'),
(52766, 2545, 1603, 'Student', 'Y'),
(52767, 2545, 2723, 'Student', 'Y'),
(52836, 2557, 2472, 'Student', 'Y'),
(52837, 2557, 2615, 'Student', 'Y'),
(52838, 2557, 2683, 'Student', 'Y'),
(52839, 2557, 2636, 'Student', 'Y'),
(52840, 2557, 2450, 'Student', 'Y'),
(52841, 2557, 2485, 'Student', 'Y'),
(52842, 2557, 2754, 'Student', 'Y'),
(52843, 2557, 2695, 'Student', 'Y'),
(52844, 2557, 2614, 'Student', 'Y'),
(52845, 2557, 2459, 'Student', 'Y'),
(52846, 2557, 2482, 'Student', 'Y'),
(52847, 2557, 2447, 'Student', 'Y'),
(52848, 2557, 2611, 'Student', 'Y'),
(52849, 2557, 2679, 'Student', 'Y'),
(52850, 2557, 2760, 'Student', 'Y'),
(52851, 2557, 2746, 'Student', 'Y'),
(52852, 2557, 2601, 'Student', 'Y'),
(52853, 2557, 2627, 'Student', 'Y'),
(52854, 2557, 2715, 'Student', 'Y'),
(52855, 2557, 2610, 'Student', 'Y'),
(52856, 2557, 2469, 'Student', 'Y'),
(52857, 2559, 2645, 'Student', 'Y'),
(52858, 2559, 2453, 'Student', 'Y'),
(52859, 2559, 2460, 'Student', 'Y'),
(52860, 2559, 2633, 'Student', 'Y'),
(52861, 2559, 2607, 'Student', 'Y'),
(52862, 2559, 2430, 'Student', 'Y'),
(52863, 2559, 2696, 'Student', 'Y'),
(52864, 2559, 2692, 'Student', 'Y'),
(52865, 2559, 2563, 'Student', 'Y'),
(52866, 2559, 2652, 'Student', 'Y'),
(52867, 2559, 2743, 'Student', 'Y'),
(52868, 2559, 2476, 'Student', 'Y'),
(52869, 2559, 2699, 'Student', 'Y'),
(52870, 2559, 2426, 'Student', 'Y'),
(52871, 2559, 2630, 'Student', 'Y'),
(52872, 2559, 2642, 'Student', 'Y'),
(52873, 2559, 2702, 'Student', 'Y'),
(52874, 2559, 2651, 'Student', 'Y'),
(52875, 2559, 2657, 'Student', 'Y'),
(52876, 2559, 2663, 'Student', 'Y'),
(52877, 2559, 2621, 'Student', 'Y'),
(52878, 2558, 2566, 'Student', 'Y'),
(52879, 2558, 2427, 'Student', 'Y'),
(52880, 2558, 2726, 'Student', 'Y'),
(52881, 2558, 2639, 'Student', 'Y'),
(52882, 2558, 2666, 'Student', 'Y'),
(52883, 2558, 2479, 'Student', 'Y'),
(52884, 2558, 2708, 'Student', 'Y'),
(52885, 2558, 2576, 'Student', 'Y'),
(52886, 2558, 2686, 'Student', 'Y'),
(52887, 2558, 2433, 'Student', 'Y'),
(52888, 2558, 2689, 'Student', 'Y'),
(52889, 2558, 2436, 'Student', 'Y'),
(52890, 2558, 2570, 'Student', 'Y'),
(52891, 2558, 2580, 'Student', 'Y'),
(52892, 2558, 2654, 'Student', 'Y'),
(52893, 2558, 2586, 'Student', 'Y'),
(52894, 2558, 2466, 'Student', 'Y'),
(52895, 2558, 2670, 'Student', 'Y'),
(52896, 2558, 2749, 'Student', 'Y'),
(52897, 2558, 2711, 'Student', 'Y'),
(52898, 2558, 2473, 'Student', 'Y'),
(52899, 2558, 2624, 'Student', 'Y'),
(52900, 2560, 2714, 'Student', 'Y'),
(52901, 2560, 2705, 'Student', 'Y'),
(52902, 2560, 2700, 'Student', 'Y'),
(52903, 2560, 2604, 'Student', 'Y'),
(52904, 2560, 2648, 'Student', 'Y'),
(52905, 2560, 2660, 'Student', 'Y'),
(52906, 2560, 2425, 'Student', 'Y'),
(52907, 2560, 2598, 'Student', 'Y'),
(52908, 2560, 2573, 'Student', 'Y'),
(52909, 2560, 2592, 'Student', 'Y'),
(52910, 2560, 2676, 'Student', 'Y'),
(52911, 2560, 2463, 'Student', 'Y'),
(52912, 2560, 2680, 'Student', 'Y'),
(52913, 2560, 2589, 'Student', 'Y'),
(52914, 2560, 2595, 'Student', 'Y'),
(52915, 2560, 2583, 'Student', 'Y'),
(52916, 2560, 2761, 'Student', 'Y'),
(52917, 2560, 2618, 'Student', 'Y'),
(52918, 2328, 1396, 'Student', 'Y'),
(52919, 2328, 1571, 'Student', 'Y'),
(52920, 2328, 1403, 'Student', 'Y'),
(52921, 2328, 1399, 'Student', 'Y'),
(52922, 2328, 1400, 'Student', 'Y'),
(52923, 2328, 1483, 'Student', 'Y'),
(52924, 2328, 1507, 'Student', 'Y'),
(52925, 2328, 1867, 'Student', 'Y'),
(52926, 2328, 1631, 'Student', 'Y'),
(52927, 2328, 1710, 'Student', 'Y'),
(52928, 2329, 1445, 'Student', 'Y'),
(52929, 2329, 2729, 'Student', 'Y'),
(52930, 2329, 2380, 'Student', 'Y'),
(52931, 2329, 1388, 'Student', 'Y'),
(52932, 2329, 2398, 'Student', 'Y'),
(52933, 2329, 1364, 'Student', 'Y'),
(52934, 2331, 1396, 'Student', 'Y'),
(52935, 2331, 1571, 'Student', 'Y'),
(52936, 2331, 1403, 'Student', 'Y'),
(52937, 2331, 1399, 'Student', 'Y'),
(52938, 2331, 1400, 'Student', 'Y'),
(52939, 2331, 1483, 'Student', 'Y'),
(52940, 2331, 1507, 'Student', 'Y'),
(52941, 2331, 1867, 'Student', 'Y'),
(52942, 2331, 1631, 'Student', 'Y'),
(52943, 2331, 1710, 'Student', 'Y'),
(52944, 2330, 1445, 'Student', 'Y'),
(52945, 2330, 2729, 'Student', 'Y'),
(52946, 2330, 2380, 'Student', 'Y'),
(52947, 2330, 1388, 'Student', 'Y'),
(52948, 2330, 2398, 'Student', 'Y'),
(52949, 2330, 1364, 'Student', 'Y'),
(52950, 2319, 1396, 'Student', 'Y'),
(52951, 2319, 1571, 'Student', 'Y'),
(52952, 2319, 1403, 'Student', 'Y'),
(52953, 2319, 1399, 'Student', 'Y'),
(52954, 2319, 1400, 'Student', 'Y'),
(52955, 2319, 1483, 'Student', 'Y'),
(52956, 2319, 1507, 'Student', 'Y'),
(52957, 2319, 1867, 'Student', 'Y'),
(52958, 2319, 1631, 'Student', 'Y'),
(52959, 2319, 1710, 'Student', 'Y'),
(52960, 2320, 1445, 'Student', 'Y'),
(52961, 2320, 2729, 'Student', 'Y'),
(52962, 2320, 2380, 'Student', 'Y'),
(52963, 2320, 1388, 'Student', 'Y'),
(52964, 2320, 2398, 'Student', 'Y'),
(52965, 2320, 1364, 'Student', 'Y'),
(52966, 2587, 1200, 'Student', 'N'),
(52967, 2546, 1154, 'Student', 'Y'),
(52968, 2344, 2120, 'Student', 'Y');

ALTER TABLE `gibbonCourseClassPerson` ENABLE KEYS;
UNLOCK TABLES;

# Dump of table gibbonFamily
# ------------------------------------------------------------

LOCK TABLES `gibbonFamily` WRITE;
ALTER TABLE `gibbonFamily` DISABLE KEYS;

INSERT INTO `gibbonfamily` (`id`, `name`, `nameAddress`, `homeAddress`, `homeAddressDistrict`, `homeAddressCountry`, `status`, `languageHomePrimary`, `languageHomeSecondary`, `familySync`) VALUES
(0000005, 'Lane - Moore', 'Dr Nero Land & Ms Guinevere Moore', '', NULL, '', 'Married', 'en', NULL, '5'),
(0000009, 'Nolan - Zimmerman', 'Ms Odette Zimmerman & Mr Oren Nolan', '8 Cantello Ave', 000003, 'AU', 'Married', 'en', NULL, '9'),
(0000019, 'Alvarez - Clay', 'Ms Faith Clay & Mr Devin Alvarez', '', 000013, 'AU', 'Married', 'en', NULL, '19'),
(0000025, 'Ellis - Webster', 'Mrs Alea Webster & Mr Dane Ellis', '', NULL, '', 'Married', 'en', NULL, '25'),
(0000047, '47', '', '', NULL, '', 'Married', '', '', '47'),
(0000050, '50', '', '', NULL, '', 'Married', '', '', '50'),
(0000065, '65', '', '', NULL, '', 'Married', '', '', '65'),
(0000088, 'Thaddeus Parrish', 'Mr. Thaddeus Parrish', '', NULL, '', 'Other', 'en', NULL, '88'),
(0000089, '89', '', '', NULL, '', 'Married', '', '', '89'),
(0000131, '131', '', '', NULL, '', 'Married', '', '', '131'),
(0000132, 'Fowler - Rowe', 'Ms Cathleen Rowe\n & Mr. Norman Fowler', '', NULL, '', 'Married', 'en', NULL, '132'),
(0000142, 'Vang - Freeman', 'Ms Jaden Freeman & Mr Ishmael Vang', '', NULL, '', 'Married', 'en', NULL, '142'),
(0000148, 'Blackwell-Schultz', 'Mr Micah Blackwell & Ms Jada Schultz', '', NULL, '', 'De Facto', 'en', NULL, '148'),
(0000154, '154', '', '', NULL, '', 'Married', '', '', '154'),
(0000156, '156', '', '', NULL, '', 'Married', '', '', '156'),
(0000165, '165', '', '', NULL, '', 'Married', '', '', '165'),
(0000180, '180', '', '', NULL, '', 'Married', '', '', '180'),
(0000188, 'Curry - Schultz', 'Ms Kevyn Schultz & Mr Isabella Curry', '', NULL, '', 'Married', 'en', NULL, '188'),
(0000199, 'M. & S. Stone', 'Mrs. Sasha Stone\n & Mr. Melissa Stone', '', 000005, 'AU', 'Married', 'en', NULL, '199'),
(0000206, '206', '', '', NULL, '', 'Married', '', '', '206'),
(0000211, '211', '', '', NULL, '', 'Married', '', '', '211'),
(0000216, '216', '', '', NULL, '', 'Married', '', '', '216'),
(0000221, '221', '', '', NULL, '', 'Married', '', '', '221'),
(0000232, '232', '', '', NULL, '', 'Married', '', '', '232'),
(0000264, '264', '', '', NULL, '', 'Married', '', '', '264'),
(0000274, '274', '', '', NULL, '', 'Married', '', '', '274'),
(0000282, '282', '', '', NULL, '', 'Married', '', '', '282'),
(0000289, '289', '', '', NULL, '', 'Married', '', '', '289'),
(0000292, '292', '', '', NULL, '', 'Married', '', '', '292'),
(0000295, '295', '', '', NULL, '', 'Married', '', '', '295'),
(0000298, '298', '', '', NULL, '', 'Married', '', '', '298'),
(0000300, '300', '', '', NULL, '', 'Married', '', '', '300'),
(0000312, '312', '', '', NULL, '', 'Married', '', '', '312'),
(0000321, '321', '', '', NULL, '', 'Married', '', '', '321'),
(0000327, '327', '', '', NULL, '', 'Married', '', '', '327'),
(0000330, '330', '', '', NULL, '', 'Married', '', '', '330'),
(0000331, '331', '', '', NULL, '', 'Married', '', '', '331'),
(0000332, '332', '', '', NULL, '', 'Married', '', '', '332'),
(0000345, '345', '', '', NULL, '', 'Married', '', '', '345'),
(0000351, '351', '', '', NULL, '', 'Married', '', '', '351'),
(0000365, '365', '', '', NULL, '', 'Married', '', '', '365'),
(0000366, '366', '', '', NULL, '', 'Married', '', '', '366'),
(0000367, '367', '', '', NULL, '', 'Married', '', '', '367'),
(0000368, '368', '', '', NULL, '', 'Married', '', '', '368'),
(0000369, '369', '', '', NULL, '', 'Married', '', '', '369'),
(0000373, '373', '', '', NULL, '', 'Married', '', '', '373'),
(0000374, '374', '', '', NULL, '', 'Married', '', '', '374'),
(0000377, '377', '', '', NULL, '', 'Married', '', '', '377'),
(0000378, '378', '', '', NULL, '', 'Married', '', '', '378'),
(0000380, '380', '', '', NULL, '', 'Married', '', '', '380'),
(0000381, '381', '', '', NULL, '', 'Married', '', '', '381'),
(0000382, '382', '', '', NULL, '', 'Married', '', '', '382'),
(0000384, '384', '', '', NULL, '', 'Married', '', '', '384'),
(0000386, '386', '', '', NULL, '', 'Married', '', '', '386'),
(0000389, '389', '', '', NULL, '', 'Married', '', '', '389'),
(0000390, '390', '', '', NULL, '', 'Married', '', '', '390'),
(0000392, '392', '', '', NULL, '', 'Married', '', '', '392'),
(0000393, '393', '', '', NULL, '', 'Married', '', '', '393'),
(0000395, '395', '', '', NULL, '', 'Married', '', '', '395'),
(0000396, '396', '', '', NULL, '', 'Married', '', '', '396'),
(0000398, '398', '', '', NULL, '', 'Married', '', '', '398'),
(0000399, '399', '', '', NULL, '', 'Married', '', '', '399'),
(0000403, '403', '', '', NULL, '', 'Married', '', '', '403'),
(0000407, '407', '', '', NULL, '', 'Married', '', '', '407'),
(0000412, '412', '', '', NULL, '', 'Married', '', '', '412'),
(0000416, '416', '', '', NULL, '', 'Married', '', '', '416'),
(0000418, '418', '', '', NULL, '', 'Married', '', '', '418'),
(0000425, '425', '', '', NULL, '', 'Married', '', '', '425'),
(0000426, '426', '', '', NULL, '', 'Married', '', '', '426'),
(0000427, '427', '', '', NULL, '', 'Married', '', '', '427'),
(0000429, '429', '', '', NULL, '', 'Married', '', '', '429'),
(0000430, '430', '', '', NULL, '', 'Married', '', '', '430'),
(0000432, '432', '', '', NULL, '', 'Married', '', '', '432'),
(0000436, '436', '', '', NULL, '', 'Married', '', '', '436'),
(0000437, '437', '', '', NULL, '', 'Married', '', '', '437'),
(0000438, '438', '', '', NULL, '', 'Married', '', '', '438'),
(0000439, '439', '', '', NULL, '', 'Married', '', '', '439'),
(0000440, '440', '', '', NULL, '', 'Married', '', '', '440'),
(0000441, '441', '', '', NULL, '', 'Married', '', '', '441'),
(0000445, '445', '', '', NULL, '', 'Married', '', '', '445'),
(0000448, '448', '', '', NULL, '', 'Married', '', '', '448'),
(0000449, '449', '', '', NULL, '', 'Married', '', '', '449'),
(0000450, '450', '', '', NULL, '', 'Married', '', '', '450'),
(0000454, '454', '', '', NULL, '', 'Married', '', '', '454'),
(0000460, '460', 'Mrs. Elaine Goodwin\n & Mr. Beau Solomon', '', 000009, '', 'Married', 'en', NULL, '460'),
(0000462, '462', '', '', NULL, '', 'Married', '', '', '462'),
(0000463, '463', '', '', NULL, '', 'Married', '', '', '463'),
(0000464, '464', '', '', NULL, '', 'Married', '', '', '464'),
(0000466, '466', '', '', NULL, '', 'Married', '', '', '466'),
(0000467, '467', '', '', NULL, '', 'Married', '', '', '467'),
(0000468, '468', '', '', NULL, '', 'Married', '', '', '468'),
(0000471, '471', '', '', NULL, '', 'Married', '', '', '471'),
(0000473, '473', '', '', NULL, '', 'Married', '', '', '473'),
(0000476, '476', '', '', NULL, '', 'Married', '', '', '476'),
(0000479, '479', '', '', NULL, '', 'Married', '', '', '479'),
(0000482, '482', '', '', NULL, '', 'Married', '', '', '482'),
(0000489, '489', '', '', NULL, '', 'Married', '', '', '489'),
(0000492, '492', '', '', NULL, '', 'Married', '', '', '492'),
(0000496, '496', '', '', NULL, '', 'Married', '', '', '496'),
(0000497, '497', '', '', NULL, '', 'Married', '', '', '497'),
(0000499, '499', '', '', NULL, '', 'Married', '', '', '499'),
(0000500, '500', '', '', NULL, '', 'Married', '', '', '500'),
(0000502, '502', '', '', NULL, '', 'Married', '', '', '502'),
(0000504, '504', '', '', NULL, '', 'Married', '', '', '504'),
(0000505, '505', '', '', NULL, '', 'Married', '', '', '505'),
(0000508, '508', '', '', NULL, '', 'Married', '', '', '508'),
(0000509, '509', '', '', NULL, '', 'Married', '', '', '509'),
(0000513, '513', '', '', NULL, '', 'Married', '', '', '513'),
(0000517, '517', '', '', NULL, '', 'Married', '', '', '517'),
(0000520, '520', '', '', NULL, '', 'Married', '', '', '520'),
(0000521, '521', '', '', NULL, '', 'Married', '', '', '521'),
(0000525, '525', '', '', NULL, '', 'Married', '', '', '525'),
(0000527, '527', '', '', NULL, '', 'Married', '', '', '527'),
(0000534, '534', '', '', NULL, '', 'Married', '', '', '534'),
(0000536, '536', '', '', NULL, '', 'Married', '', '', '536'),
(0000538, '538', '', '', NULL, '', 'Married', '', '', '538'),
(0000539, '539', '', '', NULL, '', 'Married', '', '', '539'),
(0000541, '541', '', '', NULL, '', 'Married', '', '', '541'),
(0000544, '544', '', '', NULL, '', 'Married', '', '', '544'),
(0000547, '547', '', '', NULL, '', 'Married', '', '', '547'),
(0000548, '548', '', '', NULL, '', 'Married', '', '', '548'),
(0000549, '549', '', '', NULL, '', 'Married', '', '', '549'),
(0000553, '553', '', '', NULL, '', 'Married', '', '', '553'),
(0000555, '555', '', '', NULL, '', 'Married', '', '', '555'),
(0000556, '556', '', '', NULL, '', 'Married', '', '', '556'),
(0000561, '561', '', '', NULL, '', 'Married', '', '', '561'),
(0000562, '562', '', '', NULL, '', 'Married', '', '', '562'),
(0000565, '565', '', '', NULL, '', 'Married', '', '', '565'),
(0000566, '566', '', '', NULL, '', 'Married', '', '', '566'),
(0000571, '571', '', '', NULL, '', 'Married', '', '', '571'),
(0000574, '574', '', '', NULL, '', 'Married', '', '', '574'),
(0000577, '577', '', '', NULL, '', 'Married', '', '', '577'),
(0000578, '578', '', '', NULL, '', 'Married', '', '', '578'),
(0000580, '580', '', '', NULL, '', 'Married', '', '', '580'),
(0000582, '582', '', '', NULL, '', 'Married', '', '', '582'),
(0000583, '583', '', '', NULL, '', 'Married', '', '', '583'),
(0000584, '584', '', '', NULL, '', 'Married', '', '', '584'),
(0000586, '586', '', '', NULL, '', 'Married', '', '', '586'),
(0000587, '587', '', '', NULL, '', 'Married', '', '', '587'),
(0000588, 'Lamb - Moore', 'Ms Daryl Moore & Mr Noelle Lamb', '', NULL, '', 'Married', 'en', NULL, '588'),
(0000590, '590', '', '', NULL, '', 'Married', '', '', '590'),
(0000591, '591', '', '', NULL, '', 'Married', '', '', '591'),
(0000592, '592', '', '', NULL, '', 'Married', '', '', '592'),
(0000593, '593', '', '', NULL, '', 'Married', '', '', '593'),
(0000594, '594', '', '', NULL, '', 'Married', '', '', '594'),
(0000595, '595', '', '', NULL, '', 'Married', '', '', '595'),
(0000596, '596', '', '', NULL, '', 'Married', '', '', '596'),
(0000598, '598', '', '', NULL, '', 'Married', '', '', '598'),
(0000601, '601', '', '', NULL, '', 'Married', '', '', '601'),
(0000604, '604', '', '', NULL, '', 'Married', '', '', '604'),
(0000607, '607', '', '', NULL, '', 'Married', '', '', '607'),
(0000609, '609', '', '', NULL, '', 'Married', '', '', '609'),
(0000610, '610', '', '', NULL, '', 'Married', '', '', '610'),
(0000612, '612', '', '', NULL, '', 'Married', '', '', '612'),
(0000613, '613', '', '', NULL, '', 'Married', '', '', '613'),
(0000614, '614', '', '', NULL, '', 'Married', '', '', '614'),
(0000615, '615', '', '', NULL, '', 'Married', '', '', '615'),
(0000616, '616', '', '', NULL, '', 'Married', '', '', '616'),
(0000617, '617', '', '', NULL, '', 'Married', '', '', '617'),
(0000619, '619', '', '', NULL, '', 'Married', '', '', '619'),
(0000621, '621', '', '', NULL, '', 'Married', '', '', '621'),
(0000622, '622', '', '', NULL, '', 'Married', '', '', '622'),
(0000623, '623', '', '', NULL, '', 'Married', '', '', '623'),
(0000625, '625', '', '', NULL, '', 'Married', '', '', '625'),
(0000626, '626', '', '', NULL, '', 'Married', '', '', '626'),
(0000627, '627', '', '', NULL, '', 'Married', '', '', '627'),
(0000628, '628', '', '', NULL, '', 'Married', '', '', '628'),
(0000629, '629', '', '', NULL, '', 'Married', '', '', '629'),
(0000630, '630', '', '', NULL, '', 'Married', '', '', '630'),
(0000631, '631', '', '', NULL, '', 'Married', '', '', '631'),
(0000637, '637', '', '', NULL, '', 'Married', '', '', '637'),
(0000638, '638', '', '', NULL, '', 'Married', '', '', '638'),
(0000639, '639', '', '', NULL, '', 'Married', '', '', '639'),
(0000642, '642', '', '', NULL, '', 'Married', '', '', '642'),
(0000643, '643', '', '', NULL, '', 'Married', '', '', '643'),
(0000644, '644', '', '', NULL, '', 'Married', '', '', '644'),
(0000645, '645', '', '', NULL, '', 'Married', '', '', '645'),
(0000646, '646', '', '', NULL, '', 'Married', '', '', '646'),
(0000647, '647', '', '', NULL, '', 'Married', '', '', '647'),
(0000648, '648', '', '', NULL, '', 'Married', '', '', '648'),
(0000649, '649', '', '', NULL, '', 'Married', '', '', '649'),
(0000650, '650', '', '', NULL, '', 'Married', '', '', '650'),
(0000651, '651', '', '', NULL, '', 'Married', '', '', '651'),
(0000652, 'Zimmerman - Anderson', 'Mr. Dolan Zimmerman\n & Ms. Dorothy Anderson', '', 000002, '', 'Married', 'en', NULL, '652'),
(0000654, '654', '', '', NULL, '', 'Married', '', '', '654'),
(0000655, '655', '', '', NULL, '', 'Married', '', '', '655'),
(0000657, '657', '', '', NULL, '', 'Married', '', '', '657'),
(0000658, '658', '', '', NULL, '', 'Married', '', '', '658'),
(0000660, '660', '', '', NULL, '', 'Married', '', '', '660'),
(0000661, '661', '', '', NULL, '', 'Married', '', '', '661'),
(0000662, '662', '', '', NULL, '', 'Married', '', '', '662'),
(0000663, '663', '', '', NULL, '', 'Married', '', '', '663'),
(0000664, '664', '', '', NULL, '', 'Married', '', '', '664'),
(0000669, 'Lucas - Harrison', 'Dr. Grady Lucas\n & Dr. Xyla Harrison', '', 000002, '', 'Married', 'en', NULL, '669'),
(0000670, '670', '', '', NULL, '', 'Married', '', '', '670'),
(0000671, '671', '', '', NULL, '', 'Married', '', '', '671'),
(0000672, '672', '', '', NULL, '', 'Married', '', '', '672'),
(0000673, '673', '', '', NULL, '', 'Married', '', '', '673'),
(0000674, '674', '', '', NULL, '', 'Married', '', '', '674'),
(0000675, '675', '', '', NULL, '', 'Married', '', '', '675'),
(0000676, '676', '', '', NULL, '', 'Married', '', '', '676'),
(0000678, '678', '', '', NULL, '', 'Married', '', '', '678'),
(0000679, '679', '', '', NULL, '', 'Married', '', '', '679'),
(0000680, '680', '', '', NULL, '', 'Married', '', '', '680'),
(0000681, '681', '', '', NULL, '', 'Married', '', '', '681'),
(0000683, '683', '', '', NULL, '', 'Married', '', '', '683'),
(0000684, '684', '', '', NULL, '', 'Married', '', '', '684'),
(0000685, '685', '', '', NULL, '', 'Married', '', '', '685'),
(0000687, '687', '', '', NULL, '', 'Married', '', '', '687'),
(0000688, 'Blair - Andrews', 'Mrs Germaine Andrews & M. Amanda Blair', '', NULL, '', 'Married', 'en', NULL, '688'),
(0000691, '691', '', '', NULL, '', 'Married', '', '', '691'),
(0000693, '693', '', '', NULL, '', 'Married', '', '', '693'),
(0000694, '694', '', '', NULL, '', 'Married', '', '', '694'),
(0000698, '698', '', '', NULL, '', 'Married', '', '', '698'),
(0000699, '699', '', '', NULL, '', 'Married', '', '', '699'),
(0000702, '702', '', '', NULL, '', 'Married', '', '', '702'),
(0000704, '704', '', '', NULL, '', 'Married', '', '', '704'),
(0000705, '705', '', '', NULL, '', 'Married', '', '', '705'),
(0000706, '706', '', '', NULL, '', 'Married', '', '', '706'),
(0000707, '707', '', '', NULL, '', 'Married', '', '', '707'),
(0000708, '708', '', '', NULL, '', 'Married', '', '', '708'),
(0000709, '709', '', '', NULL, '', 'Married', '', '', '709'),
(0000710, '710', '', '', NULL, '', 'Married', '', '', '710'),
(0000711, '711', '', '', NULL, '', 'Married', '', '', '711'),
(0000712, '712', '', '', NULL, '', 'Married', '', '', '712'),
(0000713, '713', '', '', NULL, '', 'Married', '', '', '713'),
(0000714, '714', '', '', NULL, '', 'Married', '', '', '714'),
(0000715, '715', '', '', NULL, '', 'Married', '', '', '715'),
(0000716, '716', '', '', NULL, '', 'Married', '', '', '716'),
(0000718, 'E & H Kirkland', 'Dr. Haley Kirkland\n & Mr. Eaton Kirkland', '', 000002, '', 'Married', 'en', NULL, '718'),
(0000719, '719', '', '', NULL, '', 'Married', '', '', '719'),
(0000720, '720', '', '', NULL, '', 'Married', '', '', '720'),
(0000721, '721', '', '', NULL, '', 'Married', '', '', '721'),
(0000722, '722', '', '', NULL, '', 'Married', '', '', '722'),
(0000723, '723', '', '', NULL, '', 'Married', '', '', '723'),
(0000725, '725', '', '', NULL, '', 'Married', '', '', '725'),
(0000728, '728', '', '', NULL, '', 'Married', '', '', '728'),
(0000729, '729', '', '', NULL, '', 'Married', '', '', '729'),
(0000730, '730', '', '', NULL, '', 'Married', '', '', '730'),
(0000732, '732', '', '', NULL, '', 'Married', '', '', '732'),
(0000733, '733', '', '', NULL, '', 'Married', '', '', '733'),
(0000734, '734', '', '', NULL, '', 'Married', '', '', '734'),
(0000735, '735', '', '', NULL, '', 'Married', '', '', '735'),
(0000736, '736', '', '', NULL, '', 'Married', '', '', '736'),
(0000737, '737', '', '', NULL, '', 'Married', '', '', '737'),
(0000738, '738', '', '', NULL, '', 'Married', '', '', '738'),
(0000739, '739', '', '', NULL, '', 'Married', '', '', '739'),
(0000740, '740', '', '', NULL, '', 'Married', '', '', '740'),
(0000741, '741', '', '', NULL, '', 'Married', '', '', '741'),
(0000742, '742', '', '', NULL, '', 'Married', '', '', '742'),
(0000743, '743', '', '', NULL, '', 'Married', '', '', '743'),
(0000744, '744', '', '', NULL, '', 'Married', '', '', '744'),
(0000747, '747', '', '', NULL, '', 'Married', '', '', '747'),
(0000748, '748', '', '', NULL, '', 'Married', '', '', '748'),
(0000749, '749', '', '', NULL, '', 'Married', '', '', '749'),
(0000750, '750', '', '', NULL, '', 'Married', '', '', '750'),
(0000751, '751', '', '', NULL, '', 'Married', '', '', '751'),
(0000752, '752', '', '', NULL, '', 'Married', '', '', '752'),
(0000753, '753', '', '', NULL, '', 'Married', '', '', '753'),
(0000754, '754', '', '', NULL, '', 'Married', '', '', '754'),
(0000755, '755', '', '', NULL, '', 'Married', '', '', '755'),
(0000756, '756', '', '', NULL, '', 'Married', '', '', '756'),
(0000757, '757', '', '', NULL, '', 'Married', '', '', '757'),
(0000759, '759', '', '', NULL, '', 'Married', '', '', '759'),
(0000760, '760', '', '', NULL, '', 'Married', '', '', '760'),
(0000761, '761', '', '', NULL, '', 'Married', '', '', '761'),
(0000762, '762', '', '', NULL, '', 'Married', '', '', '762'),
(0000763, '763', '', '', NULL, '', 'Married', '', '', '763'),
(0000764, '764', '', '', NULL, '', 'Married', '', '', '764'),
(0000765, '765', '', '', NULL, '', 'Married', '', '', '765'),
(0000767, '767', '', '', NULL, '', 'Married', '', '', '767'),
(0000768, '768', '', '', NULL, '', 'Married', '', '', '768'),
(0000769, '769', '', '', NULL, '', 'Married', '', '', '769'),
(0000770, '770', '', '', NULL, '', 'Married', '', '', '770'),
(0000771, '771', '', '', NULL, '', 'Married', '', '', '771'),
(0000772, '772', '', '', NULL, '', 'Married', '', '', '772'),
(0000773, '773', '', '', NULL, '', 'Married', '', '', '773'),
(0000774, '774', '', '', NULL, '', 'Married', '', '', '774'),
(0000775, '775', '', '', NULL, '', 'Married', '', '', '775'),
(0000776, '776', '', '', NULL, '', 'Married', '', '', '776'),
(0000777, '777', '', '', NULL, '', 'Married', '', '', '777'),
(0000778, 'Schultz - Blackwell', 'Ms Tamekah Blackwell & Mr Tobias Schultz', '', NULL, '', 'Married', 'en', NULL, '778'),
(0000779, '779', '', '', NULL, '', 'Married', '', '', '779'),
(0000780, '780', '', '', NULL, '', 'Married', '', '', '780'),
(0000781, '781', '', '', NULL, '', 'Married', '', '', '781'),
(0000782, '782', '', '', NULL, '', 'Married', '', '', '782'),
(0000783, '783', '', '', NULL, '', 'Married', '', '', '783'),
(0000784, '784', '', '', NULL, '', 'Married', '', '', '784'),
(0000785, '785', '', '', NULL, '', 'Married', '', '', '785'),
(0000786, '786', '', '', NULL, '', 'Married', '', '', '786'),
(0000787, '787', '', '', NULL, '', 'Married', '', '', '787'),
(0000789, '789', '', '', NULL, '', 'Married', '', '', '789'),
(0000790, '790', '', '', NULL, '', 'Married', '', '', '790'),
(0000791, '791', '', '', NULL, '', 'Married', '', '', '791'),
(0000792, '792', '', '', NULL, '', 'Married', '', '', '792'),
(0000793, '793', '', '', NULL, '', 'Married', '', '', '793'),
(0000794, '794', '', '', NULL, '', 'Married', '', '', '794'),
(0000795, '795', '', '', NULL, '', 'Married', '', '', '795'),
(0000796, '796', '', '', NULL, '', 'Married', '', '', '796'),
(0000797, '797', '', '', NULL, '', 'Married', '', '', '797'),
(0000798, '798', '', '', NULL, '', 'Married', '', '', '798'),
(0000799, '799', '', '', NULL, '', 'Married', '', '', '799'),
(0000800, '800', '', '', NULL, '', 'Married', '', '', '800'),
(0000801, '801', '', '', NULL, '', 'Married', '', '', '801'),
(0000802, '802', '', '', NULL, '', 'Married', '', '', '802'),
(0000803, '803', '', '', NULL, '', 'Married', '', '', '803'),
(0000804, '804', '', '', NULL, '', 'Married', '', '', '804'),
(0000805, '805', '', '', NULL, '', 'Married', '', '', '805'),
(0000806, '806', '', '', NULL, '', 'Married', '', '', '806'),
(0000807, '807', '', '', NULL, '', 'Married', '', '', '807'),
(0000808, '808', '', '', NULL, '', 'Married', '', '', '808'),
(0000809, '809', '', '', NULL, '', 'Married', '', '', '809'),
(0000810, '810', '', '', NULL, '', 'Married', '', '', '810'),
(0000811, '811', '', '', NULL, '', 'Married', '', '', '811'),
(0000812, '812', '', '', NULL, '', 'Married', '', '', '812'),
(0000813, '813', '', '', NULL, '', 'Married', '', '', '813'),
(0000814, '814', '', '', NULL, '', 'Married', '', '', '814'),
(0000815, '815', '', '', NULL, '', 'Married', '', '', '815'),
(0000816, '816', '', '', NULL, '', 'Married', '', '', '816'),
(0000817, '817', '', '', NULL, '', 'Married', '', '', '817'),
(0000818, '818', '', '', NULL, '', 'Married', '', '', '818'),
(0000819, '819', '', '', NULL, '', 'Married', '', '', '819'),
(0000820, '820', '', '', NULL, '', 'Married', '', '', '820'),
(0000821, '821', '', '', NULL, '', 'Married', '', '', '821'),
(0000822, '822', '', '', NULL, '', 'Married', '', '', '822'),
(0000823, '823', '', '', NULL, '', 'Married', '', '', '823'),
(0000824, '824', '', '', NULL, '', 'Married', '', '', '824'),
(0000825, '825', '', '', NULL, '', 'Married', '', '', '825'),
(0000826, '826', '', '', NULL, '', 'Married', '', '', '826'),
(0000827, '827', '', '', NULL, '', 'Married', '', '', '827'),
(0000828, '828', '', '', NULL, '', 'Married', '', '', '828'),
(0000829, '829', '', '', NULL, '', 'Married', '', '', '829'),
(0000830, '830', '', '', NULL, '', 'Married', '', '', '830'),
(0000831, '831', '', '', NULL, '', 'Married', '', '', '831'),
(0000832, '832', '', '', NULL, '', 'Married', '', '', '832'),
(0000833, '833', '', '', NULL, '', 'Married', '', '', '833'),
(0000834, '834', '', '', NULL, '', 'Married', '', '', '834'),
(0000835, '835', '', '', NULL, '', 'Married', '', '', '835'),
(0000836, '836', '', '', NULL, '', 'Married', '', '', '836'),
(0000837, '837', '', '', NULL, '', 'Married', '', '', '837'),
(0000838, '838', '', '', NULL, '', 'Married', '', '', '838'),
(0000839, '839', '', '', NULL, '', 'Married', '', '', '839'),
(0000840, '840', '', '', NULL, '', 'Married', '', '', '840'),
(0000841, '841', '', '', NULL, '', 'Married', '', '', '841'),
(0000842, '842', '', '', NULL, '', 'Married', '', '', '842'),
(0000843, '843', '', '', NULL, '', 'Married', '', '', '843'),
(0000844, '844', '', '', NULL, '', 'Married', '', '', '844'),
(0000845, 'Abbott - Britt', 'Mr Leonard Abbott\n & Mrs. Alfreda Britt', '', 000002, '', 'Married', 'en', NULL, '845'),
(0000846, '846', '', '', NULL, '', 'Married', '', '', '846'),
(0000847, '847', '', '', NULL, '', 'Married', '', '', '847'),
(0000848, '848', '', '', NULL, '', 'Married', '', '', '848'),
(0000849, '849', '', '', NULL, '', 'Married', '', '', '849'),
(0000850, '850', '', '', NULL, '', 'Married', '', '', '850'),
(0000851, '851', '', '', NULL, '', 'Married', '', '', '851'),
(0000852, '852', '', '', NULL, '', 'Married', '', '', '852'),
(0000853, '853', '', '', NULL, '', 'Married', '', '', '853');

ALTER TABLE `gibbonFamily` ENABLE KEYS;
UNLOCK TABLES;


# Dump of table gibbonFamilyAdult
# ------------------------------------------------------------

LOCK TABLES `gibbonFamilyAdult` WRITE;
ALTER TABLE `gibbonFamilyAdult` DISABLE KEYS;

INSERT INTO `gibbonfamilyadult` (`id`, `comment`, `childDataAccess`, `contactPriority`, `contactCall`, `contactSMS`, `contactEmail`, `contactMail`, `family`, `person`) VALUES
(00000016, '', 'Y', 2, 'Y', 'Y', 'Y', 'Y', 0000005, 0000000157),
(00000017, '', 'Y', 1, 'Y', 'Y', 'Y', 'Y', 0000005, 0000000158),
(00000024, '', 'Y', 2, 'Y', 'Y', 'Y', 'Y', 0000009, 0000000165),
(00000025, '', 'Y', 1, 'Y', 'Y', 'Y', 'Y', 0000009, 0000000166),
(00000041, '', 'Y', 2, 'Y', 'Y', 'Y', 'Y', 0000019, 0000000185),
(00000042, '', 'Y', 1, 'Y', 'Y', 'Y', 'Y', 0000019, 0000000186),
(00000053, '', 'Y', 2, 'Y', 'Y', 'Y', 'Y', 0000025, 0000000197),
(00000054, '', 'Y', 1, 'Y', 'Y', 'Y', 'Y', 0000025, 0000000198),
(00000095, '', 'Y', 2, 'Y', 'Y', 'Y', 'Y', 0000047, 0000000242),
(00000096, '', 'Y', 1, 'Y', 'Y', 'Y', 'Y', 0000047, 0000000243),
(00000099, '', 'Y', 2, 'Y', 'Y', 'Y', 'Y', 0000050, 0000000244),
(00000100, '', 'Y', 1, 'Y', 'Y', 'Y', 'Y', 0000050, 0000000245),
(00000127, '', 'Y', 2, 'Y', 'Y', 'Y', 'Y', 0000065, 0000000272),
(00000128, '', 'Y', 1, 'Y', 'Y', 'Y', 'Y', 0000065, 0000000273),
(00000163, '', 'Y', 1, 'Y', 'Y', 'Y', 'Y', 0000088, 0000000124),
(00000164, '', 'Y', 2, 'Y', 'Y', 'Y', 'Y', 0000089, 0000000308),
(00000165, '', 'Y', 1, 'Y', 'Y', 'Y', 'Y', 0000089, 0000000309),
(00000240, '', 'Y', 1, 'Y', 'Y', 'Y', 'Y', 0000131, 0000000397),
(00000241, '', 'Y', 2, 'Y', 'Y', 'Y', 'Y', 0000131, 0000000398),
(00000243, 'comment here', 'Y', 2, 'N', 'Y', 'Y', 'N', 0000132, 0000000414),
(00000244, NULL, 'Y', 1, 'Y', 'Y', 'Y', 'Y', 0000132, 0000000415),
(00000264, '', 'Y', 2, 'Y', 'Y', 'Y', 'Y', 0000142, 0000000446),
(00000265, NULL, 'Y', 1, 'Y', 'Y', 'Y', 'Y', 0000142, 0000000447),
(00000287, '', 'Y', 1, 'Y', 'Y', 'Y', 'Y', 0000154, 0000000482),
(00000290, '', 'Y', 1, 'Y', 'Y', 'Y', 'Y', 0000156, 0000000488),
(00000291, '', 'Y', 2, 'Y', 'Y', 'Y', 'Y', 0000156, 0000000487),
(00000307, '', 'Y', 1, 'Y', 'Y', 'Y', 'Y', 0000165, 0000000520),
(00000308, '', 'Y', 2, 'Y', 'Y', 'Y', 'Y', 0000165, 0000000519),
(00000337, '', 'Y', 1, 'Y', 'Y', 'Y', 'Y', 0000180, 0000000427),
(00000338, '', 'Y', 2, 'Y', 'Y', 'Y', 'Y', 0000180, 0000000428),
(00000349, '', 'Y', 2, 'Y', 'Y', 'Y', 'Y', 0000188, 0000000587),
(00000350, '', 'Y', 1, 'Y', 'Y', 'Y', 'Y', 0000188, 0000000586),
(00000367, '', 'Y', 2, 'Y', 'Y', 'Y', 'Y', 0000199, 0000000616),
(00000368, '', 'Y', 1, 'Y', 'Y', 'Y', 'Y', 0000199, 0000000615),
(00000378, '', 'Y', 2, 'Y', 'Y', 'Y', 'Y', 0000206, 0000000642),
(00000379, '', 'Y', 1, 'Y', 'Y', 'Y', 'Y', 0000206, 0000000641),
(00000393, '', 'Y', 2, 'Y', 'Y', 'Y', 'Y', 0000211, 0000000657),
(00000394, '', 'Y', 1, 'Y', 'Y', 'Y', 'Y', 0000211, 0000000656),
(00000402, '', 'Y', 2, 'Y', 'Y', 'Y', 'Y', 0000216, 0000000672),
(00000403, '', 'Y', 1, 'Y', 'Y', 'Y', 'Y', 0000216, 0000000671),
(00000404, '', 'Y', 1, 'Y', 'Y', 'Y', 'Y', 0000221, 0000000685),
(00000420, '', 'Y', 1, 'Y', 'Y', 'Y', 'Y', 0000232, 0000000717),
(00000421, '', 'Y', 2, 'Y', 'Y', 'Y', 'Y', 0000232, 0000000718),
(00000482, '', 'Y', 2, 'Y', 'Y', 'Y', 'Y', 0000264, 0000000821),
(00000483, '', 'Y', 1, 'Y', 'Y', 'Y', 'Y', 0000264, 0000000822),
(00000501, '', 'Y', 1, 'Y', 'Y', 'Y', 'Y', 0000274, 0000000850),
(00000502, '', 'Y', 2, 'Y', 'Y', 'Y', 'Y', 0000274, 0000000851),
(00000513, '', 'Y', 2, 'Y', 'Y', 'Y', 'Y', 0000282, 0000000877),
(00000514, '', 'Y', 1, 'Y', 'Y', 'Y', 'Y', 0000282, 0000000878),
(00000525, '', 'Y', 1, 'Y', 'Y', 'Y', 'Y', 0000289, 0000000898),
(00000530, '', 'Y', 2, 'Y', 'Y', 'Y', 'Y', 0000292, 0000000906),
(00000535, '', 'Y', 1, 'Y', 'Y', 'Y', 'Y', 0000295, 0000000914),
(00000536, '', 'Y', 2, 'Y', 'Y', 'Y', 'Y', 0000295, 0000000915),
(00000541, '', 'Y', 1, 'Y', 'Y', 'Y', 'Y', 0000298, 0000000923),
(00000542, '', 'Y', 2, 'Y', 'Y', 'Y', 'Y', 0000298, 0000000924),
(00000544, '', 'Y', 2, 'Y', 'Y', 'Y', 'Y', 0000300, 0000000929),
(00000545, '', 'Y', 1, 'Y', 'Y', 'Y', 'Y', 0000300, 0000000930),
(00000567, '', 'Y', 1, 'Y', 'Y', 'Y', 'Y', 0000312, 0000000965),
(00000568, '', 'Y', 2, 'Y', 'Y', 'Y', 'Y', 0000312, 0000000966),
(00000584, '', 'Y', 1, 'Y', 'Y', 'Y', 'Y', 0000321, 0000000993),
(00000594, '', 'Y', 1, 'Y', 'Y', 'Y', 'Y', 0000327, 0000001009),
(00000595, '', 'Y', 2, 'Y', 'Y', 'Y', 'Y', 0000327, 0000001010),
(00000599, '', 'Y', 1, 'Y', 'Y', 'Y', 'Y', 0000330, 0000001017),
(00000600, '', 'Y', 2, 'Y', 'Y', 'Y', 'Y', 0000330, 0000001018),
(00000601, '', 'Y', 1, 'Y', 'Y', 'Y', 'Y', 0000331, 0000001020),
(00000602, '', 'Y', 2, 'Y', 'Y', 'Y', 'Y', 0000331, 0000001021),
(00000603, '', 'Y', 1, 'Y', 'Y', 'Y', 'Y', 0000332, 0000001023),
(00000604, '', 'Y', 2, 'Y', 'Y', 'Y', 'Y', 0000332, 0000001024),
(00000613, '', 'Y', 2, 'Y', 'Y', 'Y', 'Y', 0000321, 0000001037),
(00000630, '', 'Y', 1, 'Y', 'Y', 'Y', 'Y', 0000345, 0000001067),
(00000631, '', 'Y', 2, 'Y', 'Y', 'Y', 'Y', 0000345, 0000001068),
(00000638, '', 'Y', 1, 'Y', 'Y', 'Y', 'Y', 0000292, 0000001078),
(00000643, '', 'Y', 1, 'Y', 'Y', 'Y', 'Y', 0000351, 0000001087),
(00000644, '', 'Y', 2, 'Y', 'Y', 'Y', 'Y', 0000351, 0000001088),
(00000673, '', 'Y', 1, 'Y', 'Y', 'Y', 'Y', 0000365, 0000001155),
(00000674, '', 'Y', 2, 'Y', 'Y', 'Y', 'Y', 0000365, 0000001156),
(00000675, '', 'Y', 1, 'Y', 'Y', 'Y', 'Y', 0000366, 0000001158),
(00000676, '', 'Y', 2, 'Y', 'Y', 'Y', 'Y', 0000366, 0000001159),
(00000677, '', 'Y', 1, 'Y', 'Y', 'Y', 'Y', 0000367, 0000001161),
(00000678, '', 'Y', 2, 'Y', 'Y', 'Y', 'Y', 0000367, 0000001162),
(00000679, '', 'Y', 1, 'Y', 'Y', 'Y', 'Y', 0000368, 0000001164),
(00000680, '', 'Y', 2, 'Y', 'Y', 'Y', 'Y', 0000368, 0000001165),
(00000681, '', 'Y', 1, 'Y', 'Y', 'Y', 'Y', 0000369, 0000001167),
(00000682, '', 'Y', 2, 'Y', 'Y', 'Y', 'Y', 0000369, 0000001168),
(00000689, '', 'Y', 1, 'Y', 'Y', 'Y', 'Y', 0000373, 0000001180),
(00000690, '', 'Y', 2, 'Y', 'Y', 'Y', 'Y', 0000373, 0000001181),
(00000691, '', 'Y', 1, 'Y', 'Y', 'Y', 'Y', 0000374, 0000001183),
(00000692, '', 'Y', 2, 'Y', 'Y', 'Y', 'Y', 0000374, 0000001184),
(00000697, '', 'Y', 1, 'Y', 'Y', 'Y', 'Y', 0000377, 0000001192),
(00000698, '', 'Y', 1, 'Y', 'Y', 'Y', 'Y', 0000378, 0000001194),
(00000699, '', 'Y', 2, 'Y', 'Y', 'Y', 'Y', 0000378, 0000001195),
(00000702, '', 'Y', 1, 'Y', 'Y', 'Y', 'Y', 0000380, 0000001202),
(00000703, '', 'Y', 2, 'Y', 'Y', 'Y', 'Y', 0000380, 0000001203),
(00000704, '', 'Y', 1, 'Y', 'Y', 'Y', 'Y', 0000381, 0000001205),
(00000705, '', 'Y', 2, 'Y', 'Y', 'Y', 'Y', 0000381, 0000001206),
(00000706, '', 'Y', 1, 'Y', 'Y', 'Y', 'Y', 0000382, 0000001208),
(00000707, '', 'Y', 2, 'Y', 'Y', 'Y', 'Y', 0000382, 0000001209),
(00000710, '', 'Y', 1, 'Y', 'Y', 'Y', 'Y', 0000384, 0000001215),
(00000711, '', 'Y', 2, 'Y', 'Y', 'Y', 'Y', 0000384, 0000001216),
(00000714, '', 'Y', 1, 'Y', 'Y', 'Y', 'Y', 0000386, 0000001223),
(00000715, '', 'Y', 2, 'Y', 'Y', 'Y', 'Y', 0000386, 0000001224),
(00000720, '', 'Y', 1, 'Y', 'Y', 'Y', 'Y', 0000389, 0000001234),
(00000721, '', 'Y', 2, 'Y', 'Y', 'Y', 'Y', 0000389, 0000001235),
(00000722, '', 'Y', 1, 'Y', 'Y', 'Y', 'Y', 0000390, 0000001237),
(00000723, '', 'Y', 2, 'Y', 'Y', 'Y', 'Y', 0000390, 0000001238),
(00000726, '', 'Y', 1, 'Y', 'Y', 'Y', 'Y', 0000392, 0000001243),
(00000727, '', 'Y', 2, 'Y', 'Y', 'Y', 'Y', 0000392, 0000001244),
(00000728, '', 'Y', 3, 'Y', 'Y', 'Y', 'Y', 0000393, 0000001246),
(00000729, '', 'Y', 1, 'Y', 'Y', 'Y', 'Y', 0000393, 0000001247),
(00000732, '', 'Y', 1, 'Y', 'Y', 'Y', 'Y', 0000395, 0000001252),
(00000733, '', 'Y', 2, 'Y', 'Y', 'Y', 'Y', 0000395, 0000001253),
(00000734, '', 'Y', 1, 'Y', 'Y', 'Y', 'Y', 0000396, 0000001255),
(00000735, '', 'Y', 2, 'Y', 'Y', 'Y', 'Y', 0000396, 0000001256),
(00000737, '', 'Y', 1, 'Y', 'Y', 'Y', 'Y', 0000398, 0000001260),
(00000738, '', 'Y', 2, 'Y', 'Y', 'Y', 'Y', 0000398, 0000001261),
(00000739, '', 'Y', 1, 'Y', 'Y', 'Y', 'Y', 0000399, 0000001264),
(00000740, '', 'Y', 2, 'Y', 'Y', 'Y', 'Y', 0000399, 0000001265),
(00000748, '', 'Y', 2, 'Y', 'Y', 'Y', 'Y', 0000403, 0000001278),
(00000755, '', 'Y', 1, 'Y', 'Y', 'Y', 'Y', 0000407, 0000001289),
(00000756, '', 'Y', 2, 'Y', 'Y', 'Y', 'Y', 0000407, 0000001290),
(00000765, '', 'Y', 1, 'Y', 'Y', 'Y', 'Y', 0000412, 0000001305),
(00000766, '', 'Y', 2, 'Y', 'Y', 'Y', 'Y', 0000412, 0000001306),
(00000773, '', 'Y', 1, 'Y', 'Y', 'Y', 'Y', 0000416, 0000001317),
(00000774, '', 'Y', 2, 'Y', 'Y', 'Y', 'Y', 0000416, 0000001318),
(00000777, '', 'Y', 1, 'Y', 'Y', 'Y', 'Y', 0000418, 0000001323),
(00000778, '', 'Y', 2, 'Y', 'Y', 'Y', 'Y', 0000418, 0000001324),
(00000788, '', 'Y', 1, 'Y', 'Y', 'Y', 'Y', 0000425, 0000001353),
(00000789, '', 'Y', 2, 'Y', 'Y', 'Y', 'Y', 0000425, 0000001354),
(00000790, '', 'Y', 1, 'Y', 'Y', 'Y', 'Y', 0000426, 0000001356),
(00000791, '', 'Y', 2, 'Y', 'Y', 'Y', 'Y', 0000426, 0000001357),
(00000792, '', 'Y', 1, 'Y', 'Y', 'Y', 'Y', 0000427, 0000001359),
(00000793, '', 'Y', 2, 'Y', 'Y', 'Y', 'Y', 0000427, 0000001360),
(00000796, '', 'Y', 1, 'Y', 'Y', 'Y', 'Y', 0000429, 0000001365),
(00000797, '', 'Y', 2, 'Y', 'Y', 'Y', 'Y', 0000429, 0000001366),
(00000798, '', 'Y', 1, 'Y', 'Y', 'Y', 'Y', 0000430, 0000001368),
(00000799, '', 'Y', 2, 'Y', 'Y', 'Y', 'Y', 0000430, 0000001369),
(00000802, '', 'Y', 1, 'Y', 'Y', 'Y', 'Y', 0000432, 0000001375),
(00000803, '', 'Y', 2, 'Y', 'Y', 'Y', 'Y', 0000432, 0000001376),
(00000813, '', 'Y', 1, 'Y', 'Y', 'Y', 'Y', 0000436, 0000001389),
(00000814, '', 'Y', 2, 'Y', 'Y', 'Y', 'Y', 0000436, 0000001390),
(00000815, '', 'Y', 1, 'Y', 'Y', 'Y', 'Y', 0000437, 0000001392),
(00000816, '', 'Y', 1, 'Y', 'Y', 'Y', 'Y', 0000438, 0000001394),
(00000817, '', 'Y', 2, 'Y', 'Y', 'Y', 'Y', 0000438, 0000001395),
(00000818, '', 'Y', 1, 'Y', 'Y', 'Y', 'Y', 0000439, 0000001397),
(00000819, '', 'Y', 2, 'Y', 'Y', 'Y', 'Y', 0000439, 0000001398),
(00000820, '', 'Y', 1, 'Y', 'Y', 'Y', 'Y', 0000440, 0000001401),
(00000821, '', 'Y', 2, 'Y', 'Y', 'Y', 'Y', 0000440, 0000001402),
(00000822, '', 'Y', 1, 'Y', 'Y', 'Y', 'Y', 0000441, 0000001404),
(00000823, '', 'Y', 2, 'Y', 'Y', 'Y', 'Y', 0000441, 0000001405),
(00000830, '', 'Y', 2, 'Y', 'Y', 'Y', 'Y', 0000445, 0000001417),
(00000831, '', 'Y', 1, 'Y', 'Y', 'Y', 'Y', 0000445, 0000001418),
(00000835, '', 'Y', 1, 'Y', 'Y', 'Y', 'Y', 0000448, 0000001425),
(00000836, '', 'Y', 2, 'Y', 'Y', 'Y', 'Y', 0000448, 0000001426),
(00000837, '', 'Y', 1, 'Y', 'Y', 'Y', 'Y', 0000449, 0000001428),
(00000838, '', 'Y', 2, 'Y', 'Y', 'Y', 'Y', 0000449, 0000001429),
(00000839, '', 'Y', 1, 'Y', 'Y', 'Y', 'Y', 0000450, 0000001431),
(00000840, '', 'Y', 2, 'Y', 'Y', 'Y', 'Y', 0000450, 0000001432),
(00000847, '', 'Y', 1, 'Y', 'Y', 'Y', 'Y', 0000454, 0000001446),
(00000848, '', 'Y', 2, 'Y', 'Y', 'Y', 'Y', 0000454, 0000001447),
(00000858, '', 'Y', 1, 'Y', 'Y', 'Y', 'Y', 0000460, 0000001466),
(00000859, '', 'Y', 2, 'Y', 'Y', 'Y', 'Y', 0000460, 0000001467),
(00000862, '', 'Y', 1, 'Y', 'Y', 'Y', 'Y', 0000462, 0000001472),
(00000863, '', 'Y', 2, 'Y', 'Y', 'Y', 'Y', 0000462, 0000001473),
(00000864, '', 'Y', 1, 'Y', 'Y', 'Y', 'Y', 0000463, 0000001475),
(00000865, '', 'Y', 2, 'Y', 'Y', 'Y', 'Y', 0000463, 0000001476),
(00000866, '', 'Y', 1, 'Y', 'Y', 'Y', 'Y', 0000464, 0000001478),
(00000867, '', 'Y', 2, 'Y', 'Y', 'Y', 'Y', 0000464, 0000001479),
(00000870, '', 'Y', 1, 'Y', 'Y', 'Y', 'Y', 0000466, 0000001484),
(00000872, '', 'Y', 1, 'Y', 'Y', 'Y', 'Y', 0000467, 0000001487),
(00000873, '', 'Y', 2, 'Y', 'Y', 'Y', 'Y', 0000467, 0000001488),
(00000874, '', 'Y', 1, 'Y', 'Y', 'Y', 'Y', 0000468, 0000001493),
(00000875, '', 'Y', 2, 'Y', 'Y', 'Y', 'Y', 0000468, 0000001494),
(00000880, '', 'Y', 1, 'Y', 'Y', 'Y', 'Y', 0000471, 0000001508),
(00000881, '', 'Y', 2, 'Y', 'Y', 'Y', 'Y', 0000471, 0000001509),
(00000885, '', 'Y', 1, 'Y', 'Y', 'Y', 'Y', 0000473, 0000001515),
(00000886, '', 'Y', 2, 'Y', 'Y', 'Y', 'Y', 0000473, 0000001516),
(00000891, '', 'Y', 1, 'Y', 'Y', 'Y', 'Y', 0000476, 0000001529),
(00000892, '', 'Y', 2, 'Y', 'Y', 'Y', 'Y', 0000476, 0000001530),
(00000897, '', 'Y', 1, 'Y', 'Y', 'Y', 'Y', 0000479, 0000001539),
(00000898, '', 'Y', 2, 'Y', 'Y', 'Y', 'Y', 0000479, 0000001540),
(00000903, '', 'Y', 1, 'Y', 'Y', 'Y', 'Y', 0000482, 0000001549),
(00000904, '', 'Y', 2, 'Y', 'Y', 'Y', 'Y', 0000482, 0000001550),
(00000917, '', 'Y', 1, 'Y', 'Y', 'Y', 'Y', 0000489, 0000001572),
(00000918, '', 'Y', 2, 'Y', 'Y', 'Y', 'Y', 0000489, 0000001573),
(00000919, '', 'Y', 2, 'Y', 'Y', 'Y', 'Y', 0000437, 0000001574),
(00000925, '', 'Y', 1, 'Y', 'Y', 'Y', 'Y', 0000492, 0000001586),
(00000926, '', 'Y', 2, 'Y', 'Y', 'Y', 'Y', 0000492, 0000001587),
(00000934, '', 'Y', 1, 'Y', 'Y', 'Y', 'Y', 0000496, 0000001601),
(00000935, '', 'Y', 2, 'Y', 'Y', 'Y', 'Y', 0000496, 0000001602),
(00000936, '', 'Y', 1, 'Y', 'Y', 'Y', 'Y', 0000497, 0000001604),
(00000937, '', 'Y', 2, 'Y', 'Y', 'Y', 'Y', 0000497, 0000001605),
(00000940, '', 'Y', 1, 'Y', 'Y', 'Y', 'Y', 0000499, 0000001610),
(00000941, '', 'Y', 2, 'Y', 'Y', 'Y', 'Y', 0000499, 0000001611),
(00000942, '', 'Y', 2, 'Y', 'Y', 'Y', 'Y', 0000500, 0000001613),
(00000943, '', 'Y', 1, 'Y', 'Y', 'Y', 'Y', 0000500, 0000001614),
(00000946, '', 'Y', 1, 'Y', 'Y', 'Y', 'Y', 0000502, 0000001622),
(00000947, '', 'Y', 2, 'Y', 'Y', 'Y', 'Y', 0000502, 0000001623),
(00000950, '', 'Y', 1, 'Y', 'Y', 'Y', 'Y', 0000504, 0000001629),
(00000951, '', 'Y', 2, 'Y', 'Y', 'Y', 'Y', 0000504, 0000001630),
(00000952, '', 'Y', 1, 'Y', 'Y', 'Y', 'Y', 0000505, 0000001632),
(00000957, '', 'Y', 1, 'Y', 'Y', 'Y', 'Y', 0000508, 0000001640),
(00000958, '', 'Y', 2, 'Y', 'Y', 'Y', 'Y', 0000508, 0000001641),
(00000959, '', 'Y', 1, 'Y', 'Y', 'Y', 'Y', 0000509, 0000001643),
(00000960, '', 'Y', 2, 'Y', 'Y', 'Y', 'Y', 0000509, 0000001644),
(00000967, '', 'Y', 1, 'Y', 'Y', 'Y', 'Y', 0000513, 0000001655),
(00000968, '', 'Y', 2, 'Y', 'Y', 'Y', 'Y', 0000513, 0000001656),
(00000976, '', 'Y', 2, 'Y', 'Y', 'Y', 'Y', 0000517, 0000001668),
(00000977, '', 'Y', 1, 'Y', 'Y', 'Y', 'Y', 0000517, 0000001669),
(00000981, '', 'Y', 2, 'Y', 'Y', 'Y', 'Y', 0000154, 0000000651),
(00000984, '', 'Y', 1, 'Y', 'Y', 'Y', 'Y', 0000520, 0000001678),
(00000985, '', 'Y', 2, 'Y', 'Y', 'Y', 'Y', 0000520, 0000001679),
(00000986, '', 'Y', 1, 'Y', 'Y', 'Y', 'Y', 0000521, 0000001681),
(00000987, '', 'Y', 2, 'Y', 'Y', 'Y', 'Y', 0000521, 0000001682),
(00000994, '', 'Y', 1, 'Y', 'Y', 'Y', 'Y', 0000525, 0000001693),
(00000995, '', 'Y', 2, 'Y', 'Y', 'Y', 'Y', 0000525, 0000001694),
(00000998, '', 'Y', 1, 'Y', 'Y', 'Y', 'Y', 0000527, 0000001701),
(00000999, '', 'Y', 2, 'Y', 'Y', 'Y', 'Y', 0000527, 0000001702),
(00001011, '', 'Y', 1, 'Y', 'Y', 'Y', 'Y', 0000534, 0000001722),
(00001012, '', 'Y', 2, 'Y', 'Y', 'Y', 'Y', 0000534, 0000001723),
(00001015, '', 'Y', 1, 'Y', 'Y', 'Y', 'Y', 0000536, 0000001731),
(00001018, '', 'Y', 1, 'Y', 'Y', 'Y', 'Y', 0000538, 0000001736),
(00001019, '', 'Y', 2, 'Y', 'Y', 'Y', 'Y', 0000538, 0000001737),
(00001020, '', 'Y', 1, 'Y', 'Y', 'Y', 'Y', 0000539, 0000001740),
(00001021, '', 'Y', 2, 'Y', 'Y', 'Y', 'Y', 0000539, 0000001741),
(00001024, '', 'Y', 1, 'Y', 'Y', 'Y', 'Y', 0000541, 0000001745),
(00001025, '', 'Y', 2, 'Y', 'Y', 'Y', 'Y', 0000541, 0000001746),
(00001030, '', 'Y', 1, 'Y', 'Y', 'Y', 'Y', 0000544, 0000001754),
(00001031, '', 'Y', 2, 'Y', 'Y', 'Y', 'Y', 0000544, 0000001755),
(00001035, '', 'Y', 1, 'Y', 'Y', 'Y', 'Y', 0000547, 0000001762),
(00001036, '', 'Y', 2, 'Y', 'Y', 'Y', 'Y', 0000547, 0000001763),
(00001037, '', 'Y', 1, 'Y', 'Y', 'Y', 'Y', 0000548, 0000001774),
(00001038, '', 'Y', 2, 'Y', 'Y', 'Y', 'Y', 0000548, 0000001775),
(00001039, '', 'Y', 1, 'Y', 'Y', 'Y', 'Y', 0000549, 0000001780),
(00001040, '', 'Y', 2, 'Y', 'Y', 'Y', 'Y', 0000549, 0000001781),
(00001046, '', 'Y', 1, 'Y', 'Y', 'Y', 'Y', 0000553, 0000001792),
(00001047, '', 'Y', 2, 'Y', 'Y', 'Y', 'Y', 0000553, 0000001793),
(00001049, '', 'Y', 1, 'Y', 'Y', 'Y', 'Y', 0000555, 0000001797),
(00001050, '', 'Y', 2, 'Y', 'Y', 'Y', 'Y', 0000555, 0000001798),
(00001052, '', 'Y', 2, 'Y', 'Y', 'Y', 'Y', 0000556, 0000001802),
(00001053, '', 'Y', 3, 'Y', 'Y', 'Y', 'Y', 0000556, 0000001803),
(00001059, '', 'Y', 1, 'Y', 'Y', 'Y', 'Y', 0000561, 0000001815),
(00001060, '', 'Y', 2, 'Y', 'Y', 'Y', 'Y', 0000561, 0000001816),
(00001061, '', 'Y', 1, 'Y', 'Y', 'Y', 'Y', 0000562, 0000001820),
(00001062, '', 'Y', 2, 'Y', 'Y', 'Y', 'Y', 0000562, 0000001821),
(00001067, '', 'Y', 1, 'Y', 'Y', 'Y', 'Y', 0000565, 0000001829),
(00001068, '', 'Y', 2, 'Y', 'Y', 'Y', 'Y', 0000565, 0000001830),
(00001070, '', 'Y', 2, 'Y', 'Y', 'Y', 'Y', 0000566, 0000001833),
(00001075, '', 'Y', 1, 'Y', 'Y', 'Y', 'Y', 0000566, 0000001778),
(00001080, '', 'Y', 1, 'Y', 'Y', 'Y', 'Y', 0000571, 0000001846),
(00001081, '', 'Y', 2, 'Y', 'Y', 'Y', 'Y', 0000571, 0000001847),
(00001086, '', 'Y', 1, 'Y', 'Y', 'Y', 'Y', 0000574, 0000001859),
(00001087, '', 'Y', 2, 'Y', 'Y', 'Y', 'Y', 0000574, 0000001860),
(00001092, '', 'Y', 1, 'Y', 'Y', 'Y', 'Y', 0000577, 0000001868),
(00001093, '', 'Y', 2, 'Y', 'Y', 'Y', 'Y', 0000577, 0000001869),
(00001094, '', 'Y', 1, 'Y', 'Y', 'Y', 'Y', 0000578, 0000001871),
(00001095, '', 'Y', 2, 'Y', 'Y', 'Y', 'Y', 0000578, 0000001872),
(00001099, '', 'Y', 1, 'Y', 'Y', 'Y', 'Y', 0000580, 0000001880),
(00001100, '', 'Y', 2, 'Y', 'Y', 'Y', 'Y', 0000580, 0000001881),
(00001103, '', 'Y', 1, 'Y', 'Y', 'Y', 'Y', 0000582, 0000001886),
(00001104, '', 'Y', 2, 'Y', 'Y', 'Y', 'Y', 0000582, 0000001887),
(00001105, '', 'Y', 1, 'Y', 'Y', 'Y', 'Y', 0000583, 0000001889),
(00001106, '', 'Y', 2, 'Y', 'Y', 'Y', 'Y', 0000583, 0000001890),
(00001107, '', 'Y', 1, 'Y', 'Y', 'Y', 'Y', 0000584, 0000001892),
(00001108, '', 'Y', 2, 'Y', 'Y', 'Y', 'Y', 0000584, 0000001893),
(00001111, '', 'Y', 1, 'Y', 'Y', 'Y', 'Y', 0000586, 0000001899),
(00001112, '', 'Y', 2, 'Y', 'Y', 'Y', 'Y', 0000586, 0000001900),
(00001113, '', 'Y', 1, 'Y', 'Y', 'Y', 'Y', 0000587, 0000001902),
(00001114, '', 'Y', 2, 'Y', 'Y', 'Y', 'Y', 0000587, 0000001903),
(00001115, NULL, 'Y', 1, 'Y', 'Y', 'Y', 'Y', 0000588, 0000001906),
(00001116, '', 'Y', 2, 'Y', 'Y', 'Y', 'Y', 0000588, 0000001907),
(00001119, '', 'Y', 1, 'Y', 'Y', 'Y', 'Y', 0000590, 0000001912),
(00001120, '', 'Y', 1, 'Y', 'Y', 'Y', 'Y', 0000591, 0000001916),
(00001121, '', 'Y', 2, 'Y', 'Y', 'Y', 'Y', 0000591, 0000001917),
(00001122, '', 'Y', 1, 'Y', 'Y', 'Y', 'Y', 0000592, 0000001919),
(00001123, '', 'Y', 2, 'Y', 'Y', 'Y', 'Y', 0000592, 0000001920),
(00001124, '', 'Y', 1, 'Y', 'Y', 'Y', 'Y', 0000593, 0000001922),
(00001125, '', 'Y', 2, 'Y', 'Y', 'Y', 'Y', 0000593, 0000001923),
(00001126, '', 'Y', 1, 'Y', 'Y', 'Y', 'Y', 0000594, 0000001926),
(00001127, '', 'Y', 2, 'Y', 'Y', 'Y', 'Y', 0000594, 0000001927),
(00001128, '', 'Y', 1, 'Y', 'Y', 'Y', 'Y', 0000595, 0000001929),
(00001129, '', 'Y', 2, 'Y', 'Y', 'Y', 'Y', 0000595, 0000001930),
(00001130, '', 'Y', 1, 'Y', 'Y', 'Y', 'Y', 0000596, 0000001932),
(00001131, '', 'Y', 2, 'Y', 'Y', 'Y', 'Y', 0000596, 0000001933),
(00001134, '', 'Y', 1, 'Y', 'Y', 'Y', 'Y', 0000598, 0000001938),
(00001135, '', 'Y', 2, 'Y', 'Y', 'Y', 'Y', 0000598, 0000001939),
(00001140, '', 'Y', 1, 'Y', 'Y', 'Y', 'Y', 0000601, 0000001947),
(00001141, '', 'Y', 2, 'Y', 'Y', 'Y', 'Y', 0000601, 0000001948),
(00001146, '', 'Y', 1, 'Y', 'Y', 'Y', 'Y', 0000604, 0000001956),
(00001147, '', 'Y', 2, 'Y', 'Y', 'Y', 'Y', 0000604, 0000001957),
(00001151, '', 'Y', 1, 'Y', 'Y', 'Y', 'Y', 0000607, 0000001965),
(00001152, '', 'Y', 2, 'Y', 'Y', 'Y', 'Y', 0000607, 0000001966),
(00001155, '', 'Y', 1, 'Y', 'Y', 'Y', 'Y', 0000609, 0000001971),
(00001156, '', 'Y', 2, 'Y', 'Y', 'Y', 'Y', 0000609, 0000001972),
(00001157, '', 'Y', 1, 'Y', 'Y', 'Y', 'Y', 0000610, 0000001975),
(00001158, '', 'Y', 2, 'Y', 'Y', 'Y', 'Y', 0000610, 0000001976),
(00001161, '', 'Y', 1, 'Y', 'Y', 'Y', 'Y', 0000612, 0000001981),
(00001162, '', 'Y', 2, 'Y', 'Y', 'Y', 'Y', 0000612, 0000001982),
(00001163, '', 'Y', 1, 'Y', 'Y', 'Y', 'Y', 0000613, 0000001984),
(00001164, '', 'Y', 2, 'Y', 'Y', 'Y', 'Y', 0000613, 0000001985),
(00001165, '', 'Y', 1, 'Y', 'Y', 'Y', 'Y', 0000614, 0000001987),
(00001166, '', 'Y', 2, 'Y', 'Y', 'Y', 'Y', 0000614, 0000001988),
(00001167, '', 'Y', 1, 'Y', 'Y', 'Y', 'Y', 0000615, 0000001990),
(00001168, '', 'Y', 2, 'Y', 'Y', 'Y', 'Y', 0000615, 0000001991),
(00001169, '', 'Y', 1, 'Y', 'Y', 'Y', 'Y', 0000616, 0000001993),
(00001170, '', 'Y', 2, 'Y', 'Y', 'Y', 'Y', 0000616, 0000001994),
(00001172, '', 'Y', 2, 'Y', 'Y', 'Y', 'Y', 0000617, 0000001997),
(00001174, '', 'Y', 1, 'Y', 'Y', 'Y', 'Y', 0000619, 0000002001),
(00001175, '', 'Y', 2, 'Y', 'Y', 'Y', 'Y', 0000619, 0000002002),
(00001178, '', 'Y', 1, 'Y', 'Y', 'Y', 'Y', 0000621, 0000002007),
(00001179, '', 'Y', 2, 'Y', 'Y', 'Y', 'Y', 0000621, 0000002008),
(00001180, '', 'Y', 1, 'Y', 'Y', 'Y', 'Y', 0000622, 0000002010),
(00001181, '', 'Y', 2, 'Y', 'Y', 'Y', 'Y', 0000622, 0000002011),
(00001182, '', 'Y', 1, 'Y', 'Y', 'Y', 'Y', 0000623, 0000002013),
(00001183, '', 'Y', 2, 'Y', 'Y', 'Y', 'Y', 0000623, 0000002014),
(00001186, '', 'Y', 1, 'Y', 'Y', 'Y', 'Y', 0000625, 0000002020),
(00001187, '', 'Y', 2, 'Y', 'Y', 'Y', 'Y', 0000625, 0000002021),
(00001188, '', 'Y', 1, 'Y', 'Y', 'Y', 'Y', 0000626, 0000002023),
(00001189, '', 'Y', 2, 'Y', 'Y', 'Y', 'Y', 0000626, 0000002024),
(00001190, '', 'Y', 1, 'Y', 'Y', 'Y', 'Y', 0000627, 0000002030),
(00001192, '', 'Y', 2, 'Y', 'Y', 'Y', 'Y', 0000627, 0000002032),
(00001193, '', 'Y', 1, 'Y', 'Y', 'Y', 'Y', 0000628, 0000002034),
(00001194, '', 'Y', 1, 'Y', 'Y', 'Y', 'Y', 0000629, 0000002036),
(00001195, '', 'Y', 1, 'Y', 'Y', 'Y', 'Y', 0000630, 0000002038),
(00001196, '', 'Y', 2, 'Y', 'Y', 'Y', 'Y', 0000630, 0000002039),
(00001197, '', 'Y', 1, 'Y', 'Y', 'Y', 'Y', 0000631, 0000002041),
(00001198, '', 'Y', 3, 'Y', 'Y', 'Y', 'Y', 0000631, 0000002042),
(00001209, '', 'Y', 2, 'Y', 'Y', 'Y', 'Y', 0000637, 0000002061),
(00001210, '', 'Y', 1, 'Y', 'Y', 'Y', 'Y', 0000637, 0000002062),
(00001211, '', 'Y', 1, 'Y', 'Y', 'Y', 'Y', 0000638, 0000002064),
(00001212, '', 'Y', 2, 'Y', 'Y', 'Y', 'Y', 0000638, 0000002065),
(00001213, '', 'Y', 1, 'Y', 'Y', 'Y', 'Y', 0000639, 0000002067),
(00001214, '', 'Y', 3, 'Y', 'Y', 'Y', 'Y', 0000639, 0000002068),
(00001219, '', 'Y', 2, 'Y', 'Y', 'Y', 'Y', 0000642, 0000002077),
(00001220, '', 'Y', 1, 'Y', 'Y', 'Y', 'Y', 0000642, 0000002078),
(00001221, '', 'Y', 2, 'Y', 'Y', 'Y', 'Y', 0000643, 0000002080),
(00001222, '', 'Y', 1, 'Y', 'Y', 'Y', 'Y', 0000644, 0000002082),
(00001223, '', 'Y', 2, 'Y', 'Y', 'Y', 'Y', 0000644, 0000002083),
(00001224, '', 'Y', 1, 'Y', 'Y', 'Y', 'Y', 0000645, 0000002085),
(00001225, '', 'Y', 2, 'Y', 'Y', 'Y', 'Y', 0000645, 0000002086),
(00001226, '', 'Y', 1, 'Y', 'Y', 'Y', 'Y', 0000646, 0000002088),
(00001227, '', 'Y', 2, 'Y', 'Y', 'Y', 'Y', 0000646, 0000002089),
(00001228, '', 'Y', 1, 'Y', 'Y', 'Y', 'Y', 0000647, 0000002091),
(00001229, '', 'Y', 2, 'Y', 'Y', 'Y', 'Y', 0000647, 0000002092),
(00001230, '', 'Y', 1, 'Y', 'Y', 'Y', 'Y', 0000648, 0000002094),
(00001231, '', 'Y', 1, 'Y', 'Y', 'Y', 'Y', 0000556, 0000002095),
(00001232, '', 'Y', 1, 'Y', 'Y', 'Y', 'Y', 0000649, 0000002098),
(00001233, '', 'Y', 2, 'Y', 'Y', 'Y', 'Y', 0000649, 0000002099),
(00001234, '', 'Y', 1, 'Y', 'Y', 'Y', 'Y', 0000650, 0000002101),
(00001235, '', 'Y', 2, 'Y', 'Y', 'Y', 'Y', 0000650, 0000002102),
(00001238, '', 'Y', 1, 'Y', 'Y', 'Y', 'Y', 0000651, 0000002104),
(00001239, '', 'Y', 3, 'Y', 'Y', 'Y', 'Y', 0000651, 0000002105),
(00001240, '', 'Y', 1, 'Y', 'Y', 'Y', 'Y', 0000652, 0000002107),
(00001241, '', 'Y', 2, 'Y', 'Y', 'Y', 'Y', 0000652, 0000002108),
(00001244, '', 'Y', 1, 'Y', 'Y', 'Y', 'Y', 0000617, 0000001089),
(00001245, '', 'Y', 1, 'Y', 'Y', 'Y', 'Y', 0000654, 0000002114),
(00001246, '', 'Y', 2, 'Y', 'Y', 'Y', 'Y', 0000654, 0000002115),
(00001247, '', 'Y', 1, 'Y', 'Y', 'Y', 'Y', 0000655, 0000002117),
(00001248, '', 'Y', 2, 'Y', 'Y', 'Y', 'Y', 0000655, 0000002118),
(00001251, '', 'Y', 1, 'Y', 'Y', 'Y', 'Y', 0000657, 0000002121),
(00001252, '', 'Y', 2, 'Y', 'Y', 'Y', 'Y', 0000657, 0000002122),
(00001253, '', 'Y', 1, 'Y', 'Y', 'Y', 'Y', 0000658, 0000002124),
(00001254, '', 'Y', 2, 'Y', 'Y', 'Y', 'Y', 0000658, 0000002125),
(00001257, '', 'Y', 1, 'Y', 'Y', 'Y', 'Y', 0000660, 0000002130),
(00001258, '', 'Y', 2, 'Y', 'Y', 'Y', 'Y', 0000660, 0000002131),
(00001259, '', 'Y', 1, 'Y', 'Y', 'Y', 'Y', 0000661, 0000002136),
(00001260, '', 'Y', 2, 'Y', 'Y', 'Y', 'Y', 0000661, 0000002137),
(00001261, '', 'Y', 1, 'Y', 'Y', 'Y', 'Y', 0000662, 0000002139),
(00001262, '', 'Y', 2, 'Y', 'Y', 'Y', 'Y', 0000662, 0000002140),
(00001263, '', 'Y', 1, 'Y', 'Y', 'Y', 'Y', 0000663, 0000002142),
(00001264, '', 'Y', 2, 'Y', 'Y', 'Y', 'Y', 0000663, 0000002143),
(00001265, '', 'Y', 1, 'Y', 'Y', 'Y', 'Y', 0000664, 0000002146),
(00001266, '', 'Y', 2, 'Y', 'Y', 'Y', 'Y', 0000664, 0000002147),
(00001270, '', 'Y', 1, 'Y', 'Y', 'Y', 'Y', 0000669, 0000002157),
(00001271, '', 'Y', 2, 'Y', 'Y', 'Y', 'Y', 0000669, 0000002158),
(00001272, '', 'Y', 1, 'Y', 'Y', 'Y', 'Y', 0000670, 0000002161),
(00001273, '', 'Y', 2, 'Y', 'Y', 'Y', 'Y', 0000670, 0000002162),
(00001274, '', 'Y', 1, 'Y', 'Y', 'Y', 'Y', 0000671, 0000002164),
(00001275, '', 'Y', 2, 'Y', 'Y', 'Y', 'Y', 0000671, 0000002165),
(00001276, '', 'Y', 1, 'Y', 'Y', 'Y', 'Y', 0000672, 0000002167),
(00001277, '', 'Y', 2, 'Y', 'Y', 'Y', 'Y', 0000672, 0000002168),
(00001278, '', 'Y', 1, 'Y', 'Y', 'Y', 'Y', 0000673, 0000002170),
(00001279, '', 'Y', 2, 'Y', 'Y', 'Y', 'Y', 0000673, 0000002171),
(00001280, '', 'Y', 1, 'Y', 'Y', 'Y', 'Y', 0000674, 0000002173),
(00001281, '', 'Y', 2, 'Y', 'Y', 'Y', 'Y', 0000674, 0000002174),
(00001282, '', 'Y', 1, 'Y', 'Y', 'Y', 'Y', 0000675, 0000002176),
(00001283, '', 'Y', 2, 'Y', 'Y', 'Y', 'Y', 0000675, 0000002177),
(00001284, '', 'Y', 1, 'Y', 'Y', 'Y', 'Y', 0000676, 0000002179),
(00001285, '', 'Y', 2, 'Y', 'Y', 'Y', 'Y', 0000676, 0000002180),
(00001288, '', 'Y', 1, 'Y', 'Y', 'Y', 'Y', 0000678, 0000002185),
(00001289, '', 'Y', 2, 'Y', 'Y', 'Y', 'Y', 0000678, 0000002186),
(00001290, '', 'Y', 1, 'Y', 'Y', 'Y', 'Y', 0000679, 0000002188),
(00001291, '', 'Y', 2, 'Y', 'Y', 'Y', 'Y', 0000679, 0000002189),
(00001292, '', 'Y', 1, 'Y', 'Y', 'Y', 'Y', 0000680, 0000002191),
(00001293, '', 'Y', 2, 'Y', 'Y', 'Y', 'Y', 0000680, 0000002192),
(00001294, '', 'Y', 1, 'Y', 'Y', 'Y', 'Y', 0000681, 0000002195),
(00001295, '', 'Y', 2, 'Y', 'Y', 'Y', 'Y', 0000681, 0000002196),
(00001298, '', 'Y', 1, 'Y', 'Y', 'Y', 'Y', 0000683, 0000002201),
(00001299, '', 'Y', 2, 'Y', 'Y', 'Y', 'Y', 0000683, 0000002202),
(00001300, '', 'Y', 1, 'Y', 'Y', 'Y', 'Y', 0000684, 0000002204),
(00001301, '', 'Y', 2, 'Y', 'Y', 'Y', 'Y', 0000684, 0000002205),
(00001302, '', 'Y', 1, 'Y', 'Y', 'Y', 'Y', 0000685, 0000002207),
(00001303, '', 'Y', 2, 'Y', 'Y', 'Y', 'Y', 0000685, 0000002208),
(00001306, '', 'Y', 1, 'Y', 'Y', 'Y', 'Y', 0000687, 0000002213),
(00001307, '', 'Y', 2, 'Y', 'Y', 'Y', 'Y', 0000687, 0000002214),
(00001308, '', 'Y', 1, 'Y', 'Y', 'Y', 'Y', 0000688, 0000002217),
(00001309, '', 'Y', 2, 'Y', 'Y', 'Y', 'Y', 0000688, 0000002218),
(00001314, '', 'Y', 1, 'Y', 'Y', 'Y', 'Y', 0000691, 0000002226),
(00001315, '', 'Y', 2, 'Y', 'Y', 'Y', 'Y', 0000691, 0000002227),
(00001318, '', 'Y', 1, 'Y', 'Y', 'Y', 'Y', 0000693, 0000002234),
(00001319, '', 'Y', 2, 'Y', 'Y', 'Y', 'Y', 0000693, 0000002235),
(00001320, '', 'Y', 1, 'Y', 'Y', 'Y', 'Y', 0000694, 0000002237),
(00001321, '', 'Y', 2, 'Y', 'Y', 'Y', 'Y', 0000694, 0000002238),
(00001328, '', 'Y', 1, 'Y', 'Y', 'Y', 'Y', 0000698, 0000002251),
(00001329, '', 'Y', 2, 'Y', 'Y', 'Y', 'Y', 0000698, 0000002252),
(00001330, '', 'Y', 1, 'Y', 'Y', 'Y', 'Y', 0000699, 0000002254),
(00001331, '', 'Y', 2, 'Y', 'Y', 'Y', 'Y', 0000699, 0000002255),
(00001336, '', 'Y', 1, 'Y', 'Y', 'Y', 'Y', 0000702, 0000002263),
(00001337, '', 'Y', 2, 'Y', 'Y', 'Y', 'Y', 0000702, 0000002264),
(00001340, '', 'Y', 1, 'Y', 'Y', 'Y', 'Y', 0000704, 0000002269),
(00001341, '', 'Y', 2, 'Y', 'Y', 'Y', 'Y', 0000704, 0000002270),
(00001342, '', 'Y', 1, 'Y', 'Y', 'Y', 'Y', 0000705, 0000002272),
(00001343, '', 'Y', 2, 'Y', 'Y', 'Y', 'Y', 0000705, 0000002273),
(00001344, '', 'Y', 1, 'Y', 'Y', 'Y', 'Y', 0000706, 0000002275),
(00001345, '', 'Y', 2, 'Y', 'Y', 'Y', 'Y', 0000706, 0000002276),
(00001346, '', 'Y', 1, 'Y', 'Y', 'Y', 'Y', 0000707, 0000002278),
(00001347, '', 'Y', 2, 'Y', 'Y', 'Y', 'Y', 0000707, 0000002279),
(00001349, '', 'Y', 1, 'Y', 'Y', 'Y', 'Y', 0000708, 0000002281),
(00001350, '', 'Y', 2, 'Y', 'Y', 'Y', 'Y', 0000708, 0000002282),
(00001351, '', 'Y', 1, 'Y', 'Y', 'Y', 'Y', 0000709, 0000002284),
(00001352, '', 'Y', 2, 'Y', 'Y', 'Y', 'Y', 0000709, 0000002285),
(00001353, '', 'Y', 1, 'Y', 'Y', 'Y', 'Y', 0000710, 0000002287),
(00001354, '', 'Y', 2, 'Y', 'Y', 'Y', 'Y', 0000710, 0000002288),
(00001355, '', 'Y', 1, 'Y', 'Y', 'Y', 'Y', 0000711, 0000002294),
(00001356, '', 'Y', 2, 'Y', 'Y', 'Y', 'Y', 0000711, 0000002295),
(00001357, '', 'Y', 1, 'Y', 'Y', 'Y', 'Y', 0000712, 0000002297),
(00001358, '', 'Y', 2, 'Y', 'Y', 'Y', 'Y', 0000712, 0000002298),
(00001359, '', 'Y', 1, 'Y', 'Y', 'Y', 'Y', 0000713, 0000002300),
(00001360, '', 'Y', 2, 'Y', 'Y', 'Y', 'Y', 0000713, 0000002301),
(00001361, '', 'Y', 1, 'Y', 'Y', 'Y', 'Y', 0000714, 0000002303),
(00001362, '', 'Y', 2, 'Y', 'Y', 'Y', 'Y', 0000714, 0000002304),
(00001363, '', 'Y', 1, 'Y', 'Y', 'Y', 'Y', 0000715, 0000002307),
(00001364, '', 'Y', 2, 'Y', 'Y', 'Y', 'Y', 0000715, 0000002308),
(00001365, '', 'Y', 1, 'Y', 'Y', 'Y', 'Y', 0000716, 0000002310),
(00001366, '', 'Y', 2, 'Y', 'Y', 'Y', 'Y', 0000716, 0000002311),
(00001371, '', 'Y', 1, 'Y', 'Y', 'Y', 'Y', 0000718, 0000002317),
(00001372, '', 'Y', 2, 'Y', 'Y', 'Y', 'Y', 0000718, 0000002318),
(00001373, '', 'Y', 1, 'Y', 'Y', 'Y', 'Y', 0000719, 0000002320),
(00001374, '', 'Y', 2, 'Y', 'Y', 'Y', 'Y', 0000719, 0000002321),
(00001375, '', 'Y', 1, 'Y', 'Y', 'Y', 'Y', 0000720, 0000002324),
(00001376, '', 'Y', 2, 'Y', 'Y', 'Y', 'Y', 0000720, 0000002325),
(00001377, '', 'Y', 1, 'Y', 'Y', 'Y', 'Y', 0000721, 0000002328),
(00001378, '', 'Y', 2, 'Y', 'Y', 'Y', 'Y', 0000721, 0000002329),
(00001379, '', 'Y', 1, 'Y', 'Y', 'Y', 'Y', 0000722, 0000002331),
(00001380, '', 'Y', 2, 'Y', 'Y', 'Y', 'Y', 0000722, 0000002332),
(00001382, '', 'Y', 2, 'Y', 'Y', 'Y', 'Y', 0000723, 0000002336),
(00001385, '', 'Y', 1, 'Y', 'Y', 'Y', 'Y', 0000725, 0000002341),
(00001386, '', 'Y', 2, 'Y', 'Y', 'Y', 'Y', 0000725, 0000002342),
(00001392, '', 'Y', 1, 'Y', 'Y', 'Y', 'Y', 0000728, 0000002358),
(00001393, '', 'Y', 2, 'Y', 'Y', 'Y', 'Y', 0000728, 0000002359),
(00001394, '', 'Y', 1, 'Y', 'Y', 'Y', 'Y', 0000729, 0000002361),
(00001395, '', 'Y', 2, 'Y', 'Y', 'Y', 'Y', 0000729, 0000002362),
(00001396, '', 'Y', 1, 'Y', 'Y', 'Y', 'Y', 0000730, 0000002365),
(00001397, '', 'Y', 2, 'Y', 'Y', 'Y', 'Y', 0000730, 0000002366),
(00001400, '', 'Y', 1, 'Y', 'Y', 'Y', 'Y', 0000732, 0000002372),
(00001401, '', 'Y', 2, 'Y', 'Y', 'Y', 'Y', 0000732, 0000002373),
(00001402, '', 'Y', 1, 'Y', 'Y', 'Y', 'Y', 0000733, 0000002375),
(00001403, '', 'Y', 2, 'Y', 'Y', 'Y', 'Y', 0000733, 0000002376),
(00001404, '', 'Y', 1, 'Y', 'Y', 'Y', 'Y', 0000734, 0000002381),
(00001405, '', 'Y', 2, 'Y', 'Y', 'Y', 'Y', 0000734, 0000002382),
(00001406, '', 'Y', 1, 'Y', 'Y', 'Y', 'Y', 0000735, 0000002384),
(00001407, '', 'Y', 2, 'Y', 'Y', 'Y', 'Y', 0000735, 0000002385),
(00001408, '', 'Y', 1, 'Y', 'Y', 'Y', 'Y', 0000736, 0000002387),
(00001409, '', 'Y', 2, 'Y', 'Y', 'Y', 'Y', 0000736, 0000002388),
(00001410, '', 'Y', 1, 'Y', 'Y', 'Y', 'Y', 0000737, 0000002390),
(00001411, '', 'Y', 2, 'Y', 'Y', 'Y', 'Y', 0000737, 0000002391),
(00001412, '', 'Y', 1, 'Y', 'Y', 'Y', 'Y', 0000738, 0000002393),
(00001413, '', 'Y', 2, 'Y', 'Y', 'Y', 'Y', 0000738, 0000002394),
(00001414, '', 'Y', 1, 'Y', 'Y', 'Y', 'Y', 0000739, 0000002396),
(00001415, '', 'Y', 2, 'Y', 'Y', 'Y', 'Y', 0000739, 0000002397),
(00001416, '', 'Y', 1, 'Y', 'Y', 'Y', 'Y', 0000740, 0000002399),
(00001417, '', 'Y', 2, 'Y', 'Y', 'Y', 'Y', 0000740, 0000002400),
(00001418, '', 'Y', 1, 'Y', 'Y', 'Y', 'Y', 0000741, 0000002402),
(00001419, '', 'Y', 2, 'Y', 'Y', 'Y', 'Y', 0000741, 0000002403),
(00001420, '', 'Y', 1, 'Y', 'Y', 'Y', 'Y', 0000742, 0000002405),
(00001421, '', 'Y', 2, 'Y', 'Y', 'Y', 'Y', 0000742, 0000002406),
(00001422, '', 'Y', 1, 'Y', 'Y', 'Y', 'Y', 0000743, 0000002408),
(00001423, '', 'Y', 3, 'Y', 'Y', 'Y', 'Y', 0000734, 0000002409),
(00001424, '', 'Y', 1, 'Y', 'Y', 'Y', 'Y', 0000744, 0000002412),
(00001425, '', 'Y', 2, 'Y', 'Y', 'Y', 'Y', 0000744, 0000002413),
(00001433, '', 'Y', 1, 'Y', 'Y', 'Y', 'Y', 0000747, 0000002422),
(00001434, '', 'Y', 2, 'Y', 'Y', 'Y', 'Y', 0000747, 0000002423),
(00001435, '', 'Y', 1, 'Y', 'Y', 'Y', 'Y', 0000748, 0000000119),
(00001436, '', 'Y', 2, 'Y', 'Y', 'Y', 'Y', 0000748, 0000002428),
(00001437, '', 'Y', 1, 'Y', 'Y', 'Y', 'Y', 0000643, 0000002429),
(00001444, '', 'Y', 1, 'Y', 'Y', 'Y', 'Y', 0000749, 0000002431),
(00001445, '', 'Y', 2, 'Y', 'Y', 'Y', 'Y', 0000749, 0000002432),
(00001446, '', 'Y', 1, 'Y', 'Y', 'Y', 'Y', 0000750, 0000002434),
(00001447, '', 'Y', 2, 'Y', 'Y', 'Y', 'Y', 0000750, 0000002435),
(00001449, '', 'Y', 1, 'Y', 'Y', 'Y', 'Y', 0000751, 0000002437),
(00001450, '', 'Y', 2, 'Y', 'Y', 'Y', 'Y', 0000751, 0000002438),
(00001451, '', 'Y', 1, 'Y', 'Y', 'Y', 'Y', 0000752, 0000002442),
(00001452, '', 'Y', 2, 'Y', 'Y', 'Y', 'Y', 0000752, 0000002443),
(00001453, '', 'Y', 1, 'Y', 'Y', 'Y', 'Y', 0000753, 0000002445),
(00001454, '', 'Y', 2, 'Y', 'Y', 'Y', 'Y', 0000753, 0000002446),
(00001455, '', 'Y', 1, 'Y', 'Y', 'Y', 'Y', 0000754, 0000002448),
(00001456, '', 'Y', 2, 'Y', 'Y', 'Y', 'Y', 0000754, 0000002449),
(00001457, '', 'Y', 1, 'Y', 'Y', 'Y', 'Y', 0000755, 0000002451),
(00001458, '', 'Y', 2, 'Y', 'Y', 'Y', 'Y', 0000755, 0000002452),
(00001459, '', 'Y', 1, 'Y', 'Y', 'Y', 'Y', 0000756, 0000002454),
(00001460, '', 'Y', 2, 'Y', 'Y', 'Y', 'Y', 0000756, 0000002455),
(00001461, '', 'Y', 1, 'Y', 'Y', 'Y', 'Y', 0000757, 0000002457),
(00001462, '', 'Y', 2, 'Y', 'Y', 'Y', 'Y', 0000757, 0000002458),
(00001465, '', 'Y', 1, 'Y', 'Y', 'Y', 'Y', 0000759, 0000002464),
(00001466, '', 'Y', 2, 'Y', 'Y', 'Y', 'Y', 0000759, 0000002465),
(00001467, '', 'Y', 1, 'Y', 'Y', 'Y', 'Y', 0000760, 0000002467),
(00001468, '', 'Y', 2, 'Y', 'Y', 'Y', 'Y', 0000760, 0000002468),
(00001469, '', 'Y', 1, 'Y', 'Y', 'Y', 'Y', 0000761, 0000002470),
(00001470, '', 'Y', 2, 'Y', 'Y', 'Y', 'Y', 0000761, 0000002471),
(00001471, '', 'Y', 1, 'Y', 'Y', 'Y', 'Y', 0000762, 0000002474),
(00001472, '', 'Y', 2, 'Y', 'Y', 'Y', 'Y', 0000762, 0000002475),
(00001473, '', 'Y', 1, 'Y', 'Y', 'Y', 'Y', 0000763, 0000002477),
(00001474, '', 'Y', 2, 'Y', 'Y', 'Y', 'Y', 0000763, 0000002478),
(00001475, '', 'Y', 1, 'Y', 'Y', 'Y', 'Y', 0000764, 0000002480),
(00001476, '', 'Y', 2, 'Y', 'Y', 'Y', 'Y', 0000764, 0000002481),
(00001477, '', 'Y', 1, 'Y', 'Y', 'Y', 'Y', 0000765, 0000002483),
(00001478, '', 'Y', 2, 'Y', 'Y', 'Y', 'Y', 0000765, 0000002484),
(00001481, '', 'Y', 1, 'Y', 'Y', 'Y', 'Y', 0000767, 0000002489),
(00001482, '', 'Y', 1, 'Y', 'Y', 'Y', 'Y', 0000768, 0000002492),
(00001483, '', 'Y', 2, 'Y', 'Y', 'Y', 'Y', 0000768, 0000002493),
(00001485, '', 'Y', 1, 'Y', 'Y', 'Y', 'Y', 0000769, 0000002496),
(00001486, '', 'Y', 2, 'Y', 'Y', 'Y', 'Y', 0000769, 0000002497),
(00001487, '', 'Y', 2, 'Y', 'Y', 'Y', 'Y', 0000770, 0000002499),
(00001488, '', 'Y', 1, 'Y', 'Y', 'Y', 'Y', 0000770, 0000002500),
(00001489, '', 'Y', 1, 'Y', 'Y', 'Y', 'Y', 0000771, 0000002502),
(00001490, '', 'Y', 2, 'Y', 'Y', 'Y', 'Y', 0000771, 0000002503),
(00001491, '', 'Y', 1, 'Y', 'Y', 'Y', 'Y', 0000772, 0000002506),
(00001492, '', 'Y', 2, 'Y', 'Y', 'Y', 'Y', 0000772, 0000002507),
(00001493, '', 'Y', 1, 'Y', 'Y', 'Y', 'Y', 0000773, 0000002509),
(00001494, '', 'Y', 2, 'Y', 'Y', 'Y', 'Y', 0000773, 0000002510),
(00001495, '', 'Y', 1, 'Y', 'Y', 'Y', 'Y', 0000774, 0000002512),
(00001496, '', 'Y', 2, 'Y', 'Y', 'Y', 'Y', 0000774, 0000002513),
(00001497, '', 'Y', 1, 'Y', 'Y', 'Y', 'Y', 0000775, 0000002515),
(00001498, '', 'Y', 2, 'Y', 'Y', 'Y', 'Y', 0000775, 0000002516),
(00001499, '', 'Y', 1, 'Y', 'Y', 'Y', 'Y', 0000776, 0000002518),
(00001500, '', 'Y', 2, 'Y', 'Y', 'Y', 'Y', 0000776, 0000002519),
(00001501, '', 'Y', 1, 'Y', 'Y', 'Y', 'Y', 0000777, 0000002521),
(00001502, '', 'Y', 2, 'Y', 'Y', 'Y', 'Y', 0000777, 0000002522),
(00001503, '', 'Y', 1, 'Y', 'Y', 'Y', 'Y', 0000778, 0000002524),
(00001504, '', 'Y', 2, 'Y', 'Y', 'Y', 'Y', 0000778, 0000002525),
(00001505, '', 'Y', 1, 'Y', 'Y', 'Y', 'Y', 0000779, 0000002527),
(00001506, '', 'Y', 2, 'Y', 'Y', 'Y', 'Y', 0000779, 0000002528),
(00001507, '', 'Y', 1, 'Y', 'Y', 'Y', 'Y', 0000780, 0000002530),
(00001508, '', 'Y', 2, 'Y', 'Y', 'Y', 'Y', 0000780, 0000002531),
(00001510, '', 'Y', 1, 'Y', 'Y', 'Y', 'Y', 0000781, 0000002533),
(00001511, '', 'Y', 2, 'Y', 'Y', 'Y', 'Y', 0000781, 0000002534),
(00001512, '', 'Y', 1, 'Y', 'Y', 'Y', 'Y', 0000782, 0000002536),
(00001514, '', 'Y', 2, 'Y', 'Y', 'Y', 'Y', 0000783, 0000002539),
(00001515, '', 'Y', 1, 'Y', 'Y', 'Y', 'Y', 0000784, 0000002542),
(00001516, '', 'Y', 2, 'Y', 'Y', 'Y', 'Y', 0000784, 0000002543),
(00001517, '', 'Y', 1, 'Y', 'Y', 'Y', 'Y', 0000785, 0000002546),
(00001518, '', 'Y', 2, 'Y', 'Y', 'Y', 'Y', 0000785, 0000002547),
(00001519, '', 'Y', 1, 'Y', 'Y', 'Y', 'Y', 0000786, 0000002549),
(00001520, '', 'Y', 2, 'Y', 'Y', 'Y', 'Y', 0000786, 0000002550),
(00001521, '', 'Y', 1, 'Y', 'Y', 'Y', 'Y', 0000787, 0000002556),
(00001522, '', 'Y', 2, 'Y', 'Y', 'Y', 'Y', 0000787, 0000002557),
(00001525, '', 'Y', 1, 'Y', 'Y', 'Y', 'Y', 0000789, 0000002564),
(00001526, '', 'Y', 2, 'Y', 'Y', 'Y', 'Y', 0000789, 0000002565),
(00001527, '', 'Y', 1, 'Y', 'Y', 'Y', 'Y', 0000790, 0000002568),
(00001528, '', 'Y', 2, 'Y', 'Y', 'Y', 'Y', 0000790, 0000002569),
(00001529, '', 'Y', 1, 'Y', 'Y', 'Y', 'Y', 0000791, 0000002571),
(00001530, '', 'Y', 2, 'Y', 'Y', 'Y', 'Y', 0000791, 0000002572),
(00001531, '', 'Y', 1, 'Y', 'Y', 'Y', 'Y', 0000792, 0000002574),
(00001532, '', 'Y', 2, 'Y', 'Y', 'Y', 'Y', 0000792, 0000002575),
(00001533, '', 'Y', 1, 'Y', 'Y', 'Y', 'Y', 0000793, 0000002578),
(00001534, '', 'Y', 2, 'Y', 'Y', 'Y', 'Y', 0000793, 0000002579),
(00001535, '', 'Y', 1, 'Y', 'Y', 'Y', 'Y', 0000794, 0000002581),
(00001536, '', 'Y', 2, 'Y', 'Y', 'Y', 'Y', 0000794, 0000002582),
(00001537, '', 'Y', 1, 'Y', 'Y', 'Y', 'Y', 0000795, 0000002584),
(00001538, '', 'Y', 2, 'Y', 'Y', 'Y', 'Y', 0000795, 0000002585),
(00001539, '', 'Y', 1, 'Y', 'Y', 'Y', 'Y', 0000796, 0000002587),
(00001540, '', 'Y', 2, 'Y', 'Y', 'Y', 'Y', 0000796, 0000002588),
(00001541, '', 'Y', 1, 'Y', 'Y', 'Y', 'Y', 0000797, 0000002590),
(00001542, '', 'Y', 2, 'Y', 'Y', 'Y', 'Y', 0000797, 0000002591),
(00001543, '', 'Y', 1, 'Y', 'Y', 'Y', 'Y', 0000798, 0000002593),
(00001544, '', 'Y', 2, 'Y', 'Y', 'Y', 'Y', 0000798, 0000002594),
(00001545, '', 'Y', 1, 'Y', 'Y', 'Y', 'Y', 0000799, 0000002596),
(00001546, '', 'Y', 2, 'Y', 'Y', 'Y', 'Y', 0000799, 0000002597),
(00001547, '', 'Y', 1, 'Y', 'Y', 'Y', 'Y', 0000800, 0000002599),
(00001548, '', 'Y', 2, 'Y', 'Y', 'Y', 'Y', 0000800, 0000002600),
(00001549, '', 'Y', 1, 'Y', 'Y', 'Y', 'Y', 0000801, 0000002602),
(00001550, '', 'Y', 2, 'Y', 'Y', 'Y', 'Y', 0000801, 0000002603),
(00001551, '', 'Y', 1, 'Y', 'Y', 'Y', 'Y', 0000802, 0000002605),
(00001552, '', 'Y', 2, 'Y', 'Y', 'Y', 'Y', 0000802, 0000002606),
(00001553, '', 'Y', 1, 'Y', 'Y', 'Y', 'Y', 0000803, 0000002608),
(00001554, '', 'Y', 2, 'Y', 'Y', 'Y', 'Y', 0000803, 0000002609),
(00001555, '', 'Y', 1, 'Y', 'Y', 'Y', 'Y', 0000804, 0000002612),
(00001556, '', 'Y', 2, 'Y', 'Y', 'Y', 'Y', 0000804, 0000002613),
(00001557, '', 'Y', 1, 'Y', 'Y', 'Y', 'Y', 0000805, 0000002616),
(00001558, '', 'Y', 2, 'Y', 'Y', 'Y', 'Y', 0000805, 0000002617),
(00001559, '', 'Y', 1, 'Y', 'Y', 'Y', 'Y', 0000806, 0000002619),
(00001560, '', 'Y', 2, 'Y', 'Y', 'Y', 'Y', 0000806, 0000002620),
(00001561, '', 'Y', 1, 'Y', 'Y', 'Y', 'Y', 0000807, 0000002622),
(00001562, '', 'Y', 2, 'Y', 'Y', 'Y', 'Y', 0000807, 0000002623),
(00001563, '', 'Y', 1, 'Y', 'Y', 'Y', 'Y', 0000808, 0000002625),
(00001564, '', 'Y', 2, 'Y', 'Y', 'Y', 'Y', 0000808, 0000002626),
(00001565, '', 'Y', 1, 'Y', 'Y', 'Y', 'Y', 0000809, 0000002628),
(00001566, '', 'Y', 2, 'Y', 'Y', 'Y', 'Y', 0000809, 0000002629),
(00001567, '', 'Y', 1, 'Y', 'Y', 'Y', 'Y', 0000810, 0000002631),
(00001568, '', 'Y', 2, 'Y', 'Y', 'Y', 'Y', 0000810, 0000002632),
(00001569, '', 'Y', 1, 'Y', 'Y', 'Y', 'Y', 0000811, 0000002634),
(00001570, '', 'Y', 2, 'Y', 'Y', 'Y', 'Y', 0000811, 0000002635),
(00001571, '', 'Y', 1, 'Y', 'Y', 'Y', 'Y', 0000812, 0000002637),
(00001572, '', 'Y', 2, 'Y', 'Y', 'Y', 'Y', 0000812, 0000002638),
(00001573, '', 'Y', 1, 'Y', 'Y', 'Y', 'Y', 0000813, 0000002640),
(00001574, '', 'Y', 2, 'Y', 'Y', 'Y', 'Y', 0000813, 0000002641),
(00001575, '', 'Y', 1, 'Y', 'Y', 'Y', 'Y', 0000814, 0000002643),
(00001576, '', 'Y', 2, 'Y', 'Y', 'Y', 'Y', 0000814, 0000002644),
(00001577, '', 'Y', 1, 'Y', 'Y', 'Y', 'Y', 0000815, 0000002646),
(00001578, '', 'Y', 2, 'Y', 'Y', 'Y', 'Y', 0000815, 0000002647),
(00001579, '', 'Y', 1, 'Y', 'Y', 'Y', 'Y', 0000816, 0000002649),
(00001580, '', 'Y', 2, 'Y', 'Y', 'Y', 'Y', 0000816, 0000002650),
(00001581, '', 'Y', 1, 'Y', 'Y', 'Y', 'Y', 0000817, 0000002653),
(00001582, '', 'Y', 1, 'Y', 'Y', 'Y', 'Y', 0000818, 0000002655),
(00001583, '', 'Y', 2, 'Y', 'Y', 'Y', 'Y', 0000818, 0000002656),
(00001584, '', 'Y', 1, 'Y', 'Y', 'Y', 'Y', 0000819, 0000002658),
(00001585, '', 'Y', 2, 'Y', 'Y', 'Y', 'Y', 0000819, 0000002659),
(00001586, '', 'Y', 1, 'Y', 'Y', 'Y', 'Y', 0000820, 0000002661),
(00001587, '', 'Y', 2, 'Y', 'Y', 'Y', 'Y', 0000820, 0000002662),
(00001588, '', 'Y', 1, 'Y', 'Y', 'Y', 'Y', 0000821, 0000002664),
(00001589, '', 'Y', 2, 'Y', 'Y', 'Y', 'Y', 0000821, 0000002665),
(00001590, '', 'Y', 1, 'Y', 'Y', 'Y', 'Y', 0000822, 0000002668),
(00001591, '', 'Y', 2, 'Y', 'Y', 'Y', 'Y', 0000822, 0000002669),
(00001592, '', 'Y', 1, 'Y', 'Y', 'Y', 'Y', 0000823, 0000002671),
(00001593, '', 'Y', 2, 'Y', 'Y', 'Y', 'Y', 0000823, 0000002672),
(00001594, '', 'Y', 1, 'Y', 'Y', 'Y', 'Y', 0000824, 0000002674),
(00001595, '', 'Y', 2, 'Y', 'Y', 'Y', 'Y', 0000824, 0000002675),
(00001596, '', 'Y', 1, 'Y', 'Y', 'Y', 'Y', 0000825, 0000002677),
(00001597, '', 'Y', 2, 'Y', 'Y', 'Y', 'Y', 0000825, 0000002678),
(00001598, '', 'Y', 1, 'Y', 'Y', 'Y', 'Y', 0000826, 0000002681),
(00001599, '', 'Y', 2, 'Y', 'Y', 'Y', 'Y', 0000826, 0000002682),
(00001600, '', 'Y', 1, 'Y', 'Y', 'Y', 'Y', 0000827, 0000002684),
(00001601, '', 'Y', 2, 'Y', 'Y', 'Y', 'Y', 0000827, 0000002685),
(00001602, '', 'Y', 1, 'Y', 'Y', 'Y', 'Y', 0000828, 0000002687),
(00001603, '', 'Y', 2, 'Y', 'Y', 'Y', 'Y', 0000828, 0000002688),
(00001604, '', 'Y', 1, 'Y', 'Y', 'Y', 'Y', 0000829, 0000002690),
(00001605, '', 'Y', 2, 'Y', 'Y', 'Y', 'Y', 0000829, 0000002691),
(00001606, '', 'Y', 1, 'Y', 'Y', 'Y', 'Y', 0000830, 0000002693),
(00001607, '', 'Y', 2, 'Y', 'Y', 'Y', 'Y', 0000830, 0000002694),
(00001608, '', 'Y', 1, 'Y', 'Y', 'Y', 'Y', 0000831, 0000002697),
(00001609, '', 'Y', 2, 'Y', 'Y', 'Y', 'Y', 0000831, 0000002698),
(00001612, '', 'Y', 1, 'Y', 'Y', 'Y', 'Y', 0000832, 0000002701),
(00001613, '', 'Y', 1, 'Y', 'Y', 'Y', 'Y', 0000833, 0000002703),
(00001614, '', 'Y', 2, 'Y', 'Y', 'Y', 'Y', 0000833, 0000002704),
(00001615, '', 'Y', 1, 'Y', 'Y', 'Y', 'Y', 0000834, 0000002706),
(00001616, '', 'Y', 2, 'Y', 'Y', 'Y', 'Y', 0000834, 0000002707),
(00001617, '', 'Y', 1, 'Y', 'Y', 'Y', 'Y', 0000835, 0000002709),
(00001618, '', 'Y', 2, 'Y', 'Y', 'Y', 'Y', 0000835, 0000002710),
(00001619, '', 'Y', 1, 'Y', 'Y', 'Y', 'Y', 0000836, 0000002712),
(00001620, '', 'Y', 2, 'Y', 'Y', 'Y', 'Y', 0000836, 0000002713),
(00001621, '', 'Y', 1, 'Y', 'Y', 'Y', 'Y', 0000837, 0000002716),
(00001622, '', 'Y', 2, 'Y', 'Y', 'Y', 'Y', 0000837, 0000002717),
(00001623, '', 'Y', 1, 'Y', 'Y', 'Y', 'Y', 0000838, 0000002720),
(00001624, '', 'Y', 2, 'Y', 'Y', 'Y', 'Y', 0000838, 0000002721),
(00001625, '', 'Y', 1, 'Y', 'Y', 'Y', 'Y', 0000839, 0000002724),
(00001626, '', 'Y', 2, 'Y', 'Y', 'Y', 'Y', 0000839, 0000002725),
(00001627, '', 'Y', 1, 'Y', 'Y', 'Y', 'Y', 0000840, 0000002727),
(00001628, '', 'Y', 2, 'Y', 'Y', 'Y', 'Y', 0000840, 0000002728),
(00001629, '', 'Y', 1, 'Y', 'Y', 'Y', 'Y', 0000841, 0000002730),
(00001630, '', 'Y', 2, 'Y', 'Y', 'Y', 'Y', 0000841, 0000002731),
(00001632, '', 'Y', 1, 'Y', 'Y', 'Y', 'Y', 0000842, 0000002738),
(00001633, '', 'Y', 2, 'Y', 'Y', 'Y', 'Y', 0000842, 0000002739),
(00001635, '', 'Y', 1, 'Y', 'Y', 'Y', 'Y', 0000843, 0000002741),
(00001636, '', 'Y', 2, 'Y', 'Y', 'Y', 'Y', 0000843, 0000002742),
(00001637, '', 'Y', 1, 'Y', 'Y', 'Y', 'Y', 0000844, 0000002744),
(00001638, '', 'Y', 2, 'Y', 'Y', 'Y', 'Y', 0000844, 0000002745),
(00001639, '', 'Y', 1, 'Y', 'Y', 'Y', 'Y', 0000845, 0000002747),
(00001640, '', 'Y', 2, 'Y', 'Y', 'Y', 'Y', 0000845, 0000002748),
(00001641, '', 'Y', 1, 'Y', 'Y', 'Y', 'Y', 0000846, 0000002750),
(00001642, '', 'Y', 2, 'Y', 'Y', 'Y', 'Y', 0000846, 0000002751),
(00001643, '', 'Y', 1, 'Y', 'Y', 'Y', 'Y', 0000847, 0000002753),
(00001644, '', 'Y', 1, 'Y', 'Y', 'Y', 'Y', 0000848, 0000002755),
(00001645, '', 'Y', 2, 'Y', 'Y', 'Y', 'Y', 0000848, 0000002756),
(00001646, '', 'Y', 1, 'Y', 'Y', 'Y', 'Y', 0000849, 0000002758),
(00001647, '', 'Y', 2, 'Y', 'Y', 'Y', 'Y', 0000849, 0000002759),
(00001648, '', 'Y', 1, 'Y', 'Y', 'Y', 'Y', 0000850, 0000002762),
(00001649, '', 'Y', 2, 'Y', 'Y', 'Y', 'Y', 0000850, 0000002763),
(00001650, '', 'Y', 1, 'Y', 'Y', 'Y', 'Y', 0000851, 0000002765),
(00001651, '', 'Y', 2, 'Y', 'Y', 'Y', 'Y', 0000851, 0000002766),
(00001652, '', 'Y', 1, 'Y', 'Y', 'Y', 'Y', 0000852, 0000002768),
(00001653, '', 'Y', 2, 'Y', 'Y', 'Y', 'Y', 0000852, 0000002769),
(00001654, '', 'Y', 1, 'Y', 'Y', 'Y', 'Y', 0000853, 0000002771),
(00001655, '', 'Y', 2, 'Y', 'Y', 'Y', 'Y', 0000853, 0000002772),
(00001687, NULL, 'Y', 2, 'Y', 'Y', 'Y', 'Y', 0000148, 0000000462),
(00001688, NULL, 'Y', 1, 'Y', 'Y', 'Y', 'Y', 0000148, 0000000463);

ALTER TABLE `gibbonFamilyAdult` ENABLE KEYS;
UNLOCK TABLES;


# Dump of table gibbonFamilyChild
# ------------------------------------------------------------

LOCK TABLES `gibbonFamilyChild` WRITE;
ALTER TABLE `gibbonFamilyChild` DISABLE KEYS;

INSERT INTO `gibbonfamilychild` (`id`, `comment`, `family`, `person`) VALUES
(00000181, NULL, 0000156, 0000000486),
(00000195, NULL, 0000165, 0000000518),
(00000238, NULL, 0000199, 0000000614),
(00000244, NULL, 0000206, 0000000640),
(00000246, NULL, 0000089, 0000000681),
(00000247, NULL, 0000065, 0000000699),
(00000254, NULL, 0000211, 0000000655),
(00000260, NULL, 0000216, 0000000670),
(00000261, NULL, 0000019, 0000000673),
(00000262, NULL, 0000221, 0000000684),
(00000271, NULL, 0000232, 0000000716),
(00000305, NULL, 0000025, 0000000678),
(00000313, NULL, 0000005, 0000000831),
(00000319, NULL, 0000274, 0000000849),
(00000327, NULL, 0000282, 0000000876),
(00000336, NULL, 0000289, 0000000897),
(00000341, NULL, 0000292, 0000000905),
(00000344, NULL, 0000295, 0000000913),
(00000347, NULL, 0000298, 0000000922),
(00000350, NULL, 0000300, 0000000928),
(00000352, NULL, 0000047, 0000000931),
(00000354, NULL, 0000232, 0000000937),
(00000365, NULL, 0000312, 0000000964),
(00000385, NULL, 0000327, 0000001008),
(00000388, NULL, 0000330, 0000001016),
(00000389, NULL, 0000331, 0000001019),
(00000390, NULL, 0000332, 0000001022),
(00000403, NULL, 0000345, 0000001066),
(00000408, NULL, 0000050, 0000000934),
(00000409, NULL, 0000009, 0000000719),
(00000414, NULL, 0000351, 0000001086),
(00000429, NULL, 0000365, 0000001154),
(00000430, NULL, 0000366, 0000001157),
(00000431, NULL, 0000367, 0000001160),
(00000432, NULL, 0000368, 0000001163),
(00000433, NULL, 0000369, 0000001166),
(00000437, NULL, 0000264, 0000001178),
(00000438, NULL, 0000373, 0000001179),
(00000439, NULL, 0000374, 0000001182),
(00000442, NULL, 0000377, 0000001191),
(00000443, NULL, 0000378, 0000001193),
(00000446, NULL, 0000331, 0000001200),
(00000447, NULL, 0000380, 0000001201),
(00000448, NULL, 0000381, 0000001204),
(00000449, NULL, 0000382, 0000001207),
(00000452, NULL, 0000384, 0000001214),
(00000456, NULL, 0000386, 0000001222),
(00000458, NULL, 0000180, 0000001226),
(00000461, NULL, 0000389, 0000001233),
(00000462, NULL, 0000390, 0000001236),
(00000464, NULL, 0000392, 0000001242),
(00000465, NULL, 0000393, 0000001245),
(00000467, NULL, 0000395, 0000001251),
(00000468, NULL, 0000396, 0000001254),
(00000470, NULL, 0000398, 0000001259),
(00000472, NULL, 0000399, 0000001263),
(00000476, NULL, 0000131, 0000001275),
(00000477, NULL, 0000403, 0000001276),
(00000486, NULL, 0000289, 0000001257),
(00000499, NULL, 0000418, 0000001322),
(00000507, NULL, 0000425, 0000001352),
(00000508, NULL, 0000426, 0000001355),
(00000509, NULL, 0000427, 0000001358),
(00000511, NULL, 0000429, 0000001364),
(00000515, NULL, 0000432, 0000001374),
(00000521, NULL, 0000436, 0000001388),
(00000522, NULL, 0000437, 0000001391),
(00000523, NULL, 0000438, 0000001393),
(00000524, NULL, 0000439, 0000001396),
(00000525, NULL, 0000378, 0000001399),
(00000526, NULL, 0000440, 0000001400),
(00000527, NULL, 0000441, 0000001403),
(00000532, NULL, 0000416, 0000001410),
(00000534, NULL, 0000445, 0000001416),
(00000537, NULL, 0000448, 0000001424),
(00000538, NULL, 0000449, 0000001427),
(00000539, NULL, 0000450, 0000001430),
(00000543, NULL, 0000199, 0000001440),
(00000546, NULL, 0000454, 0000001445),
(00000553, NULL, 0000460, 0000001465),
(00000555, NULL, 0000462, 0000001471),
(00000556, NULL, 0000463, 0000001474),
(00000557, NULL, 0000464, 0000001477),
(00000559, NULL, 0000466, 0000001483),
(00000560, NULL, 0000467, 0000001486),
(00000561, NULL, 0000468, 0000001492),
(00000565, NULL, 0000154, 0000000649),
(00000566, NULL, 0000471, 0000001507),
(00000568, NULL, 0000473, 0000001514),
(00000571, NULL, 0000282, 0000001520),
(00000572, NULL, 0000476, 0000001528),
(00000577, NULL, 0000479, 0000001538),
(00000580, NULL, 0000482, 0000001548),
(00000588, NULL, 0000489, 0000001571),
(00000591, NULL, 0000492, 0000001585),
(00000593, NULL, 0000180, 0000001591),
(00000595, NULL, 0000403, 0000001593),
(00000598, NULL, 0000496, 0000001600),
(00000599, NULL, 0000497, 0000001603),
(00000601, NULL, 0000499, 0000001609),
(00000602, NULL, 0000500, 0000001612),
(00000604, NULL, 0000321, 0000001616),
(00000605, NULL, 0000382, 0000001617),
(00000607, NULL, 0000502, 0000001621),
(00000609, NULL, 0000392, 0000001627),
(00000610, NULL, 0000504, 0000001628),
(00000611, NULL, 0000505, 0000001631),
(00000614, NULL, 0000508, 0000001639),
(00000615, NULL, 0000509, 0000001642),
(00000617, NULL, 0000509, 0000001645),
(00000620, NULL, 0000513, 0000001654),
(00000621, NULL, 0000380, 0000001657),
(00000626, NULL, 0000517, 0000001667),
(00000631, NULL, 0000520, 0000001677),
(00000632, NULL, 0000521, 0000001680),
(00000634, NULL, 0000521, 0000001683),
(00000636, NULL, 0000521, 0000001686),
(00000638, NULL, 0000525, 0000001692),
(00000642, NULL, 0000527, 0000001700),
(00000644, NULL, 0000374, 0000001706),
(00000648, NULL, 0000142, 0000001713),
(00000651, NULL, 0000534, 0000001721),
(00000654, NULL, 0000536, 0000001730),
(00000656, NULL, 0000538, 0000001735),
(00000657, NULL, 0000539, 0000001739),
(00000659, NULL, 0000541, 0000001744),
(00000662, NULL, 0000544, 0000001753),
(00000665, NULL, 0000547, 0000001761),
(00000666, NULL, 0000548, 0000001773),
(00000667, NULL, 0000549, 0000001779),
(00000671, NULL, 0000553, 0000001791),
(00000673, NULL, 0000555, 0000001796),
(00000674, NULL, 0000556, 0000001801),
(00000679, NULL, 0000513, 0000001811),
(00000680, NULL, 0000561, 0000001814),
(00000682, NULL, 0000562, 0000001819),
(00000685, NULL, 0000565, 0000001828),
(00000686, NULL, 0000565, 0000001710),
(00000687, NULL, 0000566, 0000001831),
(00000694, NULL, 0000571, 0000001845),
(00000696, NULL, 0000571, 0000001848),
(00000698, NULL, 0000574, 0000001858),
(00000701, NULL, 0000500, 0000001864),
(00000702, NULL, 0000577, 0000001867),
(00000703, NULL, 0000578, 0000001870),
(00000705, NULL, 0000425, 0000001875),
(00000706, NULL, 0000399, 0000001878),
(00000707, NULL, 0000580, 0000001879),
(00000709, NULL, 0000432, 0000001882),
(00000710, NULL, 0000582, 0000001885),
(00000711, NULL, 0000583, 0000001888),
(00000712, NULL, 0000584, 0000001891),
(00000714, NULL, 0000366, 0000001894),
(00000715, NULL, 0000384, 0000001897),
(00000716, NULL, 0000586, 0000001898),
(00000717, NULL, 0000587, 0000001901),
(00000718, NULL, 0000365, 0000001904),
(00000719, NULL, 0000588, 0000001905),
(00000721, NULL, 0000590, 0000001911),
(00000722, NULL, 0000396, 0000001913),
(00000723, NULL, 0000206, 0000001914),
(00000724, NULL, 0000591, 0000001915),
(00000725, NULL, 0000592, 0000001918),
(00000726, NULL, 0000593, 0000001921),
(00000727, NULL, 0000292, 0000001924),
(00000728, NULL, 0000594, 0000001925),
(00000729, NULL, 0000595, 0000001928),
(00000730, NULL, 0000596, 0000001931),
(00000733, NULL, 0000188, 0000001934),
(00000734, NULL, 0000598, 0000001937),
(00000737, NULL, 0000601, 0000001946),
(00000740, NULL, 0000604, 0000001955),
(00000743, NULL, 0000407, 0000001960),
(00000745, NULL, 0000607, 0000001964),
(00000747, NULL, 0000609, 0000001970),
(00000749, NULL, 0000610, 0000001974),
(00000751, NULL, 0000610, 0000001977),
(00000752, NULL, 0000612, 0000001980),
(00000753, NULL, 0000613, 0000001983),
(00000754, NULL, 0000614, 0000001986),
(00000755, NULL, 0000615, 0000001989),
(00000756, NULL, 0000616, 0000001992),
(00000757, NULL, 0000617, 0000001995),
(00000759, NULL, 0000619, 0000002000),
(00000761, NULL, 0000621, 0000002006),
(00000762, NULL, 0000622, 0000002009),
(00000763, NULL, 0000623, 0000002012),
(00000766, NULL, 0000625, 0000002019),
(00000767, NULL, 0000626, 0000002022),
(00000768, NULL, 0000627, 0000002029),
(00000769, NULL, 0000628, 0000002033),
(00000770, NULL, 0000629, 0000002035),
(00000771, NULL, 0000630, 0000002037),
(00000772, NULL, 0000631, 0000002040),
(00000778, NULL, 0000571, 0000002056),
(00000779, NULL, 0000637, 0000002060),
(00000780, NULL, 0000638, 0000002063),
(00000781, NULL, 0000639, 0000002066),
(00000785, NULL, 0000642, 0000002076),
(00000786, NULL, 0000643, 0000002079),
(00000787, NULL, 0000644, 0000002081),
(00000788, NULL, 0000645, 0000002084),
(00000789, NULL, 0000646, 0000002087),
(00000791, NULL, 0000647, 0000002090),
(00000792, NULL, 0000648, 0000002093),
(00000793, NULL, 0000649, 0000002097),
(00000794, NULL, 0000650, 0000002100),
(00000795, NULL, 0000651, 0000002103),
(00000796, NULL, 0000652, 0000002106),
(00000798, NULL, 0000547, 0000002109),
(00000799, NULL, 0000654, 0000002113),
(00000800, NULL, 0000655, 0000002116),
(00000802, NULL, 0000657, 0000002120),
(00000803, NULL, 0000658, 0000002123),
(00000805, NULL, 0000660, 0000002129),
(00000806, NULL, 0000661, 0000002135),
(00000807, NULL, 0000662, 0000002138),
(00000808, NULL, 0000663, 0000002141),
(00000810, NULL, 0000664, 0000002145),
(00000813, NULL, 0000426, 0000002150),
(00000817, NULL, 0000669, 0000002156),
(00000818, NULL, 0000670, 0000002160),
(00000819, NULL, 0000671, 0000002163),
(00000820, NULL, 0000672, 0000002166),
(00000821, NULL, 0000673, 0000002169),
(00000822, NULL, 0000674, 0000002172),
(00000823, NULL, 0000675, 0000002175),
(00000824, NULL, 0000676, 0000002178),
(00000826, NULL, 0000678, 0000002184),
(00000827, NULL, 0000679, 0000002187),
(00000828, NULL, 0000680, 0000002190),
(00000829, NULL, 0000450, 0000002193),
(00000830, NULL, 0000681, 0000002194),
(00000832, NULL, 0000683, 0000002200),
(00000833, NULL, 0000684, 0000002203),
(00000834, NULL, 0000685, 0000002206),
(00000836, NULL, 0000687, 0000002212),
(00000837, NULL, 0000651, 0000002215),
(00000838, NULL, 0000688, 0000002216),
(00000841, NULL, 0000691, 0000002225),
(00000843, NULL, 0000165, 0000002231),
(00000844, NULL, 0000374, 0000002232),
(00000845, NULL, 0000693, 0000002233),
(00000846, NULL, 0000694, 0000002236),
(00000847, NULL, 0000295, 0000002239),
(00000849, NULL, 0000471, 0000002243),
(00000852, NULL, 0000412, 0000002247),
(00000853, NULL, 0000698, 0000002250),
(00000854, NULL, 0000699, 0000002253),
(00000857, NULL, 0000702, 0000002262),
(00000859, NULL, 0000616, 0000002265),
(00000860, NULL, 0000704, 0000002268),
(00000861, NULL, 0000705, 0000002271),
(00000862, NULL, 0000706, 0000002274),
(00000863, NULL, 0000707, 0000002277),
(00000864, NULL, 0000708, 0000002280),
(00000865, NULL, 0000709, 0000002283),
(00000866, NULL, 0000710, 0000002286),
(00000867, NULL, 0000711, 0000002293),
(00000868, NULL, 0000712, 0000002296),
(00000869, NULL, 0000713, 0000002299),
(00000870, NULL, 0000714, 0000002302),
(00000871, NULL, 0000715, 0000002306),
(00000872, NULL, 0000716, 0000002309),
(00000874, NULL, 0000718, 0000002316),
(00000875, NULL, 0000719, 0000002319),
(00000876, NULL, 0000720, 0000002323),
(00000877, NULL, 0000721, 0000002327),
(00000878, NULL, 0000722, 0000002330),
(00000879, NULL, 0000496, 0000002333),
(00000880, NULL, 0000723, 0000002334),
(00000882, NULL, 0000725, 0000002340),
(00000883, NULL, 0000430, 0000001367),
(00000884, NULL, 0000156, 0000002348),
(00000887, NULL, 0000728, 0000002357),
(00000888, NULL, 0000729, 0000002360),
(00000889, NULL, 0000730, 0000002364),
(00000891, NULL, 0000732, 0000002371),
(00000892, NULL, 0000733, 0000002374),
(00000893, NULL, 0000734, 0000002380),
(00000894, NULL, 0000735, 0000002383),
(00000895, NULL, 0000736, 0000002386),
(00000896, NULL, 0000737, 0000002389),
(00000897, NULL, 0000738, 0000002392),
(00000898, NULL, 0000739, 0000002395),
(00000899, NULL, 0000740, 0000002398),
(00000900, NULL, 0000741, 0000002401),
(00000901, NULL, 0000742, 0000002404),
(00000902, NULL, 0000743, 0000002407),
(00000903, NULL, 0000744, 0000002411),
(00000906, NULL, 0000747, 0000002420),
(00000907, NULL, 0000430, 0000002425),
(00000908, NULL, 0000499, 0000002426),
(00000909, NULL, 0000748, 0000002427),
(00000910, NULL, 0000749, 0000002430),
(00000911, NULL, 0000750, 0000002433),
(00000912, NULL, 0000751, 0000002436),
(00000913, NULL, 0000752, 0000002441),
(00000914, NULL, 0000753, 0000002444),
(00000915, NULL, 0000754, 0000002447),
(00000916, NULL, 0000755, 0000002450),
(00000917, NULL, 0000756, 0000002453),
(00000918, NULL, 0000757, 0000002456),
(00000919, NULL, 0000468, 0000002459),
(00000921, NULL, 0000132, 0000002460),
(00000922, NULL, 0000759, 0000002463),
(00000923, NULL, 0000760, 0000002466),
(00000924, NULL, 0000761, 0000002469),
(00000925, NULL, 0000439, 0000002472),
(00000926, NULL, 0000762, 0000002473),
(00000927, NULL, 0000763, 0000002476),
(00000928, NULL, 0000764, 0000002479),
(00000929, NULL, 0000765, 0000002482),
(00000932, NULL, 0000767, 0000002488),
(00000933, NULL, 0000767, 0000002490),
(00000934, NULL, 0000768, 0000002491),
(00000935, NULL, 0000769, 0000002495),
(00000936, NULL, 0000770, 0000002498),
(00000937, NULL, 0000771, 0000002501),
(00000938, NULL, 0000771, 0000002504),
(00000939, NULL, 0000772, 0000002505),
(00000940, NULL, 0000773, 0000002508),
(00000941, NULL, 0000774, 0000002511),
(00000942, NULL, 0000775, 0000002514),
(00000943, NULL, 0000776, 0000002517),
(00000944, NULL, 0000777, 0000002520),
(00000945, NULL, 0000778, 0000002523),
(00000946, NULL, 0000779, 0000002526),
(00000947, NULL, 0000780, 0000002529),
(00000948, NULL, 0000781, 0000002532),
(00000949, NULL, 0000782, 0000002535),
(00000950, NULL, 0000783, 0000002537),
(00000951, NULL, 0000784, 0000002541),
(00000952, NULL, 0000785, 0000002545),
(00000953, NULL, 0000786, 0000002548),
(00000954, NULL, 0000787, 0000002555),
(00000956, NULL, 0000789, 0000002563),
(00000957, NULL, 0000403, 0000002566),
(00000958, NULL, 0000790, 0000002567),
(00000959, NULL, 0000791, 0000002570),
(00000960, NULL, 0000792, 0000002573),
(00000961, NULL, 0000289, 0000002576),
(00000962, NULL, 0000793, 0000002577),
(00000963, NULL, 0000794, 0000002580),
(00000964, NULL, 0000795, 0000002583),
(00000965, NULL, 0000796, 0000002586),
(00000966, NULL, 0000797, 0000002589),
(00000967, NULL, 0000798, 0000002592),
(00000968, NULL, 0000799, 0000002595),
(00000969, NULL, 0000800, 0000002598),
(00000970, NULL, 0000801, 0000002601),
(00000971, NULL, 0000802, 0000002604),
(00000972, NULL, 0000803, 0000002607),
(00000973, NULL, 0000504, 0000002610),
(00000974, NULL, 0000804, 0000002611),
(00000975, NULL, 0000367, 0000002614),
(00000976, NULL, 0000805, 0000002615),
(00000977, NULL, 0000806, 0000002618),
(00000978, NULL, 0000807, 0000002621),
(00000979, NULL, 0000808, 0000002624),
(00000980, NULL, 0000809, 0000002627),
(00000981, NULL, 0000810, 0000002630),
(00000982, NULL, 0000811, 0000002633),
(00000983, NULL, 0000812, 0000002636),
(00000984, NULL, 0000813, 0000002639),
(00000985, NULL, 0000814, 0000002642),
(00000986, NULL, 0000815, 0000002645),
(00000987, NULL, 0000816, 0000002648),
(00000988, NULL, 0000787, 0000002651),
(00000989, NULL, 0000817, 0000002652),
(00000990, NULL, 0000818, 0000002654),
(00000991, NULL, 0000819, 0000002657),
(00000992, NULL, 0000820, 0000002660),
(00000993, NULL, 0000821, 0000002663),
(00000994, NULL, 0000772, 0000002666),
(00000995, NULL, 0000822, 0000002667),
(00000996, NULL, 0000823, 0000002670),
(00000997, NULL, 0000824, 0000002673),
(00000998, NULL, 0000825, 0000002676),
(00000999, NULL, 0000705, 0000002679),
(00001000, NULL, 0000826, 0000002680),
(00001001, NULL, 0000827, 0000002683),
(00001002, NULL, 0000828, 0000002686),
(00001003, NULL, 0000829, 0000002689),
(00001004, NULL, 0000830, 0000002692),
(00001005, NULL, 0000438, 0000002695),
(00001006, NULL, 0000831, 0000002696),
(00001007, NULL, 0000607, 0000002699),
(00001008, NULL, 0000832, 0000002700),
(00001009, NULL, 0000833, 0000002702),
(00001010, NULL, 0000834, 0000002705),
(00001011, NULL, 0000835, 0000002708),
(00001012, NULL, 0000836, 0000002711),
(00001013, NULL, 0000660, 0000002714),
(00001014, NULL, 0000837, 0000002715),
(00001015, NULL, 0000838, 0000002719),
(00001016, NULL, 0000839, 0000002723),
(00001017, NULL, 0000840, 0000002726),
(00001018, NULL, 0000841, 0000002729),
(00001019, NULL, 0000842, 0000002737),
(00001020, NULL, 0000843, 0000002740),
(00001021, NULL, 0000844, 0000002743),
(00001022, NULL, 0000845, 0000002746),
(00001023, NULL, 0000846, 0000002749),
(00001024, NULL, 0000847, 0000002752),
(00001025, NULL, 0000848, 0000002754),
(00001026, NULL, 0000849, 0000002757),
(00001027, NULL, 0000849, 0000002760),
(00001028, NULL, 0000850, 0000002761),
(00001029, NULL, 0000851, 0000002764),
(00001030, NULL, 0000852, 0000002767),
(00001031, NULL, 0000853, 0000002770),
(00001075, NULL, 0000148, 0000001377),
(00001076, NULL, 0000148, 0000000925),
(00001084, NULL, 0000088, 0000002063);

ALTER TABLE `gibbonFamilyChild` ENABLE KEYS;
UNLOCK TABLES;


# Dump of table gibbonFinanceFeeCategory
# ------------------------------------------------------------

LOCK TABLES `gibbonFinanceFeeCategory` WRITE;
ALTER TABLE `gibbonFinanceFeeCategory` DISABLE KEYS;

INSERT INTO `gibbonFinanceFeeCategory` (`gibbonFinanceFeeCategoryID`, `name`, `nameShort`, `description`, `active`, `gibbonPersonIDCreator`, `timestampCreator`, `gibbonPersonIDUpdate`, `timestampUpdate`)
VALUES
	(0001,'Other','OTHR','Category for fees not fitting into any other category.','Y',857,'2013-07-12 08:25:32',NULL,NULL),
	(0019,'Tuition Fee','TUIT','School Tuition ','Y',0000001810,'2017-04-13 12:43:01',0000000857,'2017-05-23 09:59:14'),
	(0020,'Debenture','DEB','Non-Refundable Debenture','Y',0000001810,'2017-05-23 09:41:23',0000000857,'2017-05-23 11:29:17'),
	(0021,'Public Exam Fee','EXAM','','Y',0000000857,'2017-06-16 15:02:52',NULL,NULL),
	(0022,'Misc Deposit','DEP','Deposit for Activities and Miscellaneous Costs','Y',0000000857,'2018-06-28 11:25:45',NULL,NULL);

ALTER TABLE `gibbonFinanceFeeCategory` ENABLE KEYS;
UNLOCK TABLES;


# Dump of table gibbonOutcome
# ------------------------------------------------------------

LOCK TABLES `gibbonOutcome` WRITE;
ALTER TABLE `gibbonOutcome` DISABLE KEYS;

INSERT INTO `gibbonOutcome` (`gibbonOutcomeID`, `name`, `nameShort`, `category`, `description`, `active`, `scope`, `gibbonDepartmentID`, `gibbonYearGroupIDList`, `gibbonPersonIDCreator`)
VALUES
	(81,'Conducting Myself & Relating To Others','ATL-CM','Approach to Learning','','Y','School',NULL,'001,002,003,004,005,006,007',857),
	(82,'Working With Other Students','ATL-WWOS','Approach to Learning','','Y','School',NULL,'001,002,003,004,005,006,007',857),
	(83,'Working Independently','ATL-WI','Approach to Learning','','Y','School',NULL,'001,002,003,004,005,006,007',857),
	(84,'Showing Initiative & Making Choices','ATL-SIMC','Approach to Learning','','Y','School',NULL,'001,002,003,004,005,006,007',857),
	(85,'Organisation','ATL-Org','Approach to Learning','','Y','School',NULL,'001,002,003,004,005,006,007',857),
	(86,'Attitude To Feedback & Advice','ATL-ATFA','Approach to Learning','','Y','School',NULL,'001,002,003,004,005,006,007',857),
	(87,'Resilience & Motivation','ATL-RM','Approach to Learning','','Y','School',NULL,'001,002,003,004,005,006,007',857),
	(88,'Attitude To Challenge','ATL-ATC','Approach to Learning','','Y','School',NULL,'001,002,003,004,005,006,007',857),
	(240,'Contribution to Class','ATL-CTC','Approach to Learning','','Y','School',NULL,'001,002,003,004,005,006,007',857);

ALTER TABLE `gibbonOutcome` ENABLE KEYS;
UNLOCK TABLES;


# Dump of table gibbonPlannerEntry
# ------------------------------------------------------------


INSERT INTO `gibbonPlannerEntry` (`gibbonPlannerEntryID`, `gibbonCourseClassID`, `gibbonUnitID`, `date`, `timeStart`, `timeEnd`, `name`, `summary`, `description`, `teachersNotes`, `homework`, `homeworkDueDateTime`, `homeworkDetails`, `homeworkSubmission`, `homeworkSubmissionDateOpen`, `homeworkSubmissionDrafts`, `homeworkSubmissionType`, `homeworkSubmissionRequired`, `homeworkCrowdAssess`, `homeworkCrowdAssessOtherTeachersRead`, `homeworkCrowdAssessOtherParentsRead`, `homeworkCrowdAssessClassmatesParentsRead`, `homeworkCrowdAssessSubmitterParentsRead`, `homeworkCrowdAssessOtherStudentsRead`, `homeworkCrowdAssessClassmatesRead`, `viewableStudents`, `viewableParents`, `gibbonPersonIDCreator`, `gibbonPersonIDLastEdit`)
VALUES
	(1, 00002426, 0000003065, '2019-08-19', '13:10:00', '14:20:00', 'Epic Wallpaper 1', 'Want To Make Some Eye Candy?, Assessment, Getting Started With Acorn, Fi...', '', '', 'N', NULL, '', 'N', NULL, NULL, '', 'Optional', 'N', 'N', 'N', 'N', 'N', 'N', 'N', 'Y', 'Y', 857, 857),
	(2, 00002426, 0000003065, '2019-08-19', '14:20:00', '15:30:00', 'Epic Wallpaper 2', 'Why So Big?, Layers, Finding A Silhouette, Making A Cutout, Find A Backg...', '', '', 'N', NULL, '', 'N', NULL, NULL, '', 'Optional', 'N', 'N', 'N', 'N', 'N', 'N', 'N', 'Y', 'Y', 857, 857),
	(3, 00002426, 0000003065, '2019-08-26', '13:10:00', '14:20:00', 'Epic Wallpaper 3', 'Hong Kong Style, Apply Your Background, Playtime, Filters, Playtime', '', '', 'N', NULL, '', 'N', NULL, NULL, '', 'Optional', 'N', 'N', 'N', 'N', 'N', 'N', 'N', 'Y', 'Y', 857, 857),
	(4, 00002426, 0000003065, '2019-08-27', '09:40:00', '10:50:00', 'Epic Wallpaper 4', 'Creative Commons License, Text Controls, Playtime', '', '', 'N', NULL, '', 'N', NULL, NULL, '', 'Optional', 'N', 'N', 'N', 'N', 'N', 'N', 'N', 'Y', 'Y', 857, 857),
	(5, 00002426, 0000003065, '2019-09-02', '13:10:00', '14:20:00', 'Epic Wallpaper 5', 'Finish, Export & Submit, Raster vs. Vector', '', '', 'N', NULL, '', 'N', NULL, NULL, '', 'Optional', 'N', 'N', 'N', 'N', 'N', 'N', 'N', 'Y', 'Y', 857, 857);


LOCK TABLES `gibbonResource` WRITE;
ALTER TABLE `gibbonResource` DISABLE KEYS;

INSERT INTO `gibbonResource` (`gibbonResourceID`, `name`, `description`, `gibbonYearGroupIDList`, `type`, `category`, `purpose`, `tags`, `content`, `gibbonPersonID`, `timestamp`)
VALUES
	(1,'TED.com','','001,002,003,004,005,006,007','Link','Website','Inspiration','video,expert,allsubjects,self,ted,keynote','http://www.ted.com',857,'2011-10-17 01:14:45'),
	(2,'rossparker.org','','001,002,003,004,005,006,007','Link','Website','Inspiration','ross parker,resource,blog,teacher,video,cpd,units,lessons','http://rossparker.org',857,'2011-10-17 01:16:14'),
	(3,'If by Rudyard Kippling','','001,002,003,004,005,006,007','HTML','Poetry','Inspiration','rudyard kipling,poetry,english,literature,self,man,values','<p><span style=\"font-family: Arial;\">IF you can keep your head when all about you <br /> Are losing theirs and blaming it on you,<br /> If you can trust yourself when all men doubt you,<br /> But make allowance for their doubting too;<br /> If you can wait and not be tired by waiting,<br /> Or being lied about, don\'t deal in lies,<br /> Or being hated, don\'t give way to hating,<br /> And yet don\'t look too good, nor talk too wise:<p>If you can dream - and not make dreams your master;<br /> If you can think - and not make thoughts your aim;<br /> If you can meet with Triumph and Disaster<br /> And treat those two impostors just the same;<br /> If you can bear to hear the truth you\'ve spoken<br /> Twisted by knaves to make a trap for fools,<br /> Or watch the things you gave your life to, broken,<br /> And stoop and build \'em up with worn-out tools:</p><p>If you can make one heap of all your winnings <br /> And risk it on one turn of pitch-and-toss,<br /> And lose, and start again at your beginnings<br /> And never breathe a word about your loss;<br /> If you can force your heart and nerve and sinew<br /> To serve your turn long after they are gone,<br /> And so hold on when there is nothing in you<br /> Except the Will which says to them: \'Hold on!\'</p><p>If you can talk with crowds and keep your virtue,<br /> \' Or walk with Kings - nor lose the common touch,<br /> if neither foes nor loving friends can hurt you,<br /> If all men count with you, but none too much;<br /> If you can fill the unforgiving minute<br /> With sixty seconds\' worth of distance run,<br /> Yours is the Earth and everything that\'s in it,<br /> And - which is more - you\'ll be a Man, my son!</p></span></p>',857,'2011-10-17 01:17:53'),
	(4,'Human Eye in Slow Motion','','001,002,003,004,005,006,007','Link','Video','Other','biology,science,eye','http://www.youtube.com/watch?v=ySMtB5nWxPs#!',857,'2011-10-19 04:13:48'),
	(5,'iGenius: Steve Jobs','','001,002,003,004,005,006,007','Link','Video','Other','ict,technology,steve jobs,apple,change,culture,business','http://www.youtube.com/watch?v=O1JNLK8fiII#!',857,'2011-10-19 14:44:32'),
	(6,'The Plastic Bag','','001,002,003,004,005,006,007','HTML','Video','Other','eag,plastic,waste,mockumentary,video,youtube,embed','<p><iframe src=\"http://www.youtube.com/embed/GLgh9h2ePYw\" frameborder=\"0\" height=\"315\" width=\"560\"></iframe></p>',857,'2011-10-21 17:46:18');

ALTER TABLE `gibbonResource` ENABLE KEYS;
UNLOCK TABLES;


# Dump of table gibbonResourceTag
# ------------------------------------------------------------

LOCK TABLES `gibbonResourceTag` WRITE;
ALTER TABLE `gibbonResourceTag` DISABLE KEYS;

INSERT INTO `gibbonResourceTag` (`gibbonResourceTagID`, `tag`, `count`)
VALUES
	(000000000001,'allsubjects',1),
	(000000000002,'apple',1),
	(000000000003,'biology',1),
	(000000000004,'blog',1),
	(000000000005,'business',1),
	(000000000006,'change',1),
	(000000000007,'cpd',1),
	(000000000008,'culture',1),
	(000000000009,'eag',1),
	(000000000010,'embed',1),
	(000000000011,'english',1),
	(000000000012,'expert',1),
	(000000000013,'eye',1),
	(000000000014,'ict',1),
	(000000000015,'keynote',1),
	(000000000016,'lessons',1),
	(000000000017,'literature',1),
	(000000000018,'man',1),
	(000000000019,'mockumentary',1),
	(000000000020,'plastic',1),
	(000000000021,'poetry',1),
	(000000000022,'resource',1),
	(000000000023,'ross parker',1),
	(000000000024,'rudyard kipling',1),
	(000000000025,'science',1),
	(000000000026,'self',2),
	(000000000027,'steve jobs',1),
	(000000000028,'teacher',1),
	(000000000029,'technology',1),
	(000000000030,'ted',1),
	(000000000031,'units',1),
	(000000000032,'values',1),
	(000000000033,'video',3),
	(000000000034,'waste',1),
	(000000000035,'youtube',1);

ALTER TABLE `gibbonResourceTag` ENABLE KEYS;
UNLOCK TABLES;

# Dump of table gibbonRubric
# ------------------------------------------------------------

LOCK TABLES `gibbonRubric` WRITE;
ALTER TABLE `gibbonRubric` DISABLE KEYS;

INSERT INTO `gibbonRubric` (`gibbonRubricID`, `name`, `category`, `description`, `active`, `scope`, `gibbonDepartmentID`, `gibbonYearGroupIDList`, `gibbonScaleID`, `gibbonPersonIDCreator`)
VALUES
	(00000238,'Approaches to Learning Rubric v3','','','Y','School',NULL,'001,002,003,004,005,006,007',NULL,857);

ALTER TABLE `gibbonRubric` ENABLE KEYS;
UNLOCK TABLES;


# Dump of table gibbonRubricCell
# ------------------------------------------------------------

LOCK TABLES `gibbonRubricCell` WRITE;
ALTER TABLE `gibbonRubricCell` DISABLE KEYS;

INSERT INTO `gibbonRubricCell` (`gibbonRubricCellID`, `gibbonRubricID`, `gibbonRubricColumnID`, `gibbonRubricRowID`, `contents`)
VALUES
	(00000006984,00000238,000001110,000000990,'Actively resists challenge and leaving comfort zone.'),
	(00000006985,00000238,000001111,000000990,'Unsettled by challenge and prefers to remain in comfort zone.'),
	(00000006986,00000238,000001112,000000990,'Open to challenge with encouragement and support. Prepared to be stretched.'),
	(00000006987,00000238,000001113,000000990,'Welcomes challenge and enjoys being stretched.'),
	(00000006988,00000238,000001114,000000990,'Actively seeks out challenge and prefers to be stretched.'),
	(00000006989,00000238,000001110,000000991,'Highly discouraged by setbacks and resistant to support and external motivation, Internal motivation is absent.'),
	(00000006990,00000238,000001111,000000991,'Easily discouraged by setbacks, requires ongoing support and external motivation to persevere. Internal motivation is fragile and tends to rely on interest.'),
	(00000006991,00000238,000001112,000000991,'Somewhat discouraged by setbacks, but perseveres with initial support and external motivation. Internal motivation is evident but inconsistent and primarily associated with interest.'),
	(00000006992,00000238,000001113,000000991,'Accepts setbacks as a part of learning and growing. Is able to persevere. Self-motivation is consistent across activities.'),
	(00000006993,00000238,000001114,000000991,'Welcomes setbacks as inevitable to making progress and growing as a person. Highly self-motivated.'),
	(00000006994,00000238,000001110,000000992,'Finds feedback impossible to accept. Closed to advice.'),
	(00000006995,00000238,000001111,000000992,'Typically defensive or dismissive of feedback. Ignores or discounts advice.'),
	(00000006996,00000238,000001112,000000992,'Usually open to feedback and prepared to act on it. Usually follows good advice.'),
	(00000006997,00000238,000001113,000000992,'Engages with feedback and responds to it. Takes and follows good advice.'),
	(00000006998,00000238,000001114,000000992,'Readily engages with feedback. Seeks and acts carefully on good advice.'),
	(00000006999,00000238,000001110,000000993,'Disorganised. Few, if any, strategies for prioritizing activities within and out of class.'),
	(00000007000,00000238,000001111,000000993,'Poorly organised. Some strategies for prioritizing activities within and out of class, but they tend to be either inadequate or poorly used.'),
	(00000007001,00000238,000001112,000000993,'Usually organized, given support and encouragement. Uses strategies to prioritize activities within and out of class, with general success.'),
	(00000007002,00000238,000001113,000000993,'Organised. Successful strategies to prioritize activities, within and out of class.'),
	(00000007003,00000238,000001114,000000993,'Highly organized. Flexible strategies to prioritize activities, within and out of class, and to anticipate change.'),
	(00000007004,00000238,000001110,000000994,'Gets stuck easily and does not seek help. Prone to inactivity in class.'),
	(00000007005,00000238,000001111,000000994,'Tends not to generate own solutions and requires teacher input to move on once stuck. Inconsistent effort in class.'),
	(00000007006,00000238,000001112,000000994,'Shows initiative in generating own solutions and seeks help when stuck, both from teacher or other students. Consistent effort in class.'),
	(00000007007,00000238,000001113,000000994,'Shows creativity in generating own solutions and quickly seeks help when stuck, both from teacher and other students. Consistent, dedicated effort in class.'),
	(00000007008,00000238,000001114,000000994,'Highly resourceful and imaginative with a wide repertoire of strategies to move on when stuck. Exemplary effort in class.'),
	(00000007009,00000238,000001110,000000995,'Needs prompting to begin tasks. Easily distracted. Limited endurance.'),
	(00000007010,00000238,000001111,000000995,'Sometimes needs prompting to begin tasks. Occasionally distracted. Endurance tends to correlate with interest.'),
	(00000007011,00000238,000001112,000000995,'Begins tasks promptly. Generally focussed. Appropriate levels of endurance, especially when interested.'),
	(00000007012,00000238,000001113,000000995,'Self-starter, stays on task and focussed. Appropriate levels of endurance, independent of interest.'),
	(00000007013,00000238,000001114,000000995,'Self-starter, stays on task and achieves flow. Advanced levels of endurance, independent of interest.'),
	(00000007014,00000238,000001110,000000996,'Finds group work challenging. Tends only to work with friends. Can be disruptive.'),
	(00000007015,00000238,000001111,000000996,'Functions in a group though happiest working with friends. Able to play a part and make a contribution.'),
	(00000007016,00000238,000001112,000000996,'Comfortable in group work, whether or not with friends. Collaborates effectively and reliably contributes.'),
	(00000007017,00000238,000001113,000000996,'Accomplished in group work. Facilitates collaboration and contributes. Loyal, takes responsibility, concerned for others.'),
	(00000007018,00000238,000001114,000000996,'Flourishes in group work. Makes things happen. Loyal, takes responsibility, helps others grow.'),
	(00000007019,00000238,000001110,000000997,'Finds it hard to relate to others sensitively. Sometimes unaware of or unconcerned about behaviour.'),
	(00000007020,00000238,000001111,000000997,'Has preferred way of relating to others, and finds it hard to shift into other relationships.'),
	(00000007021,00000238,000001112,000000997,'Has a range of ways of relating to others, shifting between modes when desired and advisable.'),
	(00000007022,00000238,000001113,000000997,'Has a wide range of ways of relating to others, shifting between modes with ease.'),
	(00000007023,00000238,000001114,000000997,'Subtle and versatile in relating to others, shifting between modes reliably and mindfully.'),
	(00000007024,00000238,000001110,000000998,'Tends not to contribute to class, even when prompted.'),
	(00000007025,00000238,000001111,000000998,'Contributes to class only when prompted. '),
	(00000007026,00000238,000001112,000000998,'Occasionally contributes to class without being prompted.'),
	(00000007027,00000238,000001113,000000998,'Contributes to class without being prompted.'),
	(00000007028,00000238,000001114,000000998,'Regularly and reliably contributes to class. Progresses learning in the group.'),
	(00000007066,00000238,000001128,000000990,'At this juncture, this aspect of performance is not yet assessable.'),
	(00000007067,00000238,000001128,000000991,'At this juncture, this aspect of performance is not yet assessable.'),
	(00000007068,00000238,000001128,000000992,'At this juncture, this aspect of performance is not yet assessable.'),
	(00000007069,00000238,000001128,000000993,'At this juncture, this aspect of performance is not yet assessable.'),
	(00000007070,00000238,000001128,000000994,'At this juncture, this aspect of performance is not yet assessable.'),
	(00000007071,00000238,000001128,000000995,'At this juncture, this aspect of performance is not yet assessable.'),
	(00000007072,00000238,000001128,000000996,'At this juncture, this aspect of performance is not yet assessable.'),
	(00000007073,00000238,000001128,000000997,'At this juncture, this aspect of performance is not yet assessable.'),
	(00000007074,00000238,000001128,000000998,'At this juncture, this aspect of performance is not yet assessable.');

ALTER TABLE `gibbonRubricCell` ENABLE KEYS;
UNLOCK TABLES;


# Dump of table gibbonRubricColumn
# ------------------------------------------------------------

LOCK TABLES `gibbonRubricColumn` WRITE;
ALTER TABLE `gibbonRubricColumn` DISABLE KEYS;

INSERT INTO `gibbonRubricColumn` (`gibbonRubricColumnID`, `gibbonRubricID`, `title`, `sequenceNumber`, `gibbonScaleGradeID`, `visualise`)
VALUES
	(000001110,00000238,'Profile 1',1,NULL,'Y'),
	(000001111,00000238,'Profile 2',2,NULL,'Y'),
	(000001112,00000238,'Profile 3',3,NULL,'Y'),
	(000001113,00000238,'Profile 4',4,NULL,'Y'),
	(000001114,00000238,'Profile 5',5,NULL,'Y'),
	(000001128,00000238,'Not Yet Assessable ',5,NULL,'N');

ALTER TABLE `gibbonRubricColumn` ENABLE KEYS;
UNLOCK TABLES;


# Dump of table gibbonRubricRow
# ------------------------------------------------------------

LOCK TABLES `gibbonRubricRow` WRITE;
ALTER TABLE `gibbonRubricRow` DISABLE KEYS;

INSERT INTO `gibbonRubricRow` (`gibbonRubricRowID`, `gibbonRubricID`, `title`, `sequenceNumber`, `gibbonOutcomeID`)
VALUES
	(000000990,00000238,'',1,00000088),
	(000000991,00000238,'',2,00000087),
	(000000992,00000238,'',3,00000086),
	(000000993,00000238,'',4,00000085),
	(000000994,00000238,'',5,00000084),
	(000000995,00000238,'',6,00000083),
	(000000996,00000238,'',7,00000082),
	(000000997,00000238,'',8,00000081),
	(000000998,00000238,'',9,00000240);

ALTER TABLE `gibbonRubricRow` ENABLE KEYS;
UNLOCK TABLES;

# Dump of table gibbonStaff
# ------------------------------------------------------------

LOCK TABLES `gibbonStaff` WRITE;
ALTER TABLE `gibbonStaff` DISABLE KEYS;

INSERT INTO `gibbonstaff` (`gibbonStaffID`, `type`, `initials`, `jobTitle`, `smartWorkflowHelp`, `firstAidQualified`, `firstAidExpiry`, `countryOfOrigin`, `qualifications`, `biography`, `biographicalGrouping`, `biographicalGroupingPriority`, `gibbonPersonID`) VALUES
(0000000007, 'Teaching', NULL, '', 'Y', '', NULL, '', '', '', '', 0, 0000000140),
(0000000016, 'Teaching', NULL, '', 'Y', '', NULL, '', '', '', '', 0, 0000000120),
(0000000017, 'Teaching', NULL, '', 'Y', '', NULL, '', '', '', '', 0, 0000000151),
(0000000019, 'Teaching', NULL, '', 'Y', '', NULL, '', '', '', '', 0, 0000000124),
(0000000020, 'Teaching', NULL, '', 'Y', '', NULL, '', '', '', '', 0, 0000000144),
(0000000021, 'Teaching', NULL, '', 'Y', '', NULL, '', '', '', '', 0, 0000000119),
(0000000025, 'Teaching', NULL, '', 'Y', '', NULL, '', '', '', '', 0, 0000000198),
(0000000029, 'Teaching', NULL, '', 'Y', '', NULL, '', '', '', '', 0, 0000000373),
(0000000030, 'Teaching', NULL, '', 'Y', '', NULL, '', '', '', '', 0, 0000000374),
(0000000031, 'Teaching', NULL, '', 'Y', '', NULL, '', '', '', '', 0, 0000000375),
(0000000040, 'Teaching', NULL, '', 'Y', '', NULL, '', '', '', '', 0, 0000000589),
(0000000042, 'Support', NULL, '', 'Y', '', NULL, '', '', '', '', 0, 0000000689),
(0000000044, 'Teaching', NULL, '', 'Y', '', NULL, '', '', '', '', 0, 0000000770),
(0000000061, 'Teaching', NULL, '', 'Y', '', NULL, '', '', '', '', 0, 0000000866),
(0000000062, 'Teaching', NULL, '', 'Y', '', NULL, '', '', '', '', 0, 0000000867),
(0000000064, 'Teaching', NULL, '', 'Y', '', NULL, '', '', '', '', 0, 0000000869),
(0000000065, 'Teaching', NULL, '', 'Y', '', NULL, '', '', '', '', 0, 0000000870),
(0000000070, 'Support', NULL, '', 'Y', '', NULL, '', '', '', '', 0, 0000001056),
(0000000073, 'Support', NULL, '', 'Y', '', NULL, '', '', '', '', 0, 0000001096),
(0000000075, 'Teaching', NULL, '', 'Y', '', NULL, '', '', '', '', 0, 0000001104),
(0000000076, 'Teaching', NULL, '', 'Y', '', NULL, '', '', '', '', 0, 0000001110),
(0000000079, 'Support', NULL, '', 'Y', '', NULL, '', '', '', '', 0, 0000001101),
(0000000081, 'Teaching', NULL, '', 'Y', '', NULL, '', '', '', '', 0, 0000001123),
(0000000083, 'Teaching', NULL, '', 'Y', '', NULL, '', '', '', '', 0, 0000001119),
(0000000084, 'Teaching', NULL, '', 'Y', '', NULL, '', '', '', '', 0, 0000001122),
(0000000085, 'Teaching', NULL, '', 'Y', '', NULL, '', '', '', '', 0, 0000001117),
(0000000087, 'Teaching', NULL, '', 'Y', '', NULL, '', '', '', '', 0, 0000001121),
(0000000092, 'Teaching', NULL, '', 'Y', '', NULL, '', '', '', '', 0, 0000001502),
(0000000096, 'Teaching', NULL, '', 'Y', '', NULL, '', '', '', '', 0, 0000001506),
(0000000098, 'Support', NULL, '', 'Y', '', NULL, '', '', '', '', 0, 0000000857),
(0000000099, 'Support', NULL, '', 'Y', '', NULL, '', '', '', '', 0, 0000001517),
(0000000100, 'Support', NULL, '', 'Y', '', NULL, '', '', '', '', 0, 0000001109),
(0000000102, 'Support', NULL, '', 'Y', '', NULL, '', '', '', '', 0, 0000001518),
(0000000108, 'Teaching', NULL, '', 'Y', '', NULL, '', '', '', '', 0, 0000001776),
(0000000109, 'Teaching', NULL, '', 'Y', '', NULL, '', '', '', '', 0, 0000001777),
(0000000110, 'Teaching', NULL, '', 'Y', '', NULL, '', '', '', '', 0, 0000001778),
(0000000113, 'Support', NULL, '', 'Y', '', NULL, '', '', '', '', 0, 0000001810),
(0000000115, 'Support', NULL, '', 'Y', '', NULL, '', '', '', '', 0, 0000000192),
(0000000117, 'Support', NULL, '', 'Y', '', NULL, '', '', '', '', 0, 0000002052),
(0000000118, 'Teaching', NULL, '', 'Y', '', NULL, '', '', '', '', 0, 0000002027),
(0000000119, 'Support', NULL, '', 'Y', '', NULL, '', '', '', '', 0, 0000002059),
(0000000121, 'Teaching', NULL, '', 'Y', '', NULL, '', '', '', '', 0, 0000002026),
(0000000123, 'Teaching', NULL, '', 'Y', '', NULL, '', '', '', '', 0, 0000002028),
(0000000124, 'Teaching', NULL, '', 'Y', '', NULL, '', '', '', '', 0, 0000002096),
(0000000126, 'Support', NULL, '', 'Y', '', NULL, '', '', '', '', 0, 0000000965),
(0000000127, 'Support', NULL, '', 'Y', '', NULL, '', '', '', '', 0, 0000001398),
(0000000130, 'Teaching', NULL, '', 'Y', '', NULL, '', '', '', '', 0, 0000001601),
(0000000132, 'Teaching', NULL, '', 'Y', '', NULL, '', '', '', '', 0, 0000002134),
(0000000133, 'Support', NULL, '', 'Y', '', NULL, '', '', '', '', 0, 0000002289),
(0000000140, 'Support', NULL, '', 'Y', '', NULL, '', '', '', '', 0, 0000001089),
(0000000141, 'Teaching', NULL, '', 'Y', '', NULL, '', '', '', '', 0, 0000002326),
(0000000142, 'Teaching', NULL, '', 'Y', '', NULL, '', '', '', '', 0, 0000002347),
(0000000143, 'Teaching', NULL, '', 'Y', '', NULL, '', '', '', '', 0, 0000002363),
(0000000150, 'Support', NULL, '', 'Y', '', NULL, '', '', '', '', 0, 0000002439),
(0000000152, 'Support', NULL, '', 'Y', '', NULL, '', '', '', '', 0, 0000002424),
(0000000163, 'Teaching', NULL, '', 'Y', '', NULL, '', '', '', '', 0, 0000002562),
(0000000164, 'Teaching', NULL, '', 'Y', '', NULL, '', '', '', '', 0, 0000002722),
(0000000165, 'Teaching', NULL, '', 'Y', '', NULL, '', '', '', '', 0, 0000002732),
(0000000166, 'Teaching', NULL, '', 'Y', '', NULL, '', '', '', '', 0, 0000002733);

ALTER TABLE `gibbonStaff` ENABLE KEYS;
UNLOCK TABLES;


# Dump of table gibbonStudentEnrolment
# ------------------------------------------------------------

LOCK TABLES `gibbonStudentEnrolment` WRITE;
ALTER TABLE `gibbonStudentEnrolment` DISABLE KEYS;

INSERT INTO `gibbonStudentEnrolment` (`gibbonStudentEnrolmentID`, `gibbonPersonID`, `AcademicYearID`, `gibbonYearGroupID`, `gibbonRollGroupID`, `rollOrder`)
VALUES
	(00002482,0000001424,025,005,00153,NULL),
	(00002483,0000001520,025,005,00153,NULL),
	(00002484,0000001471,025,005,00153,NULL),
	(00002485,0000001352,025,005,00153,NULL),
	(00002486,0000001367,025,005,00153,NULL),
	(00002487,0000002357,025,005,00153,NULL),
	(00002488,0000001355,025,005,00153,NULL),
	(00002489,0000002407,025,005,00153,NULL),
	(00002490,0000001465,025,005,00153,NULL),
	(00002491,0000001692,025,005,00153,NULL),
	(00002492,0000001416,025,005,00153,NULL),
	(00002493,0000001538,025,005,00153,NULL),
	(00002494,0000001358,025,005,00153,NULL),
	(00002495,0000001393,025,005,00153,NULL),
	(00002496,0000001845,025,005,00153,NULL),
	(00002497,0000001486,025,005,00153,NULL),
	(00002498,0000001430,025,005,00154,NULL),
	(00002499,0000001585,025,005,00154,NULL),
	(00002500,0000002444,025,005,00154,NULL),
	(00002501,0000001410,025,005,00154,NULL),
	(00002502,0000002316,025,005,00154,NULL),
	(00002503,0000002084,025,005,00154,NULL),
	(00002504,0000001427,025,005,00154,NULL),
	(00002505,0000001440,025,005,00154,NULL),
	(00002506,0000001492,025,005,00154,NULL),
	(00002507,0000001391,025,005,00154,NULL),
	(00002508,0000001477,025,005,00154,NULL),
	(00002509,0000001377,025,005,00154,NULL),
	(00002510,0000002490,025,005,00154,NULL),
	(00002511,0000002306,025,005,00154,NULL),
	(00002512,0000001374,025,005,00154,NULL),
	(00002513,0000002286,025,005,00154,NULL),
	(00002514,0000001445,025,005,00164,NULL),
	(00002515,0000002380,025,005,00164,NULL),
	(00002516,0000001388,025,005,00164,NULL),
	(00002517,0000002398,025,005,00164,NULL),
	(00002518,0000001364,025,005,00164,NULL),
	(00002519,0000001396,025,005,00164,NULL),
	(00002520,0000001403,025,005,00164,NULL),
	(00002521,0000001399,025,005,00164,NULL),
	(00002522,0000001400,025,005,00164,NULL),
	(00002523,0000001483,025,005,00164,NULL),
	(00002524,0000001507,025,005,00164,NULL),
	(00002525,0000001867,025,005,00164,NULL),
	(00002526,0000001631,025,005,00164,NULL),
	(00002527,0000001710,025,005,00164,NULL),
	(00002528,0000002729,025,005,00164,NULL),
	(00002529,0000001571,025,005,00164,NULL),
	(00002531,0000001276,025,006,00155,NULL),
	(00002532,0000001275,025,006,00155,NULL),
	(00002533,0000002100,025,006,00155,NULL),
	(00002534,0000001251,025,006,00155,NULL),
	(00002535,0000001163,025,006,00155,NULL),
	(00002536,0000001226,025,006,00155,NULL),
	(00002537,0000002145,025,006,00155,NULL),
	(00002538,0000001178,025,006,00155,NULL),
	(00002539,0000001214,025,006,00155,NULL),
	(00002540,0000001204,025,006,00155,NULL),
	(00002541,0000001157,025,006,00155,NULL),
	(00002542,0000001236,025,006,00155,NULL),
	(00002543,0000001257,025,006,00155,NULL),
	(00002544,0000001191,025,006,00155,NULL),
	(00002545,0000002138,025,006,00155,NULL),
	(00002546,0000001160,025,006,00155,NULL),
	(00002547,0000002411,025,006,00155,NULL),
	(00002548,0000001245,025,006,00157,NULL),
	(00002549,0000002120,025,006,00157,NULL),
	(00002550,0000001200,025,006,00157,NULL),
	(00002551,0000001680,025,006,00157,NULL),
	(00002552,0000001193,025,006,00157,NULL),
	(00002553,0000001154,025,006,00157,NULL),
	(00002554,0000001259,025,006,00157,NULL),
	(00002555,0000001233,025,006,00157,NULL),
	(00002556,0000001548,025,006,00157,NULL),
	(00002557,0000001814,025,006,00157,NULL),
	(00002558,0000001254,025,006,00157,NULL),
	(00002559,0000001528,025,006,00157,NULL),
	(00002560,0000001201,025,006,00157,NULL),
	(00002561,0000002090,025,006,00157,NULL),
	(00002562,0000001242,025,006,00157,NULL),
	(00002563,0000002103,025,006,00157,NULL),
	(00002564,0000001179,025,006,00157,NULL),
	(00002565,0000002505,025,002,00146,NULL),
	(00002566,0000002283,025,002,00146,NULL),
	(00002567,0000002511,025,002,00146,NULL),
	(00002568,0000002193,025,002,00146,NULL),
	(00002569,0000002537,025,002,00146,NULL),
	(00002570,0000002212,025,002,00146,NULL),
	(00002571,0000002374,025,002,00146,NULL),
	(00002572,0000002323,025,002,00146,NULL),
	(00002573,0000002364,025,002,00146,NULL),
	(00002574,0000002333,025,002,00146,NULL),
	(00002575,0000002233,025,002,00146,NULL),
	(00002576,0000002243,025,002,00146,NULL),
	(00002577,0000002216,025,002,00146,NULL),
	(00002578,0000002330,025,002,00146,NULL),
	(00002579,0000002514,025,002,00146,NULL),
	(00002580,0000002215,025,002,00146,NULL),
	(00002581,0000002340,025,002,00146,NULL),
	(00002582,0000002169,025,002,00146,NULL),
	(00002583,0000002498,025,002,00146,NULL),
	(00002584,0000002302,025,002,00146,NULL),
	(00002585,0000002517,025,002,00146,NULL),
	(00002586,0000002371,025,002,00147,NULL),
	(00002587,0000002190,025,002,00147,NULL),
	(00002588,0000002334,025,002,00147,NULL),
	(00002589,0000002236,025,002,00147,NULL),
	(00002590,0000002520,025,002,00147,NULL),
	(00002591,0000002150,025,002,00147,NULL),
	(00002592,0000002239,025,002,00147,NULL),
	(00002593,0000002501,025,002,00147,NULL),
	(00002594,0000002523,025,002,00147,NULL),
	(00002595,0000002178,025,002,00147,NULL),
	(00002596,0000002206,025,002,00147,NULL),
	(00002597,0000002271,025,002,00147,NULL),
	(00002598,0000002420,025,002,00147,NULL),
	(00002599,0000002175,025,002,00147,NULL),
	(00002600,0000002253,025,002,00147,NULL),
	(00002601,0000002383,025,002,00147,NULL),
	(00002602,0000002360,025,002,00147,NULL),
	(00002603,0000002166,025,002,00147,NULL),
	(00002604,0000002535,025,002,00147,NULL),
	(00002605,0000002529,025,002,00147,NULL),
	(00002606,0000002247,025,002,00148,NULL),
	(00002607,0000002194,025,002,00148,NULL),
	(00002608,0000002172,025,002,00148,NULL),
	(00002609,0000002293,025,002,00148,NULL),
	(00002610,0000002250,025,002,00148,NULL),
	(00002611,0000002277,025,002,00148,NULL),
	(00002612,0000002319,025,002,00148,NULL),
	(00002613,0000002508,025,002,00148,NULL),
	(00002614,0000002504,025,002,00148,NULL),
	(00002615,0000002200,025,002,00148,NULL),
	(00002616,0000002545,025,002,00148,NULL),
	(00002617,0000002231,025,002,00148,NULL),
	(00002618,0000002160,025,002,00148,NULL),
	(00002619,0000002203,025,002,00148,NULL),
	(00002620,0000002296,025,002,00148,NULL),
	(00002621,0000002299,025,002,00148,NULL),
	(00002622,0000002348,025,002,00148,NULL),
	(00002623,0000002163,025,002,00148,NULL),
	(00002624,0000002526,025,002,00148,NULL),
	(00002625,0000002187,025,002,00148,NULL),
	(00002626,0000002469,025,001,00143,NULL),
	(00002627,0000002695,025,001,00143,NULL),
	(00002628,0000002450,025,001,00143,NULL),
	(00002629,0000002459,025,001,00143,NULL),
	(00002630,0000002611,025,001,00143,NULL),
	(00002631,0000002679,025,001,00143,NULL),
	(00002632,0000002447,025,001,00143,NULL),
	(00002633,0000002683,025,001,00143,NULL),
	(00002634,0000002760,025,001,00143,NULL),
	(00002635,0000002614,025,001,00143,NULL),
	(00002636,0000002485,025,001,00143,NULL),
	(00002637,0000002472,025,001,00143,NULL),
	(00002638,0000002610,025,001,00143,NULL),
	(00002639,0000002636,025,001,00143,NULL),
	(00002640,0000002627,025,001,00143,NULL),
	(00002641,0000002754,025,001,00143,NULL),
	(00002642,0000002615,025,001,00143,NULL),
	(00002643,0000002601,025,001,00143,NULL),
	(00002644,0000002746,025,001,00143,NULL),
	(00002645,0000002482,025,001,00143,NULL),
	(00002646,0000002715,025,001,00143,NULL),
	(00002647,0000002430,025,001,00144,NULL),
	(00002648,0000002657,025,001,00144,NULL),
	(00002649,0000002460,025,001,00144,NULL),
	(00002650,0000002630,025,001,00144,NULL),
	(00002651,0000002621,025,001,00144,NULL),
	(00002652,0000002692,025,001,00144,NULL),
	(00002653,0000002607,025,001,00144,NULL),
	(00002654,0000002633,025,001,00144,NULL),
	(00002655,0000002426,025,001,00144,NULL),
	(00002656,0000002652,025,001,00144,NULL),
	(00002657,0000002699,025,001,00144,NULL),
	(00002658,0000002642,025,001,00144,NULL),
	(00002659,0000002453,025,001,00144,NULL),
	(00002660,0000002702,025,001,00144,NULL),
	(00002661,0000002743,025,001,00144,NULL),
	(00002662,0000002645,025,001,00144,NULL),
	(00002663,0000002476,025,001,00144,NULL),
	(00002664,0000002663,025,001,00144,NULL),
	(00002665,0000002651,025,001,00144,NULL),
	(00002666,0000002563,025,001,00144,NULL),
	(00002667,0000002696,025,001,00144,NULL),
	(00002668,0000002749,025,001,00145,NULL),
	(00002669,0000002580,025,001,00145,NULL),
	(00002670,0000002624,025,001,00145,NULL),
	(00002671,0000002654,025,001,00145,NULL),
	(00002672,0000002666,025,001,00145,NULL),
	(00002673,0000002466,025,001,00145,NULL),
	(00002674,0000002686,025,001,00145,NULL),
	(00002675,0000002726,025,001,00145,NULL),
	(00002676,0000002586,025,001,00145,NULL),
	(00002677,0000002639,025,001,00145,NULL),
	(00002678,0000002473,025,001,00145,NULL),
	(00002679,0000002433,025,001,00145,NULL),
	(00002680,0000002711,025,001,00145,NULL),
	(00002681,0000002436,025,001,00145,NULL),
	(00002682,0000002479,025,001,00145,NULL),
	(00002683,0000002427,025,001,00145,NULL),
	(00002684,0000002689,025,001,00145,NULL),
	(00002685,0000002708,025,001,00145,NULL),
	(00002686,0000002670,025,001,00145,NULL),
	(00002687,0000002576,025,001,00145,NULL),
	(00002688,0000002566,025,001,00145,NULL),
	(00002689,0000002618,025,001,00162,NULL),
	(00002690,0000002573,025,001,00162,NULL),
	(00002691,0000002592,025,001,00162,NULL),
	(00002692,0000002583,025,001,00162,NULL),
	(00002693,0000002705,025,001,00162,NULL),
	(00002694,0000002660,025,001,00162,NULL),
	(00002695,0000002598,025,001,00162,NULL),
	(00002696,0000002589,025,001,00162,NULL),
	(00002697,0000002604,025,001,00162,NULL),
	(00002698,0000002425,025,001,00162,NULL),
	(00002699,0000002676,025,001,00162,NULL),
	(00002700,0000002595,025,001,00162,NULL),
	(00002701,0000002700,025,001,00162,NULL),
	(00002702,0000002463,025,001,00162,NULL),
	(00002703,0000002648,025,001,00162,NULL),
	(00002704,0000002761,025,001,00162,NULL),
	(00002705,0000002714,025,001,00162,NULL),
	(00002706,0000002680,025,001,00162,NULL),
	(00002707,0000002570,025,001,00145,NULL),
	(00002708,0000002770,025,001,00143,NULL),
	(00002709,0000002577,025,001,00143,NULL),
	(00002710,0000002757,025,001,00143,NULL),
	(00002711,0000002225,025,001,00143,NULL),
	(00002712,0000002764,025,001,00143,NULL),
	(00002713,0000002567,025,001,00143,NULL),
	(00002714,0000002456,025,001,00143,NULL),
	(00002715,0000002667,025,001,00143,NULL),
	(00002716,0000002740,025,001,00143,NULL),
	(00002717,0000002274,025,001,00143,NULL),
	(00002718,0000002752,025,001,00143,NULL),
	(00002719,0000002767,025,001,00143,NULL),
	(00002720,0000002033,025,004,00151,NULL),
	(00002721,0000002022,025,003,00159,NULL),
	(00002722,0000001677,025,004,00152,NULL),
	(00002723,0000002404,025,003,00159,NULL),
	(00002724,0000002079,025,003,00159,NULL),
	(00002725,0000001819,025,007,00156,NULL),
	(00002726,0000002113,025,003,00149,NULL),
	(00002727,0000002386,025,004,00163,NULL),
	(00002728,0000002081,025,004,00152,NULL),
	(00002729,0000001977,025,003,00150,NULL),
	(00002730,0000001974,025,003,00149,NULL),
	(00002731,0000001591,025,004,00151,NULL),
	(00002732,0000001744,025,004,00151,NULL),
	(00002733,0000000925,025,007,00143,NULL),
	(00002734,0000001617,025,004,00152,NULL),
	(00002735,0000001019,025,007,00156,NULL),
	(00002736,0000001891,025,003,00150,NULL),
	(00002737,0000001207,025,006,00157,NULL),
	(00002738,0000002123,025,003,00159,NULL),
	(00002739,0000002093,025,003,00159,NULL),
	(00002740,0000001263,025,006,00155,NULL),
	(00002741,0000001878,025,003,00149,NULL),
	(00002742,0000002541,025,007,00156,NULL),
	(00002743,0000002037,025,003,00150,NULL),
	(00002744,0000001970,025,003,00159,NULL),
	(00002745,0000002135,025,003,00150,NULL),
	(00002746,0000002035,025,004,00152,NULL),
	(00002747,0000001918,025,003,00150,NULL),
	(00002748,0000001686,025,004,00151,NULL),
	(00002749,0000002327,025,003,00149,NULL),
	(00002750,0000002389,025,003,00150,NULL),
	(00002751,0000001901,025,003,00149,NULL),
	(00002752,0000001700,025,004,00152,NULL),
	(00002753,0000001779,025,004,00151,NULL),
	(00002754,0000001882,025,003,00149,NULL),
	(00002755,0000001739,025,004,00152,NULL),
	(00002756,0000000876,025,007,00156,NULL),
	(00002757,0000002265,025,002,00148,NULL),
	(00002758,0000001992,025,003,00149,NULL),
	(00002759,0000001934,025,003,00149,NULL),
	(00002760,0000002116,025,003,00159,NULL),
	(00002761,0000001879,025,003,00159,NULL),
	(00002762,0000001657,025,004,00163,NULL),
	(00002763,0000001801,025,004,00151,NULL),
	(00002764,0000002019,025,003,00159,NULL),
	(00002765,0000002548,025,004,00163,NULL),
	(00002766,0000000934,025,007,00156,NULL),
	(00002767,0000000937,025,007,00156,NULL),
	(00002768,0000000931,025,007,00156,NULL),
	(00002769,0000002087,025,004,00152,NULL),
	(00002770,0000001831,025,004,00163,NULL),
	(00002771,0000002268,025,002,00148,NULL),
	(00002772,0000001928,025,003,00159,NULL),
	(00002773,0000001925,025,003,00159,NULL),
	(00002774,0000002495,025,003,00149,NULL),
	(00002775,0000000913,025,007,00156,NULL),
	(00002776,0000000964,025,007,00156,NULL),
	(00002777,0000001667,025,004,00163,NULL),
	(00002778,0000001937,025,003,00150,NULL),
	(00002779,0000001791,025,004,00151,NULL),
	(00002780,0000001986,025,003,00150,NULL),
	(00002781,0000001913,025,003,00150,NULL),
	(00002782,0000002673,025,004,00152,NULL),
	(00002783,0000001885,025,003,00150,NULL),
	(00002784,0000002006,025,003,00149,NULL),
	(00002785,0000001753,025,004,00163,NULL),
	(00002786,0000002009,025,003,00149,NULL),
	(00002787,0000002076,025,003,00150,NULL),
	(00002788,0000001616,025,004,00163,NULL),
	(00002789,0000001022,025,007,00156,NULL),
	(00002790,0000002401,025,004,00152,NULL),
	(00002791,0000001960,025,003,00159,NULL),
	(00002792,0000001983,025,003,00149,NULL),
	(00002793,0000001905,025,003,00150,NULL),
	(00002794,0000001888,025,003,00150,NULL),
	(00002795,0000001721,025,004,00151,NULL),
	(00002796,0000001166,025,006,00155,NULL),
	(00002797,0000000897,025,007,00156,NULL),
	(00002798,0000002395,025,002,00146,NULL),
	(00002799,0000001796,025,004,00163,NULL),
	(00002800,0000002156,025,004,00151,NULL),
	(00002801,0000002029,025,003,00159,NULL),
	(00002802,0000002262,025,002,00148,NULL),
	(00002803,0000002719,025,004,00151,NULL),
	(00002804,0000002060,025,004,00152,NULL),
	(00002805,0000002066,025,004,00152,NULL),
	(00002806,0000002000,025,003,00150,NULL),
	(00002807,0000002441,025,004,00163,NULL),
	(00002808,0000001222,025,006,00155,NULL),
	(00002809,0000001870,025,003,00149,NULL),
	(00002810,0000001921,025,003,00150,NULL),
	(00002811,0000002129,025,003,00159,NULL),
	(00002812,0000001773,025,004,00152,NULL),
	(00002813,0000001761,025,004,00151,NULL),
	(00002814,0000002109,025,006,00155,NULL),
	(00002815,0000002723,025,004,00163,NULL),
	(00002816,0000002555,025,003,00150,NULL),
	(00002817,0000001603,025,004,00163,NULL),
	(00002818,0000001946,025,003,00159,NULL),
	(00002819,0000001914,025,003,00149,NULL),
	(00002820,0000002309,025,004,00151,NULL),
	(00002821,0000001955,025,003,00150,NULL),
	(00002822,0000000922,025,007,00156,NULL),
	(00002823,0000002141,025,003,00150,NULL),
	(00002824,0000002063,025,004,00163,NULL),
	(00002825,0000002491,025,003,00149,NULL),
	(00002826,0000001897,025,003,00149,NULL),
	(00002827,0000000928,025,007,00156,NULL),
	(00002828,0000001995,025,003,00149,NULL),
	(00002829,0000001904,025,003,00159,NULL),
	(00002830,0000001609,025,004,00163,NULL),
	(00002831,0000001730,025,004,00151,NULL),
	(00002832,0000002184,025,007,00156,NULL),
	(00002833,0000001848,025,004,00152,NULL),
	(00002834,0000002056,025,003,00150,NULL),
	(00002835,0000002737,025,004,00151,NULL),
	(00002836,0000001627,025,004,00152,NULL),
	(00002837,0000001600,025,004,00151,NULL),
	(00002838,0000001894,025,003,00159,NULL),
	(00002839,0000002012,025,003,00150,NULL),
	(00002840,0000001645,025,004,00152,NULL),
	(00002841,0000001915,025,003,00149,NULL),
	(00002842,0000001980,025,003,00149,NULL),
	(00002843,0000002532,025,003,00149,NULL),
	(00002844,0000001639,025,004,00151,NULL),
	(00002845,0000001642,025,004,00151,NULL),
	(00002846,0000000905,025,007,00156,NULL),
	(00002847,0000001924,025,003,00150,NULL),
	(00002848,0000001182,025,006,00155,NULL),
	(00002849,0000002232,025,002,00146,NULL),
	(00002850,0000001706,025,004,00152,NULL),
	(00002851,0000002040,025,003,00159,NULL),
	(00002852,0000001654,025,004,00163,NULL),
	(00002853,0000001828,025,004,00152,NULL),
	(00002854,0000001911,025,003,00159,NULL),
	(00002855,0000001858,025,004,00163,NULL),
	(00002856,0000002280,025,003,00149,NULL),
	(00002857,0000001735,025,004,00152,NULL),
	(00002858,0000001898,025,003,00150,NULL),
	(00002859,0000001964,025,003,00150,NULL),
	(00002860,0000001931,025,003,00159,NULL),
	(00002861,0000001016,025,007,00156,NULL),
	(00002862,0000001713,025,004,00163,NULL),
	(00002863,0000001008,025,007,00156,NULL),
	(00002864,0000001989,025,003,00159,NULL),
	(00002865,0000001593,025,004,00151,NULL),
	(00002866,0000001864,025,003,00149,NULL),
	(00002867,0000001612,025,004,00152,NULL),
	(00002868,0000002097,025,004,00151,NULL),
	(00002869,0000001628,025,004,00163,NULL),
	(00002870,0000001621,025,004,00163,NULL),
	(00002871,0000002488,025,004,00152,NULL),
	(00002872,0000002392,025,007,00156,NULL),
	(00002873,0000001875,025,003,00159,NULL);

ALTER TABLE `gibbonStudentEnrolment` ENABLE KEYS;
UNLOCK TABLES;


# Dump of table gibbonTT
# ------------------------------------------------------------

LOCK TABLES `gibbonTT` WRITE;
ALTER TABLE `gibbonTT` DISABLE KEYS;

INSERT INTO `gibbonTT` (`gibbonTTID`, `AcademicYearID`, `name`, `nameShort`, `nameShortDisplay`, `gibbonYearGroupIDList`, `active`)
VALUES
	(00000010,025,'2019-2020 TT','2019-2020TT','Timetable Day Short Name','001,002,003,004,005,006,007','Y');

ALTER TABLE `gibbonTT` ENABLE KEYS;
UNLOCK TABLES;


# Dump of table gibbonTTColumn
# ------------------------------------------------------------

LOCK TABLES `gibbonTTColumn` WRITE;
ALTER TABLE `gibbonTTColumn` DISABLE KEYS;

INSERT INTO `gibbonTTColumn` (`gibbonTTColumnID`, `name`, `nameShort`)
VALUES
	(000038,'2019-20 Mon','201920Mo'),
	(000039,'2019-20 Tue','201920Tu'),
	(000040,'2019-20 Wed','201920We'),
	(000041,'2019-20 Thu','201920Th'),
	(000042,'2019-20 Fri','201920Fri');

ALTER TABLE `gibbonTTColumn` ENABLE KEYS;
UNLOCK TABLES;


# Dump of table gibbonTTColumnRow
# ------------------------------------------------------------

LOCK TABLES `gibbonTTColumnRow` WRITE;
ALTER TABLE `gibbonTTColumnRow` DISABLE KEYS;

INSERT INTO `gibbonTTColumnRow` (`gibbonTTColumnRowID`, `gibbonTTColumnID`, `name`, `nameShort`, `timeStart`, `timeEnd`, `type`)
VALUES
	(00000302,000038,'Registration','Reg','08:15:00','08:30:00','Pastoral'),
	(00000303,000038,'Period 1','P1','08:30:00','09:40:00','Lesson'),
	(00000304,000038,'Period 2','P2','09:40:00','10:50:00','Lesson'),
	(00000305,000038,'Break 1','B1','10:50:00','11:10:00','Break'),
	(00000306,000038,'Period 3','P3','11:10:00','12:20:00','Lesson'),
	(00000307,000038,'Break 2','B2','12:20:00','13:10:00','Break'),
	(00000308,000038,'Period 4','P4','13:10:00','14:20:00','Lesson'),
	(00000309,000038,'Period 5','P5','14:20:00','15:30:00','Lesson'),
	(00000310,000039,'Registration','Reg','08:15:00','08:30:00','Pastoral'),
	(00000311,000039,'Period 1','P1','08:30:00','09:40:00','Lesson'),
	(00000312,000039,'Period 2','P2','09:40:00','10:50:00','Lesson'),
	(00000313,000039,'Break 1','B1','10:50:00','11:10:00','Break'),
	(00000314,000039,'Period 3','P3','11:10:00','12:20:00','Lesson'),
	(00000315,000039,'Break 2','B2','12:20:00','13:10:00','Break'),
	(00000316,000039,'Period 4','P4','13:10:00','14:20:00','Lesson'),
	(00000317,000039,'Activities','Act','14:20:00','15:30:00','Other'),
	(00000318,000040,'Period 1','P1','08:55:00','10:00:00','Lesson'),
	(00000319,000040,'Period 2','P2','10:00:00','11:05:00','Lesson'),
	(00000320,000040,'Break 1','B1','11:05:00','11:25:00','Break'),
	(00000321,000040,'Period 3','P3','11:25:00','12:30:00','Lesson'),
	(00000322,000040,'Break 2','B2','12:30:00','13:15:00','Break'),
	(00000323,000040,'Period 4','P4','13:15:00','14:20:00','Lesson'),
	(00000324,000040,'Collaboratio','Coll','14:20:00','16:30:00','Other'),
	(00000325,000041,'Registration','Reg','08:15:00','08:30:00','Pastoral'),
	(00000326,000041,'Period 1','P1','08:30:00','09:40:00','Lesson'),
	(00000327,000041,'Period 2','P2','09:40:00','10:50:00','Lesson'),
	(00000328,000041,'Break 1','B1','10:50:00','11:10:00','Break'),
	(00000329,000041,'Period 3','P3','11:10:00','12:20:00','Lesson'),
	(00000330,000041,'Break 2','B2','12:20:00','13:10:00','Break'),
	(00000331,000041,'Period 4','P4','13:10:00','14:20:00','Lesson'),
	(00000332,000041,'Period 5','P5','14:20:00','15:30:00','Lesson'),
	(00000333,000042,'Registration','Reg','08:15:00','08:30:00','Pastoral'),
	(00000334,000042,'Period 1','P1','08:30:00','09:40:00','Lesson'),
	(00000335,000042,'Period 2','P2','09:40:00','10:50:00','Lesson'),
	(00000336,000042,'Break 1','B1','10:50:00','11:10:00','Break'),
	(00000337,000042,'Period 3','P3','11:10:00','12:20:00','Lesson'),
	(00000338,000042,'Break 2','B2','12:20:00','13:10:00','Break'),
	(00000339,000042,'Period 4','P4','13:10:00','14:20:00','Lesson'),
	(00000340,000042,'Period 5','P5','14:20:00','15:30:00','Lesson'),
	(00000341,000038,'Meetings','Meet','15:30:00','16:30:00','Other'),
	(00000342,000040,'Tutorial','Tut','08:15:00','08:55:00','Pastoral'),
	(00000343,000041,'Clinics','Cln','15:30:00','16:30:00','Other');

ALTER TABLE `gibbonTTColumnRow` ENABLE KEYS;
UNLOCK TABLES;


# Dump of table gibbonTTDay
# ------------------------------------------------------------

LOCK TABLES `gibbonTTDay` WRITE;
ALTER TABLE `gibbonTTDay` DISABLE KEYS;

INSERT INTO `gibbonTTDay` (`gibbonTTDayID`, `gibbonTTID`, `gibbonTTColumnID`, `name`, `nameShort`, `color`, `fontColor`)
VALUES
	(0000000061,00000010,000038,'Mon 1 Red','Mo1R','cc0000','ffffff'),
	(0000000062,00000010,000039,'Tue 1 Red','Tu1R','cc0000','ffffff'),
	(0000000063,00000010,000040,'Wed 1 Red','We1R','cc0000','ffffff'),
	(0000000064,00000010,000041,'Thu 1 Red','Th1R','cc0000','ffffff'),
	(0000000065,00000010,000042,'Fri 1 Red','Fr1R','cc0000','ffffff'),
	(0000000066,00000010,000038,'Mon 2 Blue','Mo2B','0000cc','ffffff'),
	(0000000067,00000010,000039,'Tue 2 Blue ','Tu2B','0000cc','ffffff'),
	(0000000068,00000010,000040,'Wed 2 Blue','We2B','0000cc','ffffff'),
	(0000000069,00000010,000041,'Thu 2 Blue','Th2B','0000cc','ffffff'),
	(0000000070,00000010,000042,'Fri 2 Blue','Fr2B','0000cc','ffffff');

ALTER TABLE `gibbonTTDay` ENABLE KEYS;
UNLOCK TABLES;


# Dump of table gibbonTTDayDate
# ------------------------------------------------------------

LOCK TABLES `gibbonTTDayDate` WRITE;
ALTER TABLE `gibbonTTDayDate` DISABLE KEYS;


INSERT INTO `gibbonTTDayDate` (`gibbonTTDayDateID`, `gibbonTTDayID`, `date`)
VALUES
	(0000001638,0000000064,'2019-08-15'),
	(0000001639,0000000064,'2019-08-29'),
	(0000001640,0000000064,'2019-09-12'),
	(0000001641,0000000064,'2019-09-26'),
	(0000001642,0000000064,'2019-10-17'),
	(0000001643,0000000064,'2019-10-31'),
	(0000001644,0000000064,'2019-11-21'),
	(0000001645,0000000064,'2019-12-05'),
	(0000001646,0000000064,'2020-01-09'),
	(0000001647,0000000064,'2020-01-23'),
	(0000001648,0000000064,'2020-02-13'),
	(0000001649,0000000064,'2020-02-27'),
	(0000001650,0000000064,'2020-03-12'),
	(0000001651,0000000064,'2020-03-26'),
	(0000001652,0000000064,'2020-04-23'),
	(0000001656,0000000065,'2019-08-16'),
	(0000001657,0000000065,'2019-08-30'),
	(0000001658,0000000065,'2019-09-13'),
	(0000001659,0000000065,'2019-09-27'),
	(0000001660,0000000065,'2019-10-18'),
	(0000001661,0000000065,'2019-11-01'),
	(0000001662,0000000065,'2019-11-22'),
	(0000001663,0000000065,'2019-12-06'),
	(0000001664,0000000065,'2020-01-10'),
	(0000001665,0000000065,'2020-02-14'),
	(0000001666,0000000065,'2020-02-28'),
	(0000001667,0000000065,'2020-03-13'),
	(0000001668,0000000065,'2020-03-27'),
	(0000001669,0000000065,'2020-04-24'),
	(0000001673,0000000063,'2019-08-28'),
	(0000001674,0000000063,'2019-09-11'),
	(0000001675,0000000063,'2019-09-25'),
	(0000001676,0000000063,'2019-10-16'),
	(0000001677,0000000063,'2019-10-30'),
	(0000001678,0000000063,'2019-11-20'),
	(0000001679,0000000063,'2019-12-04'),
	(0000001680,0000000063,'2020-01-08'),
	(0000001681,0000000063,'2020-01-22'),
	(0000001682,0000000063,'2020-02-12'),
	(0000001683,0000000063,'2020-02-26'),
	(0000001684,0000000063,'2020-03-11'),
	(0000001685,0000000063,'2020-03-25'),
	(0000001686,0000000063,'2020-04-22'),
	(0000001691,0000000062,'2019-08-27'),
	(0000001692,0000000062,'2019-09-10'),
	(0000001693,0000000062,'2019-09-24'),
	(0000001694,0000000062,'2019-10-15'),
	(0000001695,0000000062,'2019-10-29'),
	(0000001696,0000000062,'2019-11-19'),
	(0000001697,0000000062,'2019-12-03'),
	(0000001698,0000000062,'2020-01-07'),
	(0000001699,0000000062,'2020-01-21'),
	(0000001700,0000000062,'2020-02-11'),
	(0000001701,0000000062,'2020-02-25'),
	(0000001702,0000000062,'2020-03-10'),
	(0000001703,0000000062,'2020-03-24'),
	(0000001704,0000000062,'2020-04-21'),
	(0000001705,0000000065,'2020-05-08'),
	(0000001706,0000000065,'2020-05-22'),
	(0000001707,0000000065,'2020-06-05'),
	(0000001708,0000000065,'2020-06-19'),
	(0000001709,0000000064,'2020-05-07'),
	(0000001710,0000000064,'2020-05-21'),
	(0000001711,0000000064,'2020-06-04'),
	(0000001712,0000000064,'2020-06-18'),
	(0000001713,0000000063,'2020-05-06'),
	(0000001714,0000000063,'2020-05-20'),
	(0000001715,0000000063,'2020-06-03'),
	(0000001716,0000000063,'2020-06-17'),
	(0000001717,0000000062,'2020-05-05'),
	(0000001718,0000000062,'2020-05-19'),
	(0000001719,0000000062,'2020-06-02'),
	(0000001720,0000000062,'2020-06-16'),
	(0000001721,0000000061,'2019-08-26'),
	(0000001722,0000000061,'2019-09-09'),
	(0000001723,0000000061,'2019-09-23'),
	(0000001724,0000000061,'2019-10-14'),
	(0000001725,0000000061,'2019-10-28'),
	(0000001726,0000000061,'2019-11-18'),
	(0000001727,0000000061,'2019-12-02'),
	(0000001728,0000000061,'2020-01-06'),
	(0000001729,0000000061,'2020-01-20'),
	(0000001730,0000000061,'2020-02-10'),
	(0000001731,0000000061,'2020-02-24'),
	(0000001732,0000000061,'2020-03-09'),
	(0000001733,0000000061,'2020-03-23'),
	(0000001734,0000000061,'2020-04-20'),
	(0000001735,0000000061,'2020-05-04'),
	(0000001736,0000000061,'2020-05-18'),
	(0000001737,0000000061,'2020-06-01'),
	(0000001738,0000000061,'2020-06-15'),
	(0000001739,0000000066,'2019-08-19'),
	(0000001740,0000000066,'2019-09-02'),
	(0000001741,0000000066,'2019-09-16'),
	(0000001742,0000000066,'2019-09-30'),
	(0000001743,0000000066,'2019-10-21'),
	(0000001744,0000000066,'2019-11-11'),
	(0000001745,0000000066,'2019-11-25'),
	(0000001746,0000000066,'2019-12-09'),
	(0000001747,0000000066,'2020-01-13'),
	(0000001748,0000000066,'2020-02-17'),
	(0000001749,0000000066,'2020-03-02'),
	(0000001750,0000000066,'2020-03-16'),
	(0000001751,0000000066,'2020-03-30'),
	(0000001752,0000000066,'2020-04-27'),
	(0000001753,0000000066,'2020-05-11'),
	(0000001754,0000000066,'2020-05-25'),
	(0000001755,0000000066,'2020-06-08'),
	(0000001756,0000000066,'2020-06-22'),
	(0000001757,0000000067,'2019-08-20'),
	(0000001758,0000000067,'2019-09-03'),
	(0000001759,0000000067,'2019-09-17'),
	(0000001760,0000000067,'2019-10-22'),
	(0000001761,0000000067,'2019-11-12'),
	(0000001762,0000000067,'2019-11-26'),
	(0000001763,0000000067,'2019-12-10'),
	(0000001764,0000000067,'2020-01-14'),
	(0000001765,0000000067,'2020-02-04'),
	(0000001766,0000000067,'2020-02-18'),
	(0000001767,0000000067,'2020-03-03'),
	(0000001768,0000000067,'2020-03-17'),
	(0000001769,0000000067,'2020-03-31'),
	(0000001770,0000000067,'2020-04-28'),
	(0000001771,0000000067,'2020-05-12'),
	(0000001772,0000000067,'2020-05-26'),
	(0000001773,0000000067,'2020-06-09'),
	(0000001774,0000000067,'2020-06-23'),
	(0000001775,0000000068,'2019-08-21'),
	(0000001776,0000000068,'2019-09-04'),
	(0000001777,0000000068,'2019-09-18'),
	(0000001778,0000000068,'2019-10-02'),
	(0000001779,0000000068,'2019-10-23'),
	(0000001780,0000000068,'2019-11-13'),
	(0000001781,0000000068,'2019-11-27'),
	(0000001782,0000000068,'2019-12-11'),
	(0000001783,0000000068,'2020-01-15'),
	(0000001784,0000000068,'2020-02-05'),
	(0000001785,0000000068,'2020-02-19'),
	(0000001786,0000000068,'2020-03-04'),
	(0000001787,0000000068,'2020-03-18'),
	(0000001788,0000000068,'2020-04-01'),
	(0000001789,0000000068,'2020-04-29'),
	(0000001790,0000000068,'2020-05-13'),
	(0000001791,0000000068,'2020-05-27'),
	(0000001792,0000000068,'2020-06-10'),
	(0000001793,0000000068,'2020-06-24'),
	(0000001794,0000000069,'2019-08-22'),
	(0000001795,0000000069,'2019-09-05'),
	(0000001796,0000000069,'2019-09-19'),
	(0000001797,0000000069,'2019-10-03'),
	(0000001798,0000000069,'2019-10-24'),
	(0000001799,0000000069,'2019-11-14'),
	(0000001800,0000000069,'2019-11-28'),
	(0000001801,0000000069,'2019-12-12'),
	(0000001802,0000000069,'2020-01-16'),
	(0000001803,0000000069,'2020-02-06'),
	(0000001804,0000000069,'2020-02-20'),
	(0000001805,0000000069,'2020-03-05'),
	(0000001806,0000000069,'2020-03-19'),
	(0000001807,0000000069,'2020-04-02'),
	(0000001808,0000000069,'2020-05-14'),
	(0000001809,0000000069,'2020-05-28'),
	(0000001810,0000000069,'2020-06-11'),
	(0000001811,0000000070,'2019-08-23'),
	(0000001812,0000000070,'2019-09-06'),
	(0000001813,0000000070,'2019-09-20'),
	(0000001814,0000000070,'2019-10-04'),
	(0000001815,0000000070,'2019-10-25'),
	(0000001816,0000000070,'2019-11-15'),
	(0000001817,0000000070,'2019-11-29'),
	(0000001818,0000000070,'2019-12-13'),
	(0000001819,0000000070,'2020-01-17'),
	(0000001820,0000000070,'2020-02-07'),
	(0000001821,0000000070,'2020-02-21'),
	(0000001822,0000000070,'2020-03-06'),
	(0000001823,0000000070,'2020-03-20'),
	(0000001824,0000000070,'2020-04-03'),
	(0000001825,0000000070,'2020-05-15'),
	(0000001826,0000000070,'2020-05-29'),
	(0000001827,0000000070,'2020-06-12');

ALTER TABLE `gibbonTTDayDate` ENABLE KEYS;
UNLOCK TABLES;


# Dump of table gibbonTTDayRowClass
# ------------------------------------------------------------

LOCK TABLES `gibbonTTDayRowClass` WRITE;
ALTER TABLE `gibbonTTDayRowClass` DISABLE KEYS;

INSERT INTO `gibbonttdayrowclass` (`gibbonTTDayRowClassID`, `gibbonTTColumnRowID`, `gibbonTTDayID`, `gibbonCourseClassID`, `facility`) VALUES
(000000013169, 00000337, 0000000070, 00002409, 0000000007),
(000000013170, 00000335, 0000000070, 00002408, 0000000007),
(000000013171, 00000327, 0000000064, 00002408, 0000000007),
(000000013172, 00000309, 0000000061, 00002407, 0000000007),
(000000013173, 00000304, 0000000066, 00002407, 0000000007),
(000000013174, 00000306, 0000000061, 00002518, 0000000007),
(000000013175, 00000309, 0000000066, 00002518, 0000000007),
(000000013176, 00000303, 0000000061, 00002484, 0000000007),
(000000013177, 00000304, 0000000061, 00002484, 0000000007),
(000000013178, 00000303, 0000000066, 00002484, 0000000007),
(000000013179, 00000319, 0000000063, 00002484, 0000000007),
(000000013180, 00000319, 0000000068, 00002484, 0000000007),
(000000013181, 00000306, 0000000061, 00002280, 0000000052),
(000000013182, 00000308, 0000000061, 00002280, 0000000052),
(000000013183, 00000308, 0000000066, 00002280, 0000000052),
(000000013184, 00000332, 0000000064, 00002280, 0000000052),
(000000013185, 00000323, 0000000068, 00002280, 0000000052),
(000000013186, 00000327, 0000000064, 00002310, 0000000052),
(000000013187, 00000331, 0000000064, 00002310, 0000000052),
(000000013188, 00000331, 0000000069, 00002310, 0000000052),
(000000013189, 00000311, 0000000062, 00002310, 0000000052),
(000000013190, 00000311, 0000000067, 00002310, 0000000052),
(000000013191, 00000304, 0000000061, 00002412, 0000000030),
(000000013192, 00000304, 0000000066, 00002412, 0000000030),
(000000013193, 00000314, 0000000067, 00002412, 0000000030),
(000000013194, 00000319, 0000000063, 00002412, 0000000030),
(000000013195, 00000319, 0000000068, 00002412, 0000000030),
(000000013197, 00000308, 0000000061, 00002411, 0000000029),
(000000013198, 00000309, 0000000066, 00002411, 0000000029),
(000000013199, 00000327, 0000000069, 00002411, 0000000029),
(000000013200, 00000319, 0000000068, 00002411, 0000000029),
(000000013201, 00000334, 0000000070, 00002410, 0000000029),
(000000013202, 00000303, 0000000061, 00002410, 0000000029),
(000000013203, 00000303, 0000000066, 00002410, 0000000029),
(000000013204, 00000327, 0000000064, 00002410, 0000000029),
(000000013205, 00000319, 0000000063, 00002410, 0000000029),
(000000013207, 00000335, 0000000070, 00002519, 0000000029),
(000000013208, 00000309, 0000000061, 00002519, 0000000029),
(000000013209, 00000308, 0000000066, 00002519, 0000000029),
(000000013210, 00000321, 0000000063, 00002519, 0000000029),
(000000013211, 00000308, 0000000061, 00002447, 0000000030),
(000000013212, 00000309, 0000000066, 00002447, 0000000001),
(000000013213, 00000311, 0000000062, 00002447, 0000000030),
(000000013214, 00000311, 0000000067, 00002447, 0000000030),
(000000013215, 00000323, 0000000063, 00002447, 0000000030),
(000000013216, 00000323, 0000000068, 00002447, 0000000030),
(000000013218, 00000303, 0000000061, 00002446, 0000000031),
(000000013219, 00000309, 0000000066, 00002446, 0000000031),
(000000013220, 00000329, 0000000069, 00002446, 0000000030),
(000000013221, 00000323, 0000000063, 00002446, 0000000009),
(000000013222, 00000318, 0000000068, 00002446, 0000000030),
(000000013223, 00000335, 0000000070, 00002445, 0000000030),
(000000013224, 00000308, 0000000061, 00002445, 0000000032),
(000000013225, 00000303, 0000000066, 00002445, 0000000031),
(000000013226, 00000326, 0000000064, 00002445, 0000000030),
(000000013227, 00000326, 0000000069, 00002445, 0000000030),
(000000013228, 00000311, 0000000062, 00002445, 0000000031),
(000000013229, 00000334, 0000000070, 00002336, 0000000032),
(000000013230, 00000306, 0000000061, 00002336, 0000000032),
(000000013231, 00000306, 0000000066, 00002336, 0000000032),
(000000013232, 00000323, 0000000063, 00002336, 0000000032),
(000000013233, 00000323, 0000000068, 00002336, 0000000032),
(000000013234, 00000326, 0000000064, 00002370, 0000000032),
(000000013235, 00000326, 0000000069, 00002370, 0000000032),
(000000013236, 00000332, 0000000064, 00002337, 0000000011),
(000000013237, 00000332, 0000000069, 00002337, 0000000011),
(000000013238, 00000323, 0000000063, 00002337, 0000000011),
(000000013239, 00000323, 0000000068, 00002337, 0000000011),
(000000013241, 00000340, 0000000070, 00002371, 0000000032),
(000000013242, 00000319, 0000000068, 00002371, 0000000032),
(000000013243, 00000312, 0000000062, 00002339, 0000000022),
(000000013244, 00000312, 0000000067, 00002339, 0000000022),
(000000013245, 00000321, 0000000063, 00002339, 0000000022),
(000000013246, 00000321, 0000000068, 00002339, 0000000022),
(000000013247, 00000311, 0000000062, 00002373, 0000000022),
(000000013248, 00000311, 0000000067, 00002373, 0000000022),
(000000013249, 00000309, 0000000061, 00002340, 0000000022),
(000000013250, 00000309, 0000000066, 00002340, 0000000022),
(000000013251, 00000306, 0000000061, 00002374, 0000000022),
(000000013252, 00000306, 0000000066, 00002374, 0000000022),
(000000013254, 00000340, 0000000070, 00002414, 0000000047),
(000000013255, 00000326, 0000000064, 00002414, 0000000047),
(000000013256, 00000326, 0000000069, 00002414, 0000000047),
(000000013257, 00000316, 0000000062, 00002414, 0000000047),
(000000013258, 00000316, 0000000067, 00002414, 0000000047),
(000000013260, 00000340, 0000000070, 00002413, 0000000048),
(000000013261, 00000326, 0000000064, 00002413, 0000000048),
(000000013262, 00000326, 0000000069, 00002413, 0000000048),
(000000013263, 00000316, 0000000062, 00002413, 0000000048),
(000000013264, 00000316, 0000000067, 00002413, 0000000048),
(000000013266, 00000340, 0000000070, 00002417, 0000000010),
(000000013267, 00000326, 0000000064, 00002417, 0000000010),
(000000013268, 00000326, 0000000069, 00002417, 0000000010),
(000000013269, 00000316, 0000000062, 00002417, 0000000010),
(000000013270, 00000316, 0000000067, 00002417, 0000000010),
(000000013272, 00000340, 0000000070, 00002416, 0000000049),
(000000013273, 00000326, 0000000064, 00002416, 0000000049),
(000000013274, 00000326, 0000000069, 00002416, 0000000049),
(000000013275, 00000316, 0000000062, 00002416, 0000000049),
(000000013276, 00000316, 0000000067, 00002416, 0000000049),
(000000013277, 00000332, 0000000064, 00002449, 0000000047),
(000000013278, 00000332, 0000000069, 00002449, 0000000047),
(000000013279, 00000314, 0000000062, 00002449, 0000000047),
(000000013280, 00000314, 0000000067, 00002449, 0000000047),
(000000013281, 00000321, 0000000063, 00002449, 0000000047),
(000000013282, 00000321, 0000000068, 00002449, 0000000047),
(000000013283, 00000332, 0000000064, 00002448, 0000000046),
(000000013284, 00000332, 0000000069, 00002448, 0000000046),
(000000013285, 00000314, 0000000062, 00002448, 0000000046),
(000000013286, 00000314, 0000000067, 00002448, 0000000046),
(000000013287, 00000321, 0000000063, 00002448, 0000000046),
(000000013288, 00000321, 0000000068, 00002448, 0000000046),
(000000013289, 00000332, 0000000064, 00002452, 0000000010),
(000000013290, 00000332, 0000000069, 00002452, 0000000010),
(000000013291, 00000314, 0000000062, 00002452, 0000000010),
(000000013292, 00000314, 0000000067, 00002452, 0000000010),
(000000013293, 00000321, 0000000063, 00002452, 0000000010),
(000000013294, 00000321, 0000000068, 00002452, 0000000010),
(000000013295, 00000332, 0000000064, 00002451, 0000000049),
(000000013296, 00000332, 0000000069, 00002451, 0000000049),
(000000013297, 00000314, 0000000062, 00002451, 0000000049),
(000000013298, 00000314, 0000000067, 00002451, 0000000049),
(000000013299, 00000321, 0000000063, 00002451, 0000000049),
(000000013300, 00000321, 0000000068, 00002451, 0000000049),
(000000013301, 00000332, 0000000064, 00002450, 0000000048),
(000000013302, 00000332, 0000000069, 00002450, 0000000048),
(000000013303, 00000314, 0000000062, 00002450, 0000000048),
(000000013304, 00000314, 0000000067, 00002450, 0000000048),
(000000013305, 00000321, 0000000063, 00002450, 0000000048),
(000000013306, 00000321, 0000000068, 00002450, 0000000048),
(000000013308, 00000339, 0000000070, 00002486, 0000000010),
(000000013309, 00000306, 0000000061, 00002486, 0000000010),
(000000013310, 00000306, 0000000066, 00002486, 0000000010),
(000000013311, 00000327, 0000000064, 00002486, 0000000010),
(000000013312, 00000327, 0000000069, 00002486, 0000000010),
(000000013314, 00000339, 0000000070, 00002485, 0000000049),
(000000013315, 00000306, 0000000061, 00002485, 0000000049),
(000000013316, 00000306, 0000000066, 00002485, 0000000049),
(000000013317, 00000327, 0000000064, 00002485, 0000000049),
(000000013318, 00000327, 0000000069, 00002485, 0000000049),
(000000013320, 00000339, 0000000070, 00002489, 0000000046),
(000000013321, 00000306, 0000000061, 00002489, 0000000046),
(000000013322, 00000306, 0000000066, 00002489, 0000000046),
(000000013323, 00000327, 0000000064, 00002489, 0000000046),
(000000013324, 00000327, 0000000069, 00002489, 0000000046),
(000000013326, 00000339, 0000000070, 00002487, 0000000048),
(000000013327, 00000306, 0000000061, 00002487, 0000000048),
(000000013328, 00000306, 0000000066, 00002487, 0000000048),
(000000013329, 00000327, 0000000064, 00002487, 0000000048),
(000000013330, 00000327, 0000000069, 00002487, 0000000048),
(000000013332, 00000339, 0000000070, 00002488, 0000000047),
(000000013333, 00000306, 0000000061, 00002488, 0000000047),
(000000013334, 00000306, 0000000066, 00002488, 0000000047),
(000000013335, 00000327, 0000000064, 00002488, 0000000047),
(000000013336, 00000327, 0000000069, 00002488, 0000000047),
(000000013338, 00000337, 0000000070, 00002282, 0000000048),
(000000013339, 00000303, 0000000061, 00002282, 0000000048),
(000000013340, 00000303, 0000000066, 00002282, 0000000048),
(000000013341, 00000319, 0000000063, 00002282, 0000000048),
(000000013342, 00000319, 0000000068, 00002282, 0000000048),
(000000013344, 00000337, 0000000070, 00002281, 0000000010),
(000000013345, 00000303, 0000000061, 00002281, 0000000010),
(000000013346, 00000303, 0000000066, 00002281, 0000000010),
(000000013347, 00000319, 0000000063, 00002281, 0000000010),
(000000013348, 00000319, 0000000068, 00002281, 0000000010),
(000000013350, 00000337, 0000000070, 00002284, 0000000049),
(000000013351, 00000303, 0000000061, 00002284, 0000000049),
(000000013352, 00000303, 0000000066, 00002284, 0000000049),
(000000013353, 00000319, 0000000063, 00002284, 0000000049),
(000000013354, 00000319, 0000000068, 00002284, 0000000049),
(000000013356, 00000337, 0000000070, 00002283, 0000000047),
(000000013357, 00000303, 0000000061, 00002283, 0000000047),
(000000013358, 00000303, 0000000066, 00002283, 0000000047),
(000000013359, 00000319, 0000000063, 00002283, 0000000047),
(000000013360, 00000319, 0000000068, 00002283, 0000000047),
(000000013362, 00000337, 0000000070, 00002285, 0000000046),
(000000013363, 00000303, 0000000061, 00002285, 0000000046),
(000000013364, 00000303, 0000000066, 00002285, 0000000046),
(000000013365, 00000319, 0000000063, 00002285, 0000000046),
(000000013366, 00000319, 0000000068, 00002285, 0000000046),
(000000013368, 00000334, 0000000070, 00002312, 0000000046),
(000000013369, 00000309, 0000000061, 00002312, 0000000046),
(000000013370, 00000309, 0000000066, 00002312, 0000000046),
(000000013371, 00000329, 0000000064, 00002312, 0000000046),
(000000013372, 00000329, 0000000069, 00002312, 0000000046),
(000000013374, 00000334, 0000000070, 00002311, 0000000049),
(000000013375, 00000309, 0000000061, 00002311, 0000000049),
(000000013376, 00000309, 0000000066, 00002311, 0000000049),
(000000013377, 00000329, 0000000064, 00002311, 0000000049),
(000000013378, 00000329, 0000000069, 00002311, 0000000049),
(000000013380, 00000334, 0000000070, 00002313, 0000000047),
(000000013381, 00000309, 0000000061, 00002313, 0000000047),
(000000013382, 00000309, 0000000066, 00002313, 0000000047),
(000000013383, 00000329, 0000000064, 00002313, 0000000047),
(000000013384, 00000329, 0000000069, 00002313, 0000000047),
(000000013386, 00000334, 0000000070, 00002520, 0000000048),
(000000013387, 00000309, 0000000061, 00002520, 0000000048),
(000000013388, 00000309, 0000000066, 00002520, 0000000048),
(000000013389, 00000329, 0000000064, 00002520, 0000000048),
(000000013390, 00000329, 0000000069, 00002520, 0000000048),
(000000013392, 00000334, 0000000070, 00002521, 0000000010),
(000000013393, 00000309, 0000000061, 00002521, 0000000010),
(000000013394, 00000309, 0000000066, 00002521, 0000000010),
(000000013395, 00000308, 0000000061, 00002341, 0000000010),
(000000013396, 00000308, 0000000066, 00002341, 0000000010),
(000000013397, 00000311, 0000000062, 00002341, 0000000010),
(000000013398, 00000311, 0000000067, 00002341, 0000000010),
(000000013399, 00000318, 0000000063, 00002341, 0000000010),
(000000013400, 00000318, 0000000068, 00002341, 0000000010),
(000000013401, 00000335, 0000000070, 00002376, 0000000046),
(000000013402, 00000304, 0000000061, 00002376, 0000000046),
(000000013403, 00000304, 0000000066, 00002376, 0000000046),
(000000013404, 00000312, 0000000062, 00002376, 0000000046),
(000000013405, 00000312, 0000000067, 00002376, 0000000046),
(000000013407, 00000340, 0000000070, 00002522, 0000000046),
(000000013408, 00000308, 0000000061, 00002522, 0000000048),
(000000013409, 00000308, 0000000066, 00002522, 0000000048),
(000000013410, 00000326, 0000000064, 00002522, 0000000046),
(000000013411, 00000326, 0000000069, 00002522, 0000000046),
(000000013412, 00000317, 0000000062, 00002522, 0000000046),
(000000013413, 00000316, 0000000062, 00002522, 0000000046),
(000000013414, 00000317, 0000000067, 00002522, 0000000046),
(000000013415, 00000316, 0000000067, 00002522, 0000000046),
(000000013416, 00000308, 0000000061, 00002342, 0000000049),
(000000013417, 00000308, 0000000066, 00002342, 0000000049),
(000000013418, 00000318, 0000000063, 00002342, 0000000049),
(000000013419, 00000318, 0000000068, 00002342, 0000000049),
(000000013420, 00000308, 0000000061, 00002523, 0000000047),
(000000013421, 00000308, 0000000066, 00002523, 0000000047),
(000000013422, 00000318, 0000000063, 00002523, 0000000047),
(000000013423, 00000318, 0000000068, 00002523, 0000000047),
(000000013424, 00000335, 0000000070, 00002377, 0000000049),
(000000013425, 00000304, 0000000061, 00002377, 0000000049),
(000000013426, 00000304, 0000000066, 00002377, 0000000049),
(000000013427, 00000326, 0000000064, 00002455, 0000000007),
(000000013428, 00000326, 0000000069, 00002455, 0000000007),
(000000013429, 00000329, 0000000064, 00002454, 0000000007),
(000000013430, 00000311, 0000000062, 00002454, 0000000007),
(000000013433, 00000306, 0000000061, 00002286, 0000000028),
(000000013434, 00000308, 0000000061, 00002286, 0000000028),
(000000013435, 00000308, 0000000066, 00002286, 0000000028),
(000000013436, 00000332, 0000000064, 00002286, 0000000028),
(000000013437, 00000323, 0000000068, 00002286, 0000000028),
(000000013438, 00000327, 0000000064, 00002314, 0000000028),
(000000013439, 00000331, 0000000064, 00002314, 0000000012),
(000000013440, 00000331, 0000000069, 00002314, 0000000012),
(000000013441, 00000311, 0000000062, 00002314, 0000000028),
(000000013442, 00000311, 0000000067, 00002314, 0000000028),
(000000013443, 00000304, 0000000061, 00002287, 0000000031),
(000000013444, 00000304, 0000000066, 00002287, 0000000031),
(000000013445, 00000312, 0000000062, 00002287, 0000000031),
(000000013446, 00000312, 0000000067, 00002287, 0000000031),
(000000013447, 00000321, 0000000068, 00002287, 0000000031),
(000000013448, 00000304, 0000000061, 00002524, 0000000029),
(000000013449, 00000304, 0000000066, 00002524, 0000000029),
(000000013450, 00000312, 0000000062, 00002524, 0000000029),
(000000013451, 00000312, 0000000067, 00002524, 0000000029),
(000000013452, 00000321, 0000000068, 00002524, 0000000029),
(000000013454, 00000337, 0000000070, 00002315, 0000000031),
(000000013455, 00000308, 0000000061, 00002315, 0000000031),
(000000013456, 00000308, 0000000066, 00002315, 0000000031),
(000000013457, 00000327, 0000000069, 00002315, 0000000031),
(000000013458, 00000332, 0000000064, 00002343, 0000000031),
(000000013459, 00000332, 0000000069, 00002343, 0000000031),
(000000013460, 00000323, 0000000063, 00002343, 0000000031),
(000000013461, 00000323, 0000000068, 00002343, 0000000031),
(000000013462, 00000339, 0000000070, 00002378, 0000000031),
(000000013463, 00000326, 0000000064, 00002378, 0000000031),
(000000013464, 00000326, 0000000069, 00002378, 0000000031),
(000000013465, 00000319, 0000000068, 00002378, 0000000031),
(000000013467, 00000334, 0000000070, 00002525, 0000000031),
(000000013468, 00000306, 0000000061, 00002525, 0000000031),
(000000013469, 00000306, 0000000066, 00002525, 0000000031),
(000000013470, 00000329, 0000000064, 00002526, 0000000002),
(000000013471, 00000329, 0000000069, 00002526, 0000000002),
(000000013472, 00000311, 0000000062, 00002526, 0000000002),
(000000013473, 00000311, 0000000067, 00002526, 0000000002),
(000000013474, 00000318, 0000000063, 00002526, 0000000002),
(000000013475, 00000318, 0000000068, 00002526, 0000000002),
(000000013476, 00000329, 0000000064, 00002527, 0000000006),
(000000013477, 00000329, 0000000069, 00002527, 0000000006),
(000000013478, 00000311, 0000000062, 00002527, 0000000006),
(000000013479, 00000311, 0000000067, 00002527, 0000000006),
(000000013480, 00000318, 0000000063, 00002527, 0000000006),
(000000013481, 00000318, 0000000068, 00002527, 0000000006),
(000000013482, 00000329, 0000000064, 00002528, 0000000025),
(000000013483, 00000329, 0000000069, 00002528, 0000000025),
(000000013484, 00000311, 0000000062, 00002528, 0000000025),
(000000013485, 00000311, 0000000067, 00002528, 0000000025),
(000000013486, 00000318, 0000000063, 00002528, 0000000025),
(000000013487, 00000318, 0000000068, 00002528, 0000000025),
(000000013488, 00000329, 0000000064, 00002529, 0000000017),
(000000013489, 00000329, 0000000069, 00002529, 0000000017),
(000000013490, 00000311, 0000000062, 00002529, 0000000017),
(000000013491, 00000311, 0000000067, 00002529, 0000000017),
(000000013492, 00000318, 0000000063, 00002529, 0000000017),
(000000013493, 00000318, 0000000068, 00002529, 0000000017),
(000000013494, 00000329, 0000000064, 00002530, 0000000001),
(000000013495, 00000329, 0000000069, 00002530, 0000000001),
(000000013496, 00000311, 0000000062, 00002530, 0000000001),
(000000013497, 00000311, 0000000067, 00002530, 0000000001),
(000000013498, 00000318, 0000000063, 00002530, 0000000001),
(000000013499, 00000318, 0000000068, 00002530, 0000000001),
(000000013501, 00000337, 0000000070, 00002531, 0000000004),
(000000013502, 00000306, 0000000061, 00002531, 0000000004),
(000000013503, 00000306, 0000000066, 00002531, 0000000004),
(000000013504, 00000331, 0000000064, 00002531, 0000000004),
(000000013505, 00000331, 0000000069, 00002531, 0000000004),
(000000013507, 00000337, 0000000070, 00002532, 0000000001),
(000000013508, 00000306, 0000000061, 00002532, 0000000001),
(000000013509, 00000306, 0000000066, 00002532, 0000000001),
(000000013510, 00000331, 0000000064, 00002532, 0000000001),
(000000013511, 00000331, 0000000069, 00002532, 0000000001),
(000000013513, 00000337, 0000000070, 00002533, 0000000002),
(000000013514, 00000306, 0000000061, 00002533, 0000000002),
(000000013515, 00000306, 0000000066, 00002533, 0000000002),
(000000013516, 00000331, 0000000064, 00002533, 0000000002),
(000000013517, 00000331, 0000000069, 00002533, 0000000002),
(000000013519, 00000337, 0000000070, 00002534, 0000000017),
(000000013520, 00000306, 0000000061, 00002534, 0000000017),
(000000013521, 00000306, 0000000066, 00002534, 0000000017),
(000000013522, 00000331, 0000000064, 00002534, 0000000017),
(000000013523, 00000331, 0000000069, 00002534, 0000000017),
(000000013525, 00000335, 0000000070, 00002535, 0000000006),
(000000013526, 00000332, 0000000064, 00002535, 0000000006),
(000000013527, 00000332, 0000000069, 00002535, 0000000006),
(000000013528, 00000312, 0000000062, 00002535, 0000000006),
(000000013529, 00000312, 0000000067, 00002535, 0000000006),
(000000013531, 00000335, 0000000070, 00002536, 0000000001),
(000000013532, 00000332, 0000000064, 00002536, 0000000001),
(000000013533, 00000332, 0000000069, 00002536, 0000000001),
(000000013534, 00000312, 0000000062, 00002536, 0000000001),
(000000013535, 00000312, 0000000067, 00002536, 0000000001),
(000000013537, 00000335, 0000000070, 00002537, 0000000002),
(000000013538, 00000332, 0000000064, 00002537, 0000000002),
(000000013539, 00000332, 0000000069, 00002537, 0000000002),
(000000013540, 00000312, 0000000062, 00002537, 0000000002),
(000000013541, 00000312, 0000000067, 00002537, 0000000002),
(000000013543, 00000335, 0000000070, 00002538, 0000000004),
(000000013544, 00000332, 0000000064, 00002538, 0000000004),
(000000013545, 00000332, 0000000069, 00002538, 0000000004),
(000000013546, 00000312, 0000000062, 00002538, 0000000004),
(000000013547, 00000312, 0000000067, 00002538, 0000000004),
(000000013549, 00000334, 0000000070, 00002539, 0000000006),
(000000013550, 00000309, 0000000061, 00002539, 0000000006),
(000000013551, 00000309, 0000000066, 00002539, 0000000006),
(000000013552, 00000326, 0000000064, 00002539, 0000000006),
(000000013553, 00000326, 0000000069, 00002539, 0000000006),
(000000013555, 00000334, 0000000070, 00002540, 0000000002),
(000000013556, 00000309, 0000000061, 00002540, 0000000002),
(000000013557, 00000309, 0000000066, 00002540, 0000000002),
(000000013558, 00000326, 0000000064, 00002540, 0000000002),
(000000013559, 00000326, 0000000069, 00002540, 0000000002),
(000000013561, 00000334, 0000000070, 00002541, 0000000008),
(000000013562, 00000309, 0000000061, 00002541, 0000000008),
(000000013563, 00000309, 0000000066, 00002541, 0000000008),
(000000013564, 00000326, 0000000064, 00002541, 0000000008),
(000000013565, 00000326, 0000000069, 00002541, 0000000008),
(000000013567, 00000339, 0000000070, 00002542, 0000000001),
(000000013568, 00000303, 0000000061, 00002542, 0000000001),
(000000013569, 00000303, 0000000066, 00002542, 0000000001),
(000000013570, 00000316, 0000000062, 00002542, 0000000001),
(000000013571, 00000321, 0000000063, 00002542, 0000000001),
(000000013572, 00000321, 0000000068, 00002542, 0000000001),
(000000013574, 00000339, 0000000070, 00002543, 0000000004),
(000000013575, 00000303, 0000000061, 00002543, 0000000004),
(000000013576, 00000303, 0000000066, 00002543, 0000000004),
(000000013577, 00000316, 0000000062, 00002543, 0000000004),
(000000013578, 00000321, 0000000063, 00002543, 0000000004),
(000000013579, 00000321, 0000000068, 00002543, 0000000004),
(000000013581, 00000339, 0000000070, 00002544, 0000000008),
(000000013582, 00000303, 0000000061, 00002544, 0000000008),
(000000013583, 00000303, 0000000066, 00002544, 0000000008),
(000000013584, 00000316, 0000000062, 00002544, 0000000008),
(000000013585, 00000321, 0000000063, 00002544, 0000000008),
(000000013586, 00000321, 0000000068, 00002544, 0000000008),
(000000013587, 00000331, 0000000064, 00002292, 0000000007),
(000000013588, 00000331, 0000000069, 00002292, 0000000007),
(000000013589, 00000332, 0000000069, 00002292, 0000000007),
(000000013590, 00000323, 0000000063, 00002292, 0000000007),
(000000013591, 00000331, 0000000064, 00002291, 0000000018),
(000000013592, 00000331, 0000000069, 00002291, 0000000006),
(000000013593, 00000332, 0000000069, 00002291, 0000000008),
(000000013594, 00000323, 0000000063, 00002291, 0000000008),
(000000013595, 00000331, 0000000064, 00002545, 0000000008),
(000000013596, 00000331, 0000000069, 00002545, 0000000020),
(000000013597, 00000332, 0000000069, 00002545, 0000000029),
(000000013598, 00000323, 0000000063, 00002545, 0000000005),
(000000013599, 00000318, 0000000063, 00002319, 0000000008),
(000000013600, 00000323, 0000000063, 00002319, 0000000001),
(000000013601, 00000318, 0000000068, 00002319, 0000000008),
(000000013602, 00000323, 0000000068, 00002319, 0000000001),
(000000013603, 00000318, 0000000063, 00002320, 0000000004),
(000000013604, 00000323, 0000000063, 00002320, 0000000004),
(000000013605, 00000318, 0000000068, 00002320, 0000000004),
(000000013606, 00000323, 0000000068, 00002320, 0000000004),
(000000013608, 00000340, 0000000070, 00002344, 0000000001),
(000000013609, 00000304, 0000000061, 00002344, 0000000001),
(000000013610, 00000304, 0000000066, 00002344, 0000000001),
(000000013611, 00000314, 0000000067, 00002344, 0000000001),
(000000013612, 00000319, 0000000063, 00002344, 0000000001),
(000000013613, 00000319, 0000000068, 00002344, 0000000001),
(000000013615, 00000340, 0000000070, 00002546, 0000000004),
(000000013616, 00000304, 0000000061, 00002546, 0000000004),
(000000013617, 00000304, 0000000066, 00002546, 0000000004),
(000000013618, 00000314, 0000000067, 00002546, 0000000004),
(000000013619, 00000319, 0000000063, 00002546, 0000000004),
(000000013620, 00000319, 0000000068, 00002546, 0000000004),
(000000013621, 00000308, 0000000061, 00002382, 0000000004),
(000000013622, 00000308, 0000000066, 00002382, 0000000004),
(000000013623, 00000311, 0000000062, 00002382, 0000000004),
(000000013624, 00000311, 0000000067, 00002382, 0000000004),
(000000013625, 00000304, 0000000061, 00002345, 0000000008),
(000000013626, 00000304, 0000000066, 00002345, 0000000008),
(000000013627, 00000319, 0000000063, 00002345, 0000000008),
(000000013628, 00000319, 0000000068, 00002345, 0000000008),
(000000013629, 00000308, 0000000061, 00002384, 0000000002),
(000000013630, 00000308, 0000000066, 00002384, 0000000002),
(000000013631, 00000335, 0000000070, 00002346, 0000000031),
(000000013632, 00000326, 0000000064, 00002346, 0000000011),
(000000013633, 00000326, 0000000069, 00002346, 0000000011),
(000000013634, 00000306, 0000000061, 00002385, 0000000011),
(000000013635, 00000306, 0000000066, 00002385, 0000000011),
(000000013636, 00000304, 0000000061, 00002293, 0000000011),
(000000013637, 00000304, 0000000066, 00002293, 0000000011),
(000000013638, 00000312, 0000000062, 00002293, 0000000011),
(000000013639, 00000312, 0000000067, 00002293, 0000000011),
(000000013640, 00000321, 0000000068, 00002293, 0000000011),
(000000013642, 00000337, 0000000070, 00002321, 0000000011),
(000000013643, 00000308, 0000000061, 00002321, 0000000011),
(000000013644, 00000308, 0000000066, 00002321, 0000000011),
(000000013645, 00000327, 0000000069, 00002321, 0000000011),
(000000013647, 00000327, 0000000064, 00002423, 0000000012),
(000000013648, 00000327, 0000000069, 00002423, 0000000028),
(000000013650, 00000334, 0000000070, 00002422, 0000000028),
(000000013651, 00000306, 0000000066, 00002422, 0000000028),
(000000013653, 00000309, 0000000066, 00002421, 0000000012),
(000000013654, 00000312, 0000000067, 00002421, 0000000012),
(000000013655, 00000334, 0000000070, 00002547, 0000000012),
(000000013656, 00000312, 0000000062, 00002547, 0000000012),
(000000013657, 00000321, 0000000068, 00002547, 0000000012),
(000000013659, 00000335, 0000000070, 00002462, 0000000012),
(000000013660, 00000329, 0000000064, 00002462, 0000000012),
(000000013661, 00000327, 0000000069, 00002462, 0000000012),
(000000013662, 00000339, 0000000070, 00002461, 0000000012),
(000000013663, 00000309, 0000000061, 00002461, 0000000012),
(000000013664, 00000326, 0000000064, 00002461, 0000000012),
(000000013665, 00000326, 0000000069, 00002461, 0000000012),
(000000013668, 00000316, 0000000067, 00002460, 0000000012),
(000000013669, 00000323, 0000000063, 00002460, 0000000012),
(000000013670, 00000303, 0000000061, 00002493, 0000000028),
(000000013671, 00000304, 0000000061, 00002493, 0000000028),
(000000013672, 00000303, 0000000066, 00002493, 0000000028),
(000000013673, 00000319, 0000000063, 00002493, 0000000028),
(000000013674, 00000319, 0000000068, 00002493, 0000000028),
(000000013675, 00000308, 0000000061, 00002426, 0000000009),
(000000013676, 00000308, 0000000066, 00002426, 0000000009),
(000000013677, 00000309, 0000000066, 00002426, 0000000009),
(000000013678, 00000312, 0000000062, 00002426, 0000000009),
(000000013679, 00000309, 0000000061, 00002425, 0000000009),
(000000013680, 00000303, 0000000066, 00002425, 0000000009),
(000000013681, 00000319, 0000000063, 00002425, 0000000009),
(000000013682, 00000321, 0000000068, 00002425, 0000000009),
(000000013683, 00000304, 0000000061, 00002424, 0000000009),
(000000013684, 00000306, 0000000066, 00002424, 0000000009),
(000000013685, 00000321, 0000000063, 00002424, 0000000009),
(000000013686, 00000319, 0000000068, 00002424, 0000000009),
(000000013687, 00000303, 0000000061, 00002548, 0000000009),
(000000013688, 00000304, 0000000066, 00002548, 0000000009),
(000000013689, 00000327, 0000000069, 00002548, 0000000009),
(000000013690, 00000312, 0000000067, 00002548, 0000000009),
(000000013692, 00000308, 0000000066, 00002465, 0000000030),
(000000013693, 00000327, 0000000064, 00002464, 0000000008),
(000000013694, 00000312, 0000000067, 00002464, 0000000008),
(000000013695, 00000309, 0000000061, 00002463, 0000000031),
(000000013698, 00000334, 0000000070, 00002495, 0000000001),
(000000013699, 00000304, 0000000066, 00002494, 0000000006),
(000000013700, 00000311, 0000000067, 00002494, 0000000031),
(000000013701, 00000329, 0000000069, 00002496, 0000000029),
(000000013702, 00000318, 0000000068, 00002496, 0000000029),
(000000013703, 00000312, 0000000062, 00002348, 0000000005),
(000000013704, 00000312, 0000000067, 00002348, 0000000005),
(000000013705, 00000321, 0000000063, 00002348, 0000000005),
(000000013706, 00000321, 0000000068, 00002348, 0000000005),
(000000013707, 00000326, 0000000064, 00002549, 0000000005),
(000000013708, 00000326, 0000000069, 00002549, 0000000005),
(000000013709, 00000309, 0000000061, 00002349, 0000000005),
(000000013710, 00000309, 0000000066, 00002349, 0000000005),
(000000013711, 00000331, 0000000064, 00002349, 0000000005),
(000000013712, 00000331, 0000000069, 00002349, 0000000005),
(000000013713, 00000334, 0000000070, 00002550, 0000000005),
(000000013714, 00000311, 0000000062, 00002550, 0000000005),
(000000013715, 00000311, 0000000067, 00002550, 0000000005),
(000000013716, 00000304, 0000000061, 00002294, 0000000023),
(000000013717, 00000304, 0000000066, 00002294, 0000000023),
(000000013718, 00000312, 0000000062, 00002294, 0000000023),
(000000013719, 00000312, 0000000067, 00002294, 0000000023),
(000000013720, 00000321, 0000000068, 00002294, 0000000023),
(000000013722, 00000337, 0000000070, 00002322, 0000000023),
(000000013723, 00000308, 0000000061, 00002322, 0000000023),
(000000013724, 00000308, 0000000066, 00002322, 0000000023),
(000000013725, 00000327, 0000000069, 00002322, 0000000023),
(000000013727, 00000334, 0000000070, 00002551, 0000000023),
(000000013728, 00000306, 0000000061, 00002551, 0000000023),
(000000013729, 00000306, 0000000066, 00002551, 0000000023),
(000000013731, 00000335, 0000000070, 00002350, 0000000023),
(000000013732, 00000326, 0000000064, 00002350, 0000000023),
(000000013733, 00000326, 0000000069, 00002350, 0000000023),
(000000013734, 00000309, 0000000061, 00002552, 0000000023),
(000000013735, 00000309, 0000000066, 00002552, 0000000023),
(000000013737, 00000340, 0000000070, 00002553, 0000000023),
(000000013738, 00000319, 0000000063, 00002553, 0000000023),
(000000013739, 00000319, 0000000068, 00002553, 0000000023),
(000000013740, 00000303, 0000000061, 00002429, 0000000030),
(000000013741, 00000306, 0000000061, 00002429, 0000000030),
(000000013742, 00000303, 0000000066, 00002429, 0000000030),
(000000013743, 00000306, 0000000066, 00002429, 0000000030),
(000000013745, 00000306, 0000000061, 00002428, 0000000009),
(000000013746, 00000331, 0000000069, 00002428, 0000000031),
(000000013747, 00000321, 0000000063, 00002428, 0000000012),
(000000013749, 00000337, 0000000070, 00002427, 0000000006),
(000000013750, 00000331, 0000000064, 00002427, 0000000006),
(000000013751, 00000321, 0000000068, 00002427, 0000000006),
(000000013753, 00000308, 0000000061, 00002554, 0000000008),
(000000013754, 00000306, 0000000066, 00002554, 0000000008),
(000000013755, 00000314, 0000000067, 00002554, 0000000008),
(000000013756, 00000312, 0000000062, 00002468, 0000000017),
(000000013757, 00000316, 0000000062, 00002468, 0000000030),
(000000013758, 00000312, 0000000067, 00002468, 0000000017),
(000000013759, 00000316, 0000000067, 00002468, 0000000030),
(000000013761, 00000340, 0000000070, 00002467, 0000000006),
(000000013762, 00000308, 0000000066, 00002467, 0000000006),
(000000013763, 00000316, 0000000067, 00002467, 0000000006),
(000000013764, 00000329, 0000000064, 00002466, 0000000008),
(000000013765, 00000312, 0000000062, 00002466, 0000000008),
(000000013767, 00000323, 0000000068, 00002466, 0000000008),
(000000013768, 00000340, 0000000070, 00002498, 0000000008),
(000000013769, 00000331, 0000000069, 00002498, 0000000008),
(000000013770, 00000314, 0000000062, 00002498, 0000000008),
(000000013771, 00000316, 0000000067, 00002498, 0000000008),
(000000013772, 00000329, 0000000069, 00002497, 0000000028),
(000000013773, 00000314, 0000000062, 00002497, 0000000028),
(000000013774, 00000314, 0000000067, 00002497, 0000000028),
(000000013775, 00000318, 0000000063, 00002497, 0000000028),
(000000013777, 00000340, 0000000070, 00002499, 0000000009),
(000000013778, 00000316, 0000000062, 00002499, 0000000009),
(000000013779, 00000316, 0000000067, 00002499, 0000000009),
(000000013780, 00000306, 0000000066, 00002296, 0000000006),
(000000013781, 00000321, 0000000063, 00002296, 0000000006),
(000000013782, 00000314, 0000000062, 00002295, 0000000012),
(000000013783, 00000314, 0000000067, 00002295, 0000000012),
(000000013785, 00000335, 0000000070, 00002555, 0000000008),
(000000013787, 00000337, 0000000070, 00002501, 0000000029),
(000000013788, 00000316, 0000000062, 00002501, 0000000029),
(000000013789, 00000311, 0000000067, 00002501, 0000000029),
(000000013790, 00000323, 0000000063, 00002501, 0000000029),
(000000013791, 00000318, 0000000068, 00002501, 0000000031),
(000000013793, 00000340, 0000000070, 00002500, 0000000029),
(000000013794, 00000329, 0000000064, 00002500, 0000000029),
(000000013795, 00000311, 0000000062, 00002500, 0000000029),
(000000013796, 00000316, 0000000067, 00002500, 0000000029),
(000000013797, 00000323, 0000000068, 00002500, 0000000029),
(000000013799, 00000331, 0000000064, 00002502, 0000000029),
(000000013800, 00000331, 0000000069, 00002502, 0000000029),
(000000013801, 00000314, 0000000062, 00002502, 0000000029),
(000000013802, 00000314, 0000000067, 00002502, 0000000029),
(000000013803, 00000318, 0000000063, 00002502, 0000000029),
(000000013805, 00000340, 0000000070, 00002430, 0000000026),
(000000013806, 00000326, 0000000064, 00002430, 0000000026),
(000000013807, 00000326, 0000000069, 00002430, 0000000026),
(000000013808, 00000316, 0000000062, 00002430, 0000000026),
(000000013809, 00000316, 0000000067, 00002430, 0000000026),
(000000013810, 00000332, 0000000064, 00002469, 0000000026),
(000000013811, 00000332, 0000000069, 00002469, 0000000026),
(000000013812, 00000314, 0000000062, 00002469, 0000000026),
(000000013813, 00000314, 0000000067, 00002469, 0000000026),
(000000013814, 00000321, 0000000063, 00002469, 0000000026),
(000000013815, 00000321, 0000000068, 00002469, 0000000026),
(000000013817, 00000339, 0000000070, 00002503, 0000000026),
(000000013818, 00000306, 0000000061, 00002503, 0000000026),
(000000013819, 00000306, 0000000066, 00002503, 0000000026),
(000000013820, 00000327, 0000000064, 00002503, 0000000026),
(000000013821, 00000327, 0000000069, 00002503, 0000000026),
(000000013823, 00000337, 0000000070, 00002297, 0000000026),
(000000013824, 00000303, 0000000061, 00002297, 0000000026),
(000000013825, 00000303, 0000000066, 00002297, 0000000026),
(000000013826, 00000319, 0000000063, 00002297, 0000000026),
(000000013827, 00000319, 0000000068, 00002297, 0000000026),
(000000013829, 00000334, 0000000070, 00002323, 0000000026),
(000000013830, 00000309, 0000000061, 00002323, 0000000026),
(000000013831, 00000309, 0000000066, 00002323, 0000000026),
(000000013832, 00000329, 0000000064, 00002323, 0000000026),
(000000013833, 00000329, 0000000069, 00002323, 0000000026),
(000000013835, 00000339, 0000000070, 00002556, 0000000018),
(000000013836, 00000332, 0000000064, 00002556, 0000000018),
(000000013837, 00000332, 0000000069, 00002556, 0000000018),
(000000013838, 00000323, 0000000063, 00002556, 0000000018),
(000000013839, 00000323, 0000000068, 00002556, 0000000018),
(000000013841, 00000339, 0000000070, 00002557, 0000000017),
(000000013842, 00000332, 0000000064, 00002557, 0000000017),
(000000013843, 00000332, 0000000069, 00002557, 0000000017),
(000000013844, 00000323, 0000000063, 00002557, 0000000017),
(000000013845, 00000323, 0000000068, 00002557, 0000000017),
(000000013847, 00000339, 0000000070, 00002558, 0000000020),
(000000013848, 00000332, 0000000064, 00002558, 0000000020),
(000000013849, 00000332, 0000000069, 00002558, 0000000020),
(000000013850, 00000323, 0000000063, 00002558, 0000000020),
(000000013851, 00000323, 0000000068, 00002558, 0000000020),
(000000013853, 00000339, 0000000070, 00002559, 0000000019),
(000000013854, 00000332, 0000000064, 00002559, 0000000019),
(000000013855, 00000332, 0000000069, 00002559, 0000000019),
(000000013856, 00000323, 0000000063, 00002559, 0000000019),
(000000013857, 00000323, 0000000068, 00002559, 0000000019),
(000000013859, 00000339, 0000000070, 00002560, 0000000024),
(000000013860, 00000332, 0000000064, 00002560, 0000000024),
(000000013861, 00000332, 0000000069, 00002560, 0000000024),
(000000013862, 00000323, 0000000063, 00002560, 0000000024),
(000000013863, 00000323, 0000000068, 00002560, 0000000024),
(000000013865, 00000334, 0000000070, 00002561, 0000000024),
(000000013866, 00000304, 0000000061, 00002561, 0000000024),
(000000013867, 00000304, 0000000066, 00002561, 0000000024),
(000000013868, 00000319, 0000000063, 00002561, 0000000024),
(000000013869, 00000319, 0000000068, 00002561, 0000000024),
(000000013871, 00000334, 0000000070, 00002562, 0000000017),
(000000013872, 00000304, 0000000061, 00002562, 0000000017),
(000000013873, 00000304, 0000000066, 00002562, 0000000017),
(000000013874, 00000319, 0000000063, 00002562, 0000000017),
(000000013875, 00000319, 0000000068, 00002562, 0000000017),
(000000013877, 00000334, 0000000070, 00002563, 0000000018),
(000000013878, 00000304, 0000000061, 00002563, 0000000018),
(000000013879, 00000304, 0000000066, 00002563, 0000000018),
(000000013880, 00000319, 0000000063, 00002563, 0000000018),
(000000013881, 00000319, 0000000068, 00002563, 0000000018),
(000000013883, 00000334, 0000000070, 00002564, 0000000020),
(000000013884, 00000304, 0000000061, 00002564, 0000000020),
(000000013885, 00000304, 0000000066, 00002564, 0000000020),
(000000013886, 00000319, 0000000063, 00002564, 0000000020),
(000000013887, 00000319, 0000000068, 00002564, 0000000020),
(000000013888, 00000309, 0000000061, 00002565, 0000000019),
(000000013889, 00000309, 0000000066, 00002565, 0000000019),
(000000013890, 00000326, 0000000064, 00002565, 0000000019),
(000000013891, 00000326, 0000000069, 00002565, 0000000019),
(000000013892, 00000321, 0000000063, 00002565, 0000000019),
(000000013893, 00000321, 0000000068, 00002565, 0000000019),
(000000013894, 00000309, 0000000061, 00002566, 0000000018),
(000000013895, 00000309, 0000000066, 00002566, 0000000018),
(000000013896, 00000326, 0000000064, 00002566, 0000000018),
(000000013897, 00000326, 0000000069, 00002566, 0000000018),
(000000013898, 00000321, 0000000063, 00002566, 0000000018),
(000000013899, 00000321, 0000000068, 00002566, 0000000018),
(000000013900, 00000309, 0000000061, 00002567, 0000000024),
(000000013901, 00000309, 0000000066, 00002567, 0000000024),
(000000013902, 00000326, 0000000064, 00002567, 0000000024),
(000000013903, 00000326, 0000000069, 00002567, 0000000024),
(000000013904, 00000321, 0000000063, 00002567, 0000000024),
(000000013905, 00000321, 0000000068, 00002567, 0000000024),
(000000013906, 00000309, 0000000061, 00002568, 0000000017),
(000000013907, 00000309, 0000000066, 00002568, 0000000017),
(000000013908, 00000326, 0000000064, 00002568, 0000000017),
(000000013909, 00000326, 0000000069, 00002568, 0000000017),
(000000013910, 00000321, 0000000063, 00002568, 0000000017),
(000000013911, 00000321, 0000000068, 00002568, 0000000017),
(000000013912, 00000309, 0000000061, 00002569, 0000000020),
(000000013913, 00000309, 0000000066, 00002569, 0000000020),
(000000013914, 00000326, 0000000064, 00002569, 0000000020),
(000000013915, 00000326, 0000000069, 00002569, 0000000020),
(000000013916, 00000321, 0000000063, 00002569, 0000000020),
(000000013917, 00000321, 0000000068, 00002569, 0000000020),
(000000013919, 00000340, 0000000070, 00002570, 0000000024),
(000000013920, 00000329, 0000000064, 00002570, 0000000024),
(000000013921, 00000329, 0000000069, 00002570, 0000000024),
(000000013922, 00000311, 0000000062, 00002570, 0000000024),
(000000013923, 00000311, 0000000067, 00002570, 0000000024),
(000000013925, 00000340, 0000000070, 00002571, 0000000019),
(000000013926, 00000329, 0000000064, 00002571, 0000000019),
(000000013927, 00000329, 0000000069, 00002571, 0000000019),
(000000013928, 00000311, 0000000062, 00002571, 0000000019),
(000000013929, 00000311, 0000000067, 00002571, 0000000019),
(000000013931, 00000340, 0000000070, 00002572, 0000000018),
(000000013932, 00000329, 0000000064, 00002572, 0000000018),
(000000013933, 00000329, 0000000069, 00002572, 0000000018),
(000000013934, 00000311, 0000000062, 00002572, 0000000018),
(000000013935, 00000311, 0000000067, 00002572, 0000000018),
(000000013943, 00000335, 0000000070, 00002574, 0000000019),
(000000013944, 00000306, 0000000061, 00002574, 0000000019),
(000000013945, 00000306, 0000000066, 00002574, 0000000019),
(000000013946, 00000312, 0000000062, 00002574, 0000000019),
(000000013947, 00000312, 0000000067, 00002574, 0000000019),
(000000013949, 00000335, 0000000070, 00002575, 0000000020),
(000000013950, 00000306, 0000000061, 00002575, 0000000020),
(000000013951, 00000306, 0000000066, 00002575, 0000000020),
(000000013952, 00000312, 0000000062, 00002575, 0000000020),
(000000013953, 00000312, 0000000067, 00002575, 0000000020),
(000000013955, 00000335, 0000000070, 00002576, 0000000024),
(000000013956, 00000306, 0000000061, 00002576, 0000000024),
(000000013957, 00000306, 0000000066, 00002576, 0000000024),
(000000013958, 00000312, 0000000062, 00002576, 0000000024),
(000000013959, 00000312, 0000000067, 00002576, 0000000018),
(000000013960, 00000337, 0000000070, 00002577, 0000000019),
(000000013961, 00000303, 0000000061, 00002577, 0000000019),
(000000013962, 00000303, 0000000066, 00002577, 0000000019),
(000000013963, 00000316, 0000000062, 00002577, 0000000019),
(000000013964, 00000316, 0000000067, 00002577, 0000000019),
(000000013965, 00000303, 0000000061, 00002578, 0000000018),
(000000013966, 00000303, 0000000066, 00002578, 0000000018),
(000000013967, 00000327, 0000000064, 00002578, 0000000018),
(000000013968, 00000327, 0000000069, 00002578, 0000000018),
(000000013969, 00000309, 0000000061, 00002389, 0000000025),
(000000013970, 00000309, 0000000066, 00002389, 0000000025),
(000000013971, 00000318, 0000000068, 00002389, 0000000019),
(000000013973, 00000337, 0000000070, 00002579, 0000000018),
(000000013974, 00000316, 0000000062, 00002579, 0000000018),
(000000013975, 00000316, 0000000067, 00002579, 0000000018),
(000000013976, 00000314, 0000000067, 00002390, 0000000024),
(000000013977, 00000318, 0000000068, 00002390, 0000000024),
(000000013978, 00000303, 0000000061, 00002507, 0000000012),
(000000013979, 00000304, 0000000061, 00002507, 0000000012),
(000000013980, 00000303, 0000000066, 00002507, 0000000012),
(000000013981, 00000319, 0000000063, 00002507, 0000000012),
(000000013982, 00000319, 0000000068, 00002507, 0000000012),
(000000013983, 00000306, 0000000061, 00002301, 0000000012),
(000000013984, 00000308, 0000000061, 00002301, 0000000012),
(000000013985, 00000308, 0000000066, 00002301, 0000000012),
(000000013986, 00000332, 0000000064, 00002301, 0000000012),
(000000013987, 00000323, 0000000068, 00002301, 0000000012),
(000000013988, 00000327, 0000000064, 00002327, 0000000009),
(000000013989, 00000331, 0000000064, 00002327, 0000000009),
(000000013990, 00000331, 0000000069, 00002327, 0000000009),
(000000013991, 00000311, 0000000062, 00002327, 0000000009),
(000000013992, 00000311, 0000000067, 00002327, 0000000009),
(000000013993, 00000314, 0000000067, 00002391, 0000000018),
(000000013994, 00000318, 0000000063, 00002391, 0000000018),
(000000013995, 00000318, 0000000068, 00002391, 0000000018),
(000000013996, 00000334, 0000000070, 00002437, 0000000014),
(000000013997, 00000309, 0000000061, 00002437, 0000000014),
(000000013998, 00000331, 0000000064, 00002437, 0000000015),
(000000013999, 00000312, 0000000067, 00002437, 0000000015),
(000000014000, 00000304, 0000000061, 00002436, 0000000014),
(000000014001, 00000304, 0000000066, 00002436, 0000000014),
(000000014002, 00000312, 0000000062, 00002436, 0000000014),
(000000014003, 00000312, 0000000067, 00002436, 0000000014),
(000000014004, 00000306, 0000000061, 00002435, 0000000014),
(000000014005, 00000308, 0000000066, 00002435, 0000000014),
(000000014006, 00000327, 0000000069, 00002435, 0000000015),
(000000014007, 00000312, 0000000062, 00002435, 0000000015),
(000000014008, 00000337, 0000000070, 00002580, 0000000014),
(000000014009, 00000303, 0000000066, 00002580, 0000000014),
(000000014010, 00000331, 0000000064, 00002580, 0000000014),
(000000014011, 00000319, 0000000063, 00002580, 0000000014),
(000000014012, 00000339, 0000000070, 00002476, 0000000015),
(000000014013, 00000303, 0000000061, 00002476, 0000000015),
(000000014014, 00000303, 0000000066, 00002476, 0000000015),
(000000014015, 00000329, 0000000069, 00002476, 0000000015),
(000000014016, 00000327, 0000000069, 00002475, 0000000014),
(000000014017, 00000316, 0000000062, 00002475, 0000000014),
(000000014018, 00000311, 0000000067, 00002475, 0000000014),
(000000014019, 00000318, 0000000063, 00002475, 0000000014),
(000000014020, 00000339, 0000000070, 00002474, 0000000014),
(000000014021, 00000303, 0000000061, 00002474, 0000000014),
(000000014022, 00000327, 0000000064, 00002474, 0000000014),
(000000014023, 00000318, 0000000068, 00002474, 0000000014),
(000000014024, 00000308, 0000000061, 00002509, 0000000014),
(000000014025, 00000308, 0000000066, 00002509, 0000000015),
(000000014026, 00000329, 0000000064, 00002509, 0000000015),
(000000014027, 00000318, 0000000063, 00002509, 0000000015),
(000000014028, 00000323, 0000000068, 00002509, 0000000014),
(000000014030, 00000337, 0000000070, 00002508, 0000000015),
(000000014031, 00000316, 0000000062, 00002508, 0000000015),
(000000014032, 00000323, 0000000063, 00002508, 0000000014),
(000000014033, 00000318, 0000000068, 00002508, 0000000015),
(000000014034, 00000334, 0000000070, 00002510, 0000000015),
(000000014035, 00000304, 0000000066, 00002510, 0000000015),
(000000014036, 00000329, 0000000064, 00002510, 0000000014),
(000000014037, 00000311, 0000000062, 00002510, 0000000015),
(000000014038, 00000311, 0000000067, 00002510, 0000000015),
(000000014040, 00000335, 0000000070, 00002303, 0000000014),
(000000014041, 00000314, 0000000062, 00002303, 0000000014),
(000000014042, 00000314, 0000000067, 00002303, 0000000014),
(000000014044, 00000335, 0000000070, 00002302, 0000000015),
(000000014045, 00000306, 0000000066, 00002302, 0000000014),
(000000014046, 00000321, 0000000063, 00002302, 0000000014),
(000000014047, 00000306, 0000000066, 00002581, 0000000015),
(000000014048, 00000314, 0000000062, 00002581, 0000000015),
(000000014049, 00000314, 0000000067, 00002581, 0000000015),
(000000014050, 00000321, 0000000063, 00002581, 0000000015),
(000000014051, 00000326, 0000000064, 00002328, 0000000014),
(000000014052, 00000326, 0000000069, 00002328, 0000000014),
(000000014053, 00000316, 0000000067, 00002328, 0000000014),
(000000014054, 00000326, 0000000064, 00002329, 0000000015),
(000000014055, 00000326, 0000000069, 00002329, 0000000015),
(000000014056, 00000316, 0000000067, 00002329, 0000000015),
(000000014057, 00000329, 0000000064, 00002359, 0000000021),
(000000014058, 00000329, 0000000069, 00002359, 0000000021),
(000000014059, 00000311, 0000000062, 00002359, 0000000021),
(000000014060, 00000311, 0000000067, 00002359, 0000000021),
(000000014061, 00000323, 0000000063, 00002394, 0000000021),
(000000014062, 00000323, 0000000068, 00002394, 0000000021),
(000000014064, 00000335, 0000000070, 00002360, 0000000021),
(000000014065, 00000326, 0000000064, 00002360, 0000000021),
(000000014066, 00000326, 0000000069, 00002360, 0000000021),
(000000014067, 00000337, 0000000070, 00002395, 0000000021),
(000000014068, 00000303, 0000000061, 00002395, 0000000021),
(000000014069, 00000303, 0000000066, 00002395, 0000000021),
(000000014071, 00000340, 0000000070, 00002356, 0000000050),
(000000014072, 00000337, 0000000070, 00002392, 0000000050),
(000000014073, 00000312, 0000000062, 00002361, 0000000030),
(000000014074, 00000312, 0000000067, 00002361, 0000000030),
(000000014075, 00000321, 0000000063, 00002361, 0000000030),
(000000014076, 00000321, 0000000068, 00002361, 0000000030),
(000000014077, 00000303, 0000000061, 00002396, 0000000023),
(000000014078, 00000303, 0000000066, 00002396, 0000000023),
(000000014079, 00000323, 0000000063, 00002396, 0000000023),
(000000014080, 00000323, 0000000068, 00002396, 0000000023),
(000000014081, 00000309, 0000000061, 00002582, 0000000030),
(000000014082, 00000309, 0000000066, 00002582, 0000000030),
(000000014083, 00000331, 0000000064, 00002582, 0000000030),
(000000014084, 00000331, 0000000069, 00002582, 0000000030),
(000000014086, 00000335, 0000000070, 00002440, 0000000032),
(000000014087, 00000331, 0000000069, 00002440, 0000000032),
(000000014088, 00000314, 0000000062, 00002440, 0000000032),
(000000014089, 00000321, 0000000063, 00002440, 0000000032),
(000000014090, 00000321, 0000000068, 00002440, 0000000032),
(000000014091, 00000337, 0000000070, 00002439, 0000000020),
(000000014092, 00000303, 0000000061, 00002439, 0000000020),
(000000014093, 00000308, 0000000066, 00002439, 0000000020),
(000000014094, 00000331, 0000000064, 00002439, 0000000020),
(000000014095, 00000314, 0000000062, 00002439, 0000000020),
(000000014096, 00000314, 0000000067, 00002439, 0000000020),
(000000014098, 00000335, 0000000070, 00002438, 0000000017),
(000000014099, 00000308, 0000000061, 00002438, 0000000017),
(000000014100, 00000331, 0000000069, 00002438, 0000000011),
(000000014101, 00000314, 0000000062, 00002438, 0000000011),
(000000014102, 00000314, 0000000067, 00002438, 0000000017),
(000000014104, 00000304, 0000000061, 00002583, 0000000032),
(000000014105, 00000327, 0000000064, 00002583, 0000000031),
(000000014106, 00000331, 0000000069, 00002583, 0000000018),
(000000014107, 00000314, 0000000062, 00002583, 0000000031),
(000000014108, 00000319, 0000000068, 00002583, 0000000011),
(000000014110, 00000340, 0000000070, 00002479, 0000000011),
(000000014111, 00000309, 0000000061, 00002479, 0000000011),
(000000014112, 00000327, 0000000064, 00002479, 0000000011),
(000000014113, 00000318, 0000000063, 00002479, 0000000011),
(000000014114, 00000318, 0000000068, 00002479, 0000000011),
(000000014116, 00000335, 0000000070, 00002478, 0000000011),
(000000014117, 00000308, 0000000061, 00002478, 0000000024),
(000000014118, 00000303, 0000000066, 00002478, 0000000011),
(000000014119, 00000312, 0000000062, 00002478, 0000000021),
(000000014120, 00000323, 0000000068, 00002478, 0000000010),
(000000014122, 00000340, 0000000070, 00002477, 0000000017),
(000000014123, 00000309, 0000000066, 00002477, 0000000011),
(000000014124, 00000327, 0000000069, 00002477, 0000000020),
(000000014125, 00000312, 0000000067, 00002477, 0000000021),
(000000014126, 00000318, 0000000063, 00002477, 0000000020),
(000000014128, 00000304, 0000000066, 00002512, 0000000032),
(000000014129, 00000331, 0000000064, 00002512, 0000000032),
(000000014130, 00000329, 0000000069, 00002512, 0000000032),
(000000014131, 00000311, 0000000062, 00002512, 0000000032),
(000000014132, 00000314, 0000000067, 00002512, 0000000032),
(000000014134, 00000334, 0000000070, 00002511, 0000000021);
INSERT INTO `gibbonttdayrowclass` (`gibbonTTDayRowClassID`, `gibbonTTColumnRowID`, `gibbonTTDayID`, `gibbonCourseClassID`, `facility`) VALUES
(000000014135, 00000308, 0000000061, 00002511, 0000000021),
(000000014136, 00000308, 0000000066, 00002511, 0000000021),
(000000014137, 00000331, 0000000064, 00002511, 0000000021),
(000000014138, 00000331, 0000000069, 00002511, 0000000021),
(000000014140, 00000337, 0000000070, 00002513, 0000000022),
(000000014141, 00000308, 0000000061, 00002513, 0000000022),
(000000014142, 00000308, 0000000066, 00002513, 0000000022),
(000000014143, 00000323, 0000000063, 00002513, 0000000022),
(000000014144, 00000323, 0000000068, 00002513, 0000000022),
(000000014146, 00000339, 0000000070, 00002305, 0000000032),
(000000014147, 00000327, 0000000064, 00002305, 0000000032),
(000000014148, 00000327, 0000000069, 00002305, 0000000032),
(000000014149, 00000316, 0000000062, 00002305, 0000000032),
(000000014150, 00000316, 0000000067, 00002305, 0000000032),
(000000014151, 00000318, 0000000063, 00002305, 0000000032),
(000000014152, 00000318, 0000000068, 00002305, 0000000032),
(000000014154, 00000339, 0000000070, 00002304, 0000000021),
(000000014155, 00000327, 0000000064, 00002304, 0000000021),
(000000014156, 00000327, 0000000069, 00002304, 0000000021),
(000000014157, 00000316, 0000000062, 00002304, 0000000021),
(000000014158, 00000316, 0000000067, 00002304, 0000000021),
(000000014159, 00000318, 0000000063, 00002304, 0000000021),
(000000014160, 00000318, 0000000068, 00002304, 0000000021),
(000000014162, 00000339, 0000000070, 00002584, 0000000022),
(000000014163, 00000327, 0000000064, 00002584, 0000000022),
(000000014164, 00000327, 0000000069, 00002584, 0000000022),
(000000014165, 00000316, 0000000062, 00002584, 0000000022),
(000000014166, 00000316, 0000000067, 00002584, 0000000022),
(000000014167, 00000318, 0000000063, 00002584, 0000000022),
(000000014168, 00000318, 0000000068, 00002584, 0000000022),
(000000014170, 00000340, 0000000070, 00002331, 0000000021),
(000000014171, 00000304, 0000000061, 00002331, 0000000021),
(000000014172, 00000304, 0000000066, 00002331, 0000000021),
(000000014173, 00000332, 0000000064, 00002331, 0000000021),
(000000014174, 00000332, 0000000069, 00002331, 0000000021),
(000000014175, 00000314, 0000000062, 00002331, 0000000021),
(000000014176, 00000314, 0000000067, 00002331, 0000000021),
(000000014177, 00000319, 0000000063, 00002331, 0000000021),
(000000014178, 00000319, 0000000068, 00002331, 0000000021),
(000000014180, 00000340, 0000000070, 00002330, 0000000022),
(000000014181, 00000304, 0000000061, 00002330, 0000000022),
(000000014182, 00000304, 0000000066, 00002330, 0000000022),
(000000014183, 00000332, 0000000064, 00002330, 0000000022),
(000000014184, 00000332, 0000000069, 00002330, 0000000022),
(000000014185, 00000314, 0000000062, 00002330, 0000000022),
(000000014186, 00000314, 0000000067, 00002330, 0000000022),
(000000014187, 00000319, 0000000063, 00002330, 0000000022),
(000000014188, 00000319, 0000000068, 00002330, 0000000022),
(000000014190, 00000340, 0000000070, 00002441, 0000000005),
(000000014191, 00000326, 0000000064, 00002441, 0000000050),
(000000014192, 00000326, 0000000069, 00002441, 0000000050),
(000000014193, 00000316, 0000000062, 00002441, 0000000005),
(000000014194, 00000316, 0000000067, 00002441, 0000000005),
(000000014195, 00000332, 0000000064, 00002480, 0000000005),
(000000014196, 00000332, 0000000069, 00002480, 0000000005),
(000000014197, 00000314, 0000000062, 00002480, 0000000050),
(000000014198, 00000314, 0000000067, 00002480, 0000000050),
(000000014199, 00000321, 0000000063, 00002480, 0000000050),
(000000014200, 00000321, 0000000068, 00002480, 0000000050),
(000000014202, 00000339, 0000000070, 00002514, 0000000005),
(000000014203, 00000306, 0000000061, 00002514, 0000000005),
(000000014204, 00000306, 0000000066, 00002514, 0000000005),
(000000014205, 00000327, 0000000064, 00002514, 0000000005),
(000000014206, 00000327, 0000000069, 00002514, 0000000005),
(000000014208, 00000337, 0000000070, 00002307, 0000000005),
(000000014209, 00000303, 0000000061, 00002307, 0000000005),
(000000014210, 00000303, 0000000066, 00002307, 0000000005),
(000000014211, 00000319, 0000000063, 00002307, 0000000005),
(000000014212, 00000319, 0000000068, 00002307, 0000000005),
(000000014214, 00000334, 0000000070, 00002332, 0000000050),
(000000014215, 00000309, 0000000061, 00002332, 0000000050),
(000000014216, 00000309, 0000000066, 00002332, 0000000050),
(000000014217, 00000329, 0000000064, 00002332, 0000000005),
(000000014218, 00000329, 0000000069, 00002332, 0000000005),
(000000014219, 00000308, 0000000061, 00002363, 0000000050),
(000000014220, 00000308, 0000000066, 00002363, 0000000050),
(000000014221, 00000318, 0000000063, 00002363, 0000000050),
(000000014222, 00000318, 0000000068, 00002363, 0000000050),
(000000014223, 00000312, 0000000062, 00002399, 0000000050),
(000000014224, 00000312, 0000000067, 00002399, 0000000050),
(000000014225, 00000329, 0000000064, 00002364, 0000000050),
(000000014226, 00000329, 0000000069, 00002364, 0000000050),
(000000014227, 00000311, 0000000062, 00002364, 0000000050),
(000000014228, 00000311, 0000000067, 00002364, 0000000050),
(000000014229, 00000335, 0000000070, 00002585, 0000000050),
(000000014230, 00000304, 0000000061, 00002585, 0000000050),
(000000014231, 00000304, 0000000066, 00002585, 0000000050),
(000000014232, 00000314, 0000000067, 00002362, 0000000006),
(000000014233, 00000312, 0000000062, 00002365, 0000000028),
(000000014234, 00000312, 0000000067, 00002365, 0000000028),
(000000014235, 00000321, 0000000063, 00002365, 0000000028),
(000000014236, 00000321, 0000000068, 00002365, 0000000028),
(000000014237, 00000309, 0000000061, 00002366, 0000000028),
(000000014238, 00000309, 0000000066, 00002366, 0000000028),
(000000014239, 00000331, 0000000064, 00002366, 0000000028),
(000000014240, 00000331, 0000000069, 00002366, 0000000028),
(000000014241, 00000339, 0000000070, 00002367, 0000000023),
(000000014243, 00000339, 0000000070, 00002586, 0000000002),
(000000014244, 00000316, 0000000062, 00002402, 0000000002),
(000000014245, 00000316, 0000000067, 00002402, 0000000002),
(000000014246, 00000321, 0000000063, 00002402, 0000000002),
(000000014247, 00000321, 0000000068, 00002402, 0000000002),
(000000014249, 00000340, 0000000070, 00002587, 0000000052),
(000000014250, 00000314, 0000000067, 00002587, 0000000052),
(000000014252, 00000335, 0000000070, 00002588, 0000000052),
(000000014253, 00000326, 0000000064, 00002588, 0000000052),
(000000014254, 00000326, 0000000069, 00002588, 0000000052),
(000000014256, 00000314, 0000000062, 00002390, 0000000024),
(000000014257, 00000318, 0000000063, 00002390, 0000000024),
(000000014260, 00000331, 0000000064, 00002340, 0000000022),
(000000014261, 00000331, 0000000069, 00002339, 0000000022),
(000000014262, 00000329, 0000000064, 00002374, 0000000022),
(000000014263, 00000329, 0000000069, 00002374, 0000000022),
(000000014264, 00000327, 0000000064, 00002384, 0000000002),
(000000014265, 00000327, 0000000069, 00002384, 0000000002),
(000000014266, 00000314, 0000000062, 00002362, 0000000006),
(000000014268, 00000314, 0000000062, 00002344, 0000000001),
(000000014269, 00000329, 0000000064, 00002341, 0000000010),
(000000014270, 00000329, 0000000069, 00002341, 0000000010),
(000000014271, 00000327, 0000000064, 00002382, 0000000004),
(000000014273, 00000327, 0000000069, 00002382, 0000000004),
(000000014274, 00000314, 0000000062, 00002546, 0000000004),
(000000014277, 00000329, 0000000064, 00002385, 0000000031),
(000000014278, 00000329, 0000000069, 00002385, 0000000031),
(000000014280, 00000319, 0000000063, 00002378, 0000000031),
(000000014286, 00000314, 0000000062, 00002587, 0000000052),
(000000014289, 00000332, 0000000064, 00002396, 0000000023),
(000000014290, 00000332, 0000000069, 00002396, 0000000023),
(000000014291, 00000331, 0000000064, 00002552, 0000000023),
(000000014292, 00000331, 0000000069, 00002552, 0000000023),
(000000014293, 00000314, 0000000062, 00002391, 0000000018),
(000000014297, 00000319, 0000000063, 00002371, 0000000032),
(000000014298, 00000332, 0000000064, 00002336, 0000000032),
(000000014299, 00000332, 0000000069, 00002336, 0000000032),
(000000014301, 00000327, 0000000064, 00002577, 0000000019),
(000000014302, 00000327, 0000000069, 00002577, 0000000019),
(000000014303, 00000318, 0000000063, 00002389, 0000000019),
(000000014304, 00000331, 0000000069, 00002389, 0000000019),
(000000014305, 00000331, 0000000064, 00002389, 0000000019),
(000000014306, 00000311, 0000000067, 00002463, 0000000008),
(000000014307, 00000308, 0000000066, 00002466, 0000000008),
(000000014310, 00000311, 0000000062, 00002590, 0000000020),
(000000014311, 00000329, 0000000064, 00002590, 0000000020),
(000000014313, 00000311, 0000000067, 00002590, 0000000020),
(000000014314, 00000329, 0000000069, 00002590, 0000000020),
(000000014315, 00000340, 0000000070, 00002590, 0000000020),
(000000014316, 00000329, 0000000069, 00002460, 0000000012),
(000000014317, 00000316, 0000000062, 00002453, 0000000007);

ALTER TABLE `gibbonTTDayRowClass` ENABLE KEYS;
UNLOCK TABLES;


# Dump of table gibbonTTDayRowClassException
# ------------------------------------------------------------

LOCK TABLES `gibbonTTDayRowClassException` WRITE;
ALTER TABLE `gibbonTTDayRowClassException` DISABLE KEYS;

INSERT INTO `gibbonttdayrowclassexception` (`gibbonTTDayRowClassExceptionID`, `gibbonTTDayRowClassID`, `gibbonPersonID`) VALUES
(00000000001441, 000000013407, 0000000140),
(00000000001442, 000000013408, 0000002347),
(00000000001443, 000000013409, 0000002347),
(00000000001444, 000000013410, 0000000140),
(00000000001445, 000000013411, 0000000140),
(00000000001446, 000000013412, 0000000140),
(00000000001447, 000000013413, 0000000140),
(00000000001448, 000000013414, 0000000140),
(00000000001449, 000000013415, 0000000140),
(00000000001450, 000000013591, 0000001123),
(00000000001451, 000000013592, 0000001123),
(00000000001452, 000000013593, 0000001122),
(00000000001453, 000000013594, 0000001122),
(00000000001454, 000000013595, 0000000374),
(00000000001455, 000000013596, 0000000374),
(00000000001456, 000000013599, 0000000373),
(00000000001457, 000000013600, 0000002363),
(00000000001458, 000000013601, 0000000373),
(00000000001459, 000000013602, 0000002363),
(00000000001460, 000000013603, 0000001122),
(00000000001461, 000000013604, 0000000374),
(00000000001462, 000000013604, 0000001110),
(00000000001463, 000000013605, 0000001122),
(00000000001464, 000000013606, 0000000374),
(00000000001465, 000000013606, 0000001110),
(00000000001466, 000000013631, 0000000589),
(00000000001467, 000000013632, 0000000124),
(00000000001468, 000000013633, 0000000124),
(00000000001470, 000000013787, 0000000124),
(00000000001471, 000000013788, 0000000124),
(00000000001472, 000000013789, 0000000124),
(00000000001473, 000000013790, 0000000124),
(00000000001474, 000000013791, 0000002722),
(00000000001476, 000000013883, 0000001601),
(00000000001477, 000000013886, 0000001601),
(00000000001478, 000000013887, 0000001601),
(00000000001480, 000000013931, 0000001601),
(00000000001481, 000000013932, 0000001601),
(00000000001482, 000000013933, 0000001601),
(00000000001483, 000000014000, 0000001104),
(00000000001484, 000000014001, 0000001104),
(00000000001485, 000000014002, 0000000373),
(00000000001486, 000000014003, 0000000373),
(00000000001487, 000000014004, 0000000373),
(00000000001488, 000000014005, 0000000373),
(00000000001489, 000000014006, 0000001104),
(00000000001490, 000000014007, 0000001104),
(00000000001491, 000000014008, 0000000373),
(00000000001492, 000000014009, 0000001104),
(00000000001493, 000000014010, 0000000373),
(00000000001494, 000000014011, 0000001104),
(00000000001495, 000000014020, 0000001104),
(00000000001496, 000000014021, 0000000373),
(00000000001497, 000000014022, 0000001104),
(00000000001498, 000000014023, 0000000373),
(00000000001500, 000000014116, 0000002134),
(00000000001501, 000000014117, 0000000589),
(00000000001502, 000000014118, 0000002134),
(00000000001503, 000000014119, 0000000589),
(00000000001504, 000000014120, 0000000589),
(00000000001506, 000000014190, 0000000144),
(00000000001507, 000000014191, 0000001776),
(00000000001508, 000000014192, 0000001776),
(00000000001509, 000000014193, 0000000144),
(00000000001510, 000000014194, 0000000144),
(00000000001511, 000000014195, 0000000144),
(00000000001512, 000000014196, 0000000144),
(00000000001513, 000000014197, 0000001776),
(00000000001514, 000000014198, 0000001776),
(00000000001515, 000000014199, 0000001776),
(00000000001516, 000000014200, 0000001776),
(00000000001518, 000000014214, 0000001776),
(00000000001519, 000000014215, 0000001776),
(00000000001520, 000000014216, 0000001776),
(00000000001521, 000000014217, 0000000144),
(00000000001522, 000000014218, 0000000144),
(00000000001523, 000000014277, 0000000589),
(00000000001524, 000000013634, 0000000124),
(00000000001525, 000000013635, 0000000124),
(00000000001527, 000000014278, 0000000589),
(00000000001528, 000000013694, 0000002562),
(00000000001529, 000000013693, 0000002363),
(00000000001530, 000000014254, 0000001200),
(00000000001531, 000000014252, 0000001200),
(00000000001532, 000000014253, 0000001200);

ALTER TABLE `gibbonTTDayRowClassException` ENABLE KEYS;
UNLOCK TABLES;


# Dump of table gibbonUnit
# ------------------------------------------------------------

LOCK TABLES `gibbonUnit` WRITE;
ALTER TABLE `gibbonUnit` DISABLE KEYS;

INSERT INTO `gibbonUnit` (`gibbonUnitID`, `gibbonCourseID`, `name`, `active`, `description`, `tags`, `map`, `ordering`, `attachment`, `details`, `license`, `sharedPublic`, `gibbonPersonIDCreator`, `gibbonPersonIDLastEdit`)
VALUES
    (1,1321,'Epic Wallpaper','Y','In this short unit students learn about graphics whilst designing their own epic wallpaper.','creativity,graphic design,ict,problem solving,technology,design','Y',0,'','<table style=\"width: 100%;\">\r\n<tbody>\r\n<tr>\r\n<td style=\"vertical-align: top;\" colspan=\"2\"><span style=\"text-decoration: underline; font-weight: bold;\">Guiding Question</span><br /> Want To Make Some Eye Candy?</td>\r\n</tr>\r\n<tr>\r\n<td style=\"width: 50%; vertical-align: top;\"><span style=\"text-decoration: underline; font-weight: bold;\">Outcomes/Learning Objectives</span><br /> <span style=\"text-decoration: none; font-weight: normal; font-style: italic; font-size: 85%;\">If you use want to use Gibbon\'s Outcomes, use the outcome blocks above instead of this section.</span><br />\r\n<ul style=\"margin-top: 0px;\">\r\n<li>Learn how to use the Acorn image editing application, including the following:\r\n<ul>\r\n<li>How to remove the background from an image.</li>\r\n<li>The importance and power of layers.</li>\r\n<li>How to use filters.</li>\r\n</ul>\r\n</li>\r\n<li>Understand the difference between raster and vector images.</li>\r\n<li>Understand the differences between common raster formats, including jpg, png and gif.</li>\r\n<li>Understanding some ideas from typography, including type face, kerning and line spacing.</li>\r\n</ul>\r\n</td>\r\n<td style=\"width: 50%; vertical-align: top;\">\r\n<p><span style=\"text-decoration: underline; font-weight: bold;\">Differentiation</span><br /> <span style=\"text-decoration: none; font-weight: normal; font-style: italic; font-size: 85%;\">Differentiation by outcome or task? What will G&amp;T students be expected to do? How ill you use questioning to challenge all students? What have you done to support EAL needs?</span></p>\r\n<ul>\r\n<li>All technical terminology will be clearly explained, which will help EAL and native speakers alike.</li>\r\n<li>Questioning and discussion will be used to assess student differences, and the teacher will respond accordingly.</li>\r\n<li>Questioning and discussion will allow students to ask catch up or advance their knowledge through their own initiative.</li>\r\n<li>The teacher will work closely with students on an individual basis to ascertain and develop their understanding.</li>\r\n</ul>\r\n</td>\r\n</tr>\r\n<tr>\r\n<td style=\"width: 50%; vertical-align: top;\">\r\n<p><span style=\"text-decoration: underline; font-weight: bold;\">Assessment</span><br /> <span style=\"text-decoration: none; font-weight: normal; font-style: italic; font-size: 85%;\">What task(s) will allow students the opportunity to respond to the unit question? How will students show what they have understood? For IB, check subject guides and master assessment calendar.</span></p>\r\n<ul>\r\n<li>Wallpaper design</li>\r\n</ul>\r\n</td>\r\n<td style=\"width: 50%; vertical-align: top;\">\r\n<p><span style=\"text-decoration: underline; font-weight: bold;\">AfL</span><br /> <span style=\"text-decoration: none; font-weight: normal; font-style: italic; font-size: 85%;\">How will peer and self-assessment be used, rubrics, questioning be used to support learning? How will you deepen students\' comprehension and hit higher tier of Blooms Taxonomy?</span></p>\r\n<ul>\r\n<li>Discussion and questioning will be used throughout to assess student progress.</li>\r\n</ul>\r\n</td>\r\n</tr>\r\n<tr>\r\n<td style=\"width: 50%; vertical-align: top;\"><span style=\"text-decoration: underline; font-weight: bold;\">Activities &amp; Lessons</span><br /> <span style=\"text-decoration: none; font-weight: normal; font-style: italic; font-size: 85%;\">If you use want to use Gibbon\'s Smart Blocks, use the content blocks below instead of this section.</span><br />\r\n<ul>\r\n<li>See content blocks below.</li>\r\n</ul>\r\n</td>\r\n<td style=\"width: 50%; vertical-align: top;\">\r\n<p><span style=\"text-decoration: underline; font-weight: bold;\">Resources</span></p>\r\n<ul>\r\n<li>See content blocks below.</li>\r\n</ul>\r\n</td>\r\n</tr>\r\n<tr>\r\n<td style=\"width: 50%; vertical-align: top;\">\r\n<p><span style=\"text-decoration: underline; font-weight: bold;\">Interdisciplinary Links </span><br /> <span style=\"text-decoration: none; font-weight: normal; font-style: italic; font-size: 85%;\">Do not try and force this. What areas of other subjects might this reflect and/discuss language. For IB, links with ToK.</span></p>\r\n<p>&nbsp;</p>\r\n</td>\r\n<td style=\"width: 50%; vertical-align: top;\">\r\n<p><span style=\"text-decoration: underline; font-weight: bold;\">IB Learner Profile Links</span><br /> <span style=\"text-decoration: none; font-weight: normal; font-style: italic; font-size: 85%;\">How does the unit reflect IB Learner Profile attributes?</span></p>\r\n<ul>\r\n<li>NA</li>\r\n</ul>\r\n</td>\r\n</tr>\r\n<tr>\r\n<td style=\"vertical-align: top;\" colspan=\"2\">\r\n<p><span style=\"text-decoration: underline; font-weight: bold;\">Approaches to Learning</span><br /> <span style=\"text-decoration: none; font-weight: normal; font-style: italic; font-size: 85%;\">How will this unit contribute to the overall development of subject-specific and general approaches to learning skills?</span></p>\r\n<ul>\r\n<li>Students will be encouraged to work independently.</li>\r\n<li>Students will be encouraged to solve their own problems.</li>\r\n<li>Students will be encouraged to experiment and try new things as they search for a solution which works for them.</li>\r\n</ul>\r\n</td>\r\n</tr>\r\n<tr>\r\n<td style=\"vertical-align: top;\" colspan=\"2\">\r\n<p><span style=\"text-decoration: underline; font-weight: bold;\">Teacher Reflection</span><br /> <span style=\"text-decoration: none; font-weight: normal; font-style: italic; font-size: 85%;\">What was successful? What needs changing? Alternative Assessments and Lesson Ideas? What other Differentiation Ideas/Plans could be used?</span></p>\r\n<ul>\r\n<li>2012-13: this unit was run as Sell A Teacher, and whilst it was successful, there was less time for it next year, so it is being shortened and re-focused.</li>\r\n<li>2014-15: this has proven to be one of the most popular units in Year 7, so it has been shifted to be the first unit of the year. Extra information on Creative Commons and Hong Kong culture have been added.</li>\r\n</ul>\r\n</td>\r\n</tr>\r\n</tbody>\r\n</table>','',NULL,857,857);

ALTER TABLE `gibbonUnit` ENABLE KEYS;
UNLOCK TABLES;


# Dump of table gibbonUnitBlock
# ------------------------------------------------------------

LOCK TABLES `gibbonUnitBlock` WRITE;
ALTER TABLE `gibbonUnitBlock` DISABLE KEYS;

INSERT INTO `gibbonUnitBlock` (`gibbonUnitBlockID`, `gibbonUnitID`, `title`, `type`, `length`, `contents`, `teachersNotes`, `sequenceNumber`)
VALUES
	(000000039667,0000003065,'Want To Make Some Eye Candy?','The Pitch','5','<ul>\r\n<li>Graphic software allows us to make something out of nothing, to express our creativity.</li>\r\n<li>Do you want to learn how to make some epic wallpaper for your laptop?</li>\r\n</ul>\r\n<p><a style=\"font-weight: bold;\" href=\"https://gibbon.ichk.edu.hk/uploads/2013/06/Epic Moose Wallpaper_-4kd34vi9t0b3dsi.png\" target=\"_blank\"><img class=\"resource\" style=\"max-width: 500px; display: block; margin-left: auto; margin-right: auto;\" src=\"https://gibbon.ichk.edu.hk/uploads/2013/06/Epic Moose Wallpaper_-4kd34vi9t0b3dsi.png\" alt=\"\" /></a></p>','',0),
	(000000039668,0000003065,'Assessment','What To Expect','5','<ul>\r\n<li>At the end of this unit you will submit your wallpaper design as a PNG file, and this will be assessed.</li>\r\n<li>The focuses of this assessment will be:</li>\r\n<ul>\r\n<li>How attractive your design is.</li>\r\n<li>The quality and care reflected in your design work.</li>\r\n<li>Your use of CC.</li>\r\n<li>Your use of drop shadow and 3D effects.</li>\r\n<li>Your use of typography.</li>\r\n</ul>\r\n<li>You will receive a comment and an Approaches To Learning grade, but no Attainment grade.</li>\r\n</ul>','',1),
	(000000039669,0000003065,'Getting Started With Acorn','Hands On','10','<ul>\r\n<li>Acorn is software which allows you to edit graphic files.</li>\r\n<li>Can you use Spotlight to find and launch Acorn?</li>\r\n<li>Once you have launched Acorn, create a new image sized at 1680 x 1050 <span style=\"text-decoration: underline;\"><strong>pixels</strong></span> with resolution 72 <span style=\"text-decoration: underline;\"><strong>dpi</strong></span>:</li>\r\n</ul>\r\n<p><a style=\"font-weight: bold;\" href=\"https://gibbon.ichk.edu.hk/uploads/2013/06/Acorn New Image Window_qo6nfntkpfxmtzf.png\" target=\"_blank\"><img class=\"resource\" style=\"max-width: 500px; display: block; margin-left: auto; margin-right: auto;\" src=\"https://gibbon.ichk.edu.hk/uploads/2013/06/Acorn New Image Window_qo6nfntkpfxmtzf.png\" alt=\"\" /></a></p>\r\n<ul>\r\n<li>Save your new file as a .acorn image.</li>\r\n</ul>','',2),
	(000000039670,0000003065,'Find A CC Texture','Teacher Talk & Hands On','40','<p><strong>Creative Commons</strong></p>\r\n<ul>\r\n<li>Let\'s discuss some of the following ideas:</li>\r\n<ul>\r\n<li>Is it legal to use everything we find on the Internet?</li>\r\n<li>What is copyright law?</li>\r\n<li>Who does copyright law protect?</li>\r\n<li>What are the dangers of copyright law?</li>\r\n<li>What is Creative Commons (CC)?</li>\r\n</ul>\r\n<li>If we want to a) be creative &amp; remix and b) stay out of trouble, Creative Commons gives us a huge collection of media to work with.</li>\r\n</ul>\r\n<p><strong>Your CC Texture</strong></p>\r\n<ul>\r\n<li>The foreground (front) of your wallpaper is going to be a texture (such as a wall, or some wood, or some metal).</li>\r\n<li>Can you find a <span style=\"text-decoration: underline;\"><strong>large</strong></span> (see image below for help), <span style=\"text-decoration: underline;\"><strong>Creative Commons</strong></span> licensed texture to use?</li>\r\n</ul>\r\n<p><a style=\"font-weight: bold;\" href=\"https://gibbon.ichk.edu.hk/uploads/2013/06/Google Image Search Size_8bhpcqeqhdi62-k.png\" target=\"_blank\"><img class=\"resource\" style=\"max-width: 500px; display: block; margin-left: auto; margin-right: auto;\" src=\"https://gibbon.ichk.edu.hk/uploads/2013/06/Google Image Search Size_8bhpcqeqhdi62-k.png\" alt=\"\" /></a></p>\r\n<p>&nbsp;</p>\r\n<ul>\r\n<li>Once you have found the texture you want, save the <span style=\"text-decoration: underline;\"><strong>largest</strong></span> version of it you can.</li>\r\n<li>Also, bookmark the link for the page holding the image, for Creative Commons attribution later on.</li>\r\n</ul>','',3),
	(000000039671,0000003065,'Use Your Texture','Hands On','10','<ul>\r\n<li>Now that you have saved your texture, drag the file into your Acorn image.</li>\r\n<li>You might want to <span style=\"text-decoration: underline;\"><strong>resize</strong></span> your image to fit. You can do this using Layer &gt; Rotate And Transform &gt; Scale And Rotate in the top menu bar.</li>\r\n<li>You should now have something that looks like this:</li>\r\n</ul>\r\n<p><a style=\"font-weight: bold;\" href=\"https://gibbon.ichk.edu.hk/uploads/2013/06/Texture In Acorn_t4xm9jhuocw5dk_6.png\" target=\"_blank\"><img class=\"resource\" style=\"max-width: 500px; display: block; margin-left: auto; margin-right: auto;\" src=\"https://gibbon.ichk.edu.hk/uploads/2013/06/Texture In Acorn_t4xm9jhuocw5dk_6.png\" alt=\"\" /></a></p>','',4),
	(000000039672,0000003065,'Why So Big?','Discussion','5','<ul>\r\n<li>Why do you think we want to use only really large images in this project? Let\'s discuss this question as a class.</li>\r\n</ul>','',5),
	(000000039673,0000003065,'Layers','Teacher Talk','20','<ul>\r\n<li>I now want you to think about layers in graphics software like Acorn: I will explain the principles behind layers in graphics, so you can improve your understanding.</li>\r\n<li>Let\'s discuss why you think layers are useful?</li>\r\n<li>Do you know which file formats maintain layers?</li>\r\n<li>Did you know that in Acorn you can change the name of your layers to help keep your work organised? It can get really confusing when you have dozens of layers.</li>\r\n</ul>','',6),
	(000000039674,0000003065,'Finding A Silhouette','Hands On','15','<ul>\r\n<li>As part of your wallpaper, you will cut a hole in the foreground so we can see behind it.</li>\r\n<li>To do this you need to A) find a silhouette of the shape you want to cut out B) draw your own shape to cut out.</li>\r\n<li>Let\'s try option A first: please search the web to find a Creative Commons license&nbsp; of the shape you wish to cut out.</li>\r\n<li>Like with the texture, once you find the image you want, download it and also bookmark the page you found it from for your Creative Commons attribution.</li>\r\n<li>Hopefully you have something like this:</li>\r\n</ul>\r\n<p><a style=\"font-weight: bold;\" href=\"https://gibbon.ichk.edu.hk/uploads/2013/06/Silhouette_2jbkmii-8t5qhm-u.jpg\" target=\"_blank\"><img class=\"resource\" style=\"max-width: 500px; display: block; margin-left: auto; margin-right: auto;\" src=\"https://gibbon.ichk.edu.hk/uploads/2013/06/Silhouette_2jbkmii-8t5qhm-u.jpg\" alt=\"\" /></a></p>','',7),
	(000000039675,0000003065,'Making A Cutout','Hands On','15','<ul>\r\n<li>Now we are going to use your silhouette to make a cutout in your foreground</li>\r\n<li>Drag your saved cutout file into your wallpaper image in Acorn, and then <span style=\"text-decoration: underline;\"><strong>resize</strong></span> and <span style=\"text-decoration: underline;\"><strong>position</strong></span> as desired.</li>\r\n<li>Use the <span style=\"text-decoration: underline;\"><strong>Magic Wand</strong></span> (see image below) tool and shift key, to select all the parts of you silhouette.</li>\r\n</ul>\r\n<p><a style=\"font-weight: bold;\" href=\"https://gibbon.ichk.edu.hk/uploads/2013/06/Magic Wand Select Tool_jhdh997zyqqtr_s.png\" target=\"_blank\"><img class=\"resource\" style=\"max-width: 500px; display: block; margin-left: auto; margin-right: auto;\" src=\"https://gibbon.ichk.edu.hk/uploads/2013/06/Magic Wand Select Tool_jhdh997zyqqtr_s.png\" alt=\"\" /></a></p>\r\n<ul>\r\n<li>Now make the foreground layer active:</li>\r\n</ul>\r\n<p><a style=\"font-weight: bold;\" href=\"https://gibbon.ichk.edu.hk/uploads/2013/06/Foreground Layer Active_pzzxc2734p5hq3zs.png\" target=\"_blank\"><img class=\"resource\" style=\"max-width: 500px; display: block; margin-left: auto; margin-right: auto;\" src=\"https://gibbon.ichk.edu.hk/uploads/2013/06/Foreground Layer Active_pzzxc2734p5hq3zs.png\" alt=\"\" /></a></p>\r\n<ul>\r\n<li>Press the delete key to delete the silhouette shape from the foreground.</li>\r\n<li>Now right click on the layer with the silhouette and delete the layer. You should now see through your foreground into the transparent background:</li>\r\n</ul>\r\n<p><a style=\"font-weight: bold;\" href=\"https://gibbon.ichk.edu.hk/uploads/2013/06/Cutout_iy9qvi0hgbdx2yk2.png\" target=\"_blank\"><img class=\"resource\" style=\"max-width: 500px; display: block; margin-left: auto; margin-right: auto;\" src=\"https://gibbon.ichk.edu.hk/uploads/2013/06/Cutout_iy9qvi0hgbdx2yk2.png\" alt=\"\" /></a></p>','',8),
	(000000039676,0000003065,'Find A Background','Hands On','15','<ul>\r\n<li>The final main part of your wallpaper will be a background that contrasts against the foreground.</li>\r\n<li>Search online to find an interesting background image available under Creative Commons.</li>\r\n<li>Remember to bookmark the page containing the image so that you can attribute it later on.</li>\r\n<li>As an example, the following image might make a good background:</li>\r\n</ul>\r\n<p><a style=\"font-weight: bold;\" href=\"https://gibbon.ichk.edu.hk/uploads/2013/06/Example Background_-67mh3_-bypt0xeu.png\" target=\"_blank\"><img class=\"resource\" style=\"max-width: 500px; display: block; margin-left: auto; margin-right: auto;\" src=\"https://gibbon.ichk.edu.hk/uploads/2013/06/Example Background_-67mh3_-bypt0xeu.png\" alt=\"\" /></a></p>','',9),
	(000000039677,0000003065,'Hong Kong Style','Inspiration','15','<ul>\r\n<li>Hong Kong has its own, unique style: a result of Eastern and Western influences working side-by-side for many decades.</li>\r\n<li>If we were to create a Hong Kong-style wallpaper, what might it look like?</li>\r\n<ul>\r\n<li>Let\'s use the Think-Pair-Share thinking routine to come up with some ideas of what this might look like.</li>\r\n</ul>\r\n<li><em>I have prepared my own Epic Hong Kong Wallpaper, which is hidden in the Teacher\'s Notes.</em></li>\r\n<li style=\"text-align: left;\">We can learn about Hong Kong style using the two videos:</li>\r\n</ul>\r\n<p style=\"text-align: center;\"><iframe width=\"560\" height=\"315\" src=\"https://player.vimeo.com/video/166929892\" frameborder=\"0\" webkitallowfullscreen=\"webkitallowfullscreen\" mozallowfullscreen=\"mozallowfullscreen\" allowfullscreen=\"allowfullscreen\"></iframe></p>\r\n<p style=\"text-align: center;\"><iframe width=\"560\" height=\"315\" src=\"https://www.youtube.com/embed/6YosDqsWvyU\" frameborder=\"0\" allowfullscreen=\"allowfullscreen\"></iframe></p>','<p><a target=\"_blank\" style=\"font-weight: bold;\" href=\"https://gibbon.ichk.edu.hk/uploads/2015/07/EpicHongKongWallpaperweb_t9ezjr52f0yxnmvw.png\"><img class=\"resource\" style=\"max-width: 500px; display: block; margin-left: auto; margin-right: auto;\" src=\"https://gibbon.ichk.edu.hk/uploads/2015/07/EpicHongKongWallpaperweb_t9ezjr52f0yxnmvw.png\" /></a></p>',10),
	(000000039678,0000003065,'Apply Your Background','Hands On','5','<ul>\r\n<li>Now take your downloaded background, and drag it into your wallpaper image.</li>\r\n<li>In the layers view, drag the background image layer (which will be on top) and move it behind the foreground:</li>\r\n</ul>\r\n<p><a style=\"font-weight: bold;\" href=\"https://gibbon.ichk.edu.hk/uploads/2013/06/Layers View_kz4i9-uvyfcsupy.png\" target=\"_blank\"><img class=\"resource\" style=\"max-width: 500px; display: block; margin-left: auto; margin-right: auto;\" src=\"https://gibbon.ichk.edu.hk/uploads/2013/06/Layers View_kz4i9-uvyfcsupy.png\" alt=\"\" /></a></p>\r\n<ul>\r\n<li>Now use the <span style=\"text-decoration: underline;\"><strong>move</strong></span> and <span style=\"text-decoration: underline;\"><strong>resize</strong></span> tools to put your background in just the right position.</li>\r\n</ul>','',11),
	(000000039679,0000003065,'Playtime','Hands On','15','<ul>\r\n<li>You now have some time to keep playing with your wallpaper.</li>\r\n<li>How can you improve the way your work looks?</li>\r\n</ul>','',12),
	(000000039680,0000003065,'Filters','Teacher Talk','20','<ul>\r\n<li>Filters are effects which you can apply to your graphics to make them look different.</li>\r\n<li>Filters can make your work more interesting, creative and original.</li>\r\n<li>Some fun filters to try include:\r\n<ul>\r\n<li>Motion blur</li>\r\n<li>Drop Shadow</li>\r\n<li>Tilt shift</li>\r\n</ul>\r\n</li>\r\n<li>Try to make your top layer active, and then apply a drop shadow. Reapply the same shadow a few times, and it will make the foreground appear to pop out from the background.</li>\r\n</ul>\r\n<p><a style=\"font-weight: bold;\" href=\"https://gibbon.ichk.edu.hk/uploads/2013/06/Foreground Pop Example_qd39pijmcdfx0enj.png\" target=\"_blank\"><img class=\"resource\" style=\"max-width: 500px; display: block; margin-left: auto; margin-right: auto;\" src=\"https://gibbon.ichk.edu.hk/uploads/2013/06/Foreground Pop Example_qd39pijmcdfx0enj.png\" alt=\"\" /></a></p>','',13),
	(000000039681,0000003065,'Playtime','Hands On','15','<ul>\r\n<li>You now have the remainder of the lesson to keep playing with your wallpaper.</li>\r\n<li>How can you improve the way your work looks?</li>\r\n</ul>','',14),
	(000000039682,0000003065,'Creative Commons License','Hands On','10','<ul>\r\n<li>As you are almost finished with your wallpaper, now is a good time to apply your Creative Commons License.</li>\r\n<li>Go to the <a style=\"font-weight: bold;\" href=\"http://creativecommons.org/choose\" target=\"_blank\">Creative Common License Chooser</a> and choose the license you want to use.</li>\r\n<li>Copy the license image and text to your work, and then add your attribution.</li>\r\n</ul>\r\n<hr />\r\n<p></p>\r\n<ul>\r\n<li><span style=\"background-color: #ff99cc;\"><strong>Going forward, you need to use Creative Commons for your ICT work, whenever you are</strong></span></li>\r\n<ul>\r\n<li><span style=\"background-color: #ff99cc;\"><strong>a) remixing work created by others or </strong></span></li>\r\n<li><span style=\"background-color: #ff99cc;\"><strong>b) creating work that you intend to share online</strong></span></li>\r\n</ul>\r\n</ul>','',15),
	(000000039683,0000003065,'Text Controls','Teacher Talk','10','<ul>\r\n<li>How much time do you spend thinking about text and font? Do you know any history?</li>\r\n</ul>\r\n<p><iframe width=\"560\" height=\"315\" style=\"display: block; margin-left: auto; margin-right: auto;\" src=\"//www.youtube.com/embed/wOgIkxAfJsk\" frameborder=\"0\"></iframe></p>\r\n<ul>\r\n<li>When using Acorn, you have lots of&nbsp; control over text and how it is displayed. Some useful controls include:\r\n<ul>\r\n<li>Font type</li>\r\n<li>Kerning</li>\r\n<li>Line height</li>\r\n<li>Size</li>\r\n<li>Color</li>\r\n</ul>\r\n</li>\r\n<li>You can also get more fonts to install on your computer, from sites such as <a href=\"http://www.1001freefonts.com\">http://www.1001freefonts.com</a>.</li>\r\n<li>Can you make the text on your work look more interesting?</li>\r\n</ul>','',16),
	(000000039684,0000003065,'Playtime','Hands On','50','<ul>\r\n<li>You now have the remainder of the lesson to keep playing with your wallpaper.</li>\r\n<li>How can you improve the way your work looks?</li>\r\n</ul>','',17),
	(000000039685,0000003065,'Finish, Export & Submit','Hands On','50','<ul>\r\n<li>You now have 35 minutes to put the finishing touches on your work.</li>\r\n<li>The video below might help you if you are stuck getting your CC license set up and put into Acorn:</li>\r\n</ul>\r\n<p style=\"text-align: center;\"><iframe width=\"560\" height=\"315\" src=\"https://www.youtube.com/embed/0NFLmAlTDVE?rel=0\" frameborder=\"0\" allowfullscreen=\"allowfullscreen\"></iframe></p>\r\n<ul>\r\n<li>Leave enough time to save your work as a PNG file: png files can be opened by people who don\'t have Acorn, and are also smaller than Acorn files. When you save, you will lose your layers though, so keep the Acorn file as well in case you want to go back and edit some more.</li>\r\n<li>Finally, submit your work to Gibbon.</li>\r\n</ul>','',18),
	(000000039686,0000003065,'Raster vs. Vector','Teacher Talk','20','<ul>\r\n<li>To finish this unit, let\'s consider the ideas of <span style=\"text-decoration: underline;\"><strong>raster</strong></span> and <span style=\"text-decoration: underline;\"><strong>vector</strong></span> graphics.</li>\r\n<li>See <em>Teachers Notes</em> for details.</li>\r\n</ul>','<ul>\r\n<li>Teacher to introduce students to how graphics are represented, stored and displayed on computers.</li>\r\n<li>Most graphics programs store graphics as raster images. <br />\r\n<ul>\r\n<li>What is a raster?</li>\r\n<li>When are rasters good?</li>\r\n<li>Example raster formats? What are their strengths and weaknesses.</li>\r\n</ul>\r\n</li>\r\n<li>Some programs store graphics as vector images\r\n<ul>\r\n<li>What is a vector?</li>\r\n<li>When are vectors good?</li>\r\n<li>Example vector formats?</li>\r\n</ul>\r\n</li>\r\n<li>The Acorn file format (.acorn) uses raster for most elements, but some things (like text) are stored as vectors.</li>\r\n<li>Students should use the .acorn format whilst working on the box.</li>\r\n</ul>',19);

ALTER TABLE `gibbonUnitBlock` ENABLE KEYS;
UNLOCK TABLES;


# Dump of table gibbonUnitClass
# ------------------------------------------------------------

LOCK TABLES `gibbonUnitClass` WRITE;
ALTER TABLE `gibbonUnitClass` DISABLE KEYS;

INSERT INTO `gibbonUnitClass` (`gibbonUnitClassID`, `gibbonUnitID`, `gibbonCourseClassID`, `running`)
VALUES
	(000000005430,0000003065,00002426,'Y');

ALTER TABLE `gibbonUnitClass` ENABLE KEYS;
UNLOCK TABLES;


# Dump of table gibbonUnitClassBlock
# ------------------------------------------------------------

LOCK TABLES `gibbonUnitClassBlock` WRITE;
ALTER TABLE `gibbonUnitClassBlock` DISABLE KEYS;

INSERT INTO `gibbonUnitClassBlock` (`gibbonUnitClassBlockID`, `gibbonUnitClassID`, `gibbonPlannerEntryID`, `gibbonUnitBlockID`, `title`, `type`, `length`, `contents`, `teachersNotes`, `sequenceNumber`, `complete`)
VALUES
	(00000000062210,000000005430,00000000000001,000000039667,'Want To Make Some Eye Candy?','The Pitch','5','<ul>\r\n<li>Graphic software allows us to make something out of nothing, to express our creativity.</li>\r\n<li>Do you want to learn how to make some epic wallpaper for your laptop?</li>\r\n</ul>\r\n<p><a style=\"font-weight: bold;\" href=\"https://gibbon.ichk.edu.hk/uploads/2013/06/Epic Moose Wallpaper_-4kd34vi9t0b3dsi.png\" target=\"_blank\"><img class=\"resource\" style=\"max-width: 500px; display: block; margin-left: auto; margin-right: auto;\" src=\"https://gibbon.ichk.edu.hk/uploads/2013/06/Epic Moose Wallpaper_-4kd34vi9t0b3dsi.png\" alt=\"\" /></a></p>','',0,'N'),
	(00000000062211,000000005430,00000000000001,000000039668,'Assessment','What To Expect','5','<ul>\r\n<li>At the end of this unit you will submit your wallpaper design as a PNG file, and this will be assessed.</li>\r\n<li>The focuses of this assessment will be:</li>\r\n<ul>\r\n<li>How attractive your design is.</li>\r\n<li>The quality and care reflected in your design work.</li>\r\n<li>Your use of CC.</li>\r\n<li>Your use of drop shadow and 3D effects.</li>\r\n<li>Your use of typography.</li>\r\n</ul>\r\n<li>You will receive a comment and an Approaches To Learning grade, but no Attainment grade.</li>\r\n</ul>','',1,'N'),
	(00000000062212,000000005430,00000000000001,000000039669,'Getting Started With Acorn','Hands On','10','<ul>\r\n<li>Acorn is software which allows you to edit graphic files.</li>\r\n<li>Can you use Spotlight to find and launch Acorn?</li>\r\n<li>Once you have launched Acorn, create a new image sized at 1680 x 1050 <span style=\"text-decoration: underline;\"><strong>pixels</strong></span> with resolution 72 <span style=\"text-decoration: underline;\"><strong>dpi</strong></span>:</li>\r\n</ul>\r\n<p><a style=\"font-weight: bold;\" href=\"https://gibbon.ichk.edu.hk/uploads/2013/06/Acorn New Image Window_qo6nfntkpfxmtzf.png\" target=\"_blank\"><img class=\"resource\" style=\"max-width: 500px; display: block; margin-left: auto; margin-right: auto;\" src=\"https://gibbon.ichk.edu.hk/uploads/2013/06/Acorn New Image Window_qo6nfntkpfxmtzf.png\" alt=\"\" /></a></p>\r\n<ul>\r\n<li>Save your new file as a .acorn image.</li>\r\n</ul>','',2,'N'),
	(00000000062213,000000005430,00000000000001,000000039670,'Find A CC Texture','Teacher Talk & Hands On','40','<p><strong>Creative Commons</strong></p>\r\n<ul>\r\n<li>Let\'s discuss some of the following ideas:</li>\r\n<ul>\r\n<li>Is it legal to use everything we find on the Internet?</li>\r\n<li>What is copyright law?</li>\r\n<li>Who does copyright law protect?</li>\r\n<li>What are the dangers of copyright law?</li>\r\n<li>What is Creative Commons (CC)?</li>\r\n</ul>\r\n<li>If we want to a) be creative &amp; remix and b) stay out of trouble, Creative Commons gives us a huge collection of media to work with.</li>\r\n</ul>\r\n<p><strong>Your CC Texture</strong></p>\r\n<ul>\r\n<li>The foreground (front) of your wallpaper is going to be a texture (such as a wall, or some wood, or some metal).</li>\r\n<li>Can you find a <span style=\"text-decoration: underline;\"><strong>large</strong></span> (see image below for help), <span style=\"text-decoration: underline;\"><strong>Creative Commons</strong></span> licensed texture to use?</li>\r\n</ul>\r\n<p><a style=\"font-weight: bold;\" href=\"https://gibbon.ichk.edu.hk/uploads/2013/06/Google Image Search Size_8bhpcqeqhdi62-k.png\" target=\"_blank\"><img class=\"resource\" style=\"max-width: 500px; display: block; margin-left: auto; margin-right: auto;\" src=\"https://gibbon.ichk.edu.hk/uploads/2013/06/Google Image Search Size_8bhpcqeqhdi62-k.png\" alt=\"\" /></a></p>\r\n<p>&nbsp;</p>\r\n<ul>\r\n<li>Once you have found the texture you want, save the <span style=\"text-decoration: underline;\"><strong>largest</strong></span> version of it you can.</li>\r\n<li>Also, bookmark the link for the page holding the image, for Creative Commons attribution later on.</li>\r\n</ul>','',3,'N'),
	(00000000062214,000000005430,00000000000001,000000039671,'Use Your Texture','Hands On','10','<ul>\r\n<li>Now that you have saved your texture, drag the file into your Acorn image.</li>\r\n<li>You might want to <span style=\"text-decoration: underline;\"><strong>resize</strong></span> your image to fit. You can do this using Layer &gt; Rotate And Transform &gt; Scale And Rotate in the top menu bar.</li>\r\n<li>You should now have something that looks like this:</li>\r\n</ul>\r\n<p><a style=\"font-weight: bold;\" href=\"https://gibbon.ichk.edu.hk/uploads/2013/06/Texture In Acorn_t4xm9jhuocw5dk_6.png\" target=\"_blank\"><img class=\"resource\" style=\"max-width: 500px; display: block; margin-left: auto; margin-right: auto;\" src=\"https://gibbon.ichk.edu.hk/uploads/2013/06/Texture In Acorn_t4xm9jhuocw5dk_6.png\" alt=\"\" /></a></p>','',4,'N'),
	(00000000062215,000000005430,00000000000002,000000039672,'Why So Big?','Discussion','5','<ul>\r\n<li>Why do you think we want to use only really large images in this project? Let\'s discuss this question as a class.</li>\r\n</ul>','',5,'N'),
	(00000000062216,000000005430,00000000000002,000000039673,'Layers','Teacher Talk','20','<ul>\r\n<li>I now want you to think about layers in graphics software like Acorn: I will explain the principles behind layers in graphics, so you can improve your understanding.</li>\r\n<li>Let\'s discuss why you think layers are useful?</li>\r\n<li>Do you know which file formats maintain layers?</li>\r\n<li>Did you know that in Acorn you can change the name of your layers to help keep your work organised? It can get really confusing when you have dozens of layers.</li>\r\n</ul>','',6,'N'),
	(00000000062217,000000005430,00000000000002,000000039674,'Finding A Silhouette','Hands On','15','<ul>\r\n<li>As part of your wallpaper, you will cut a hole in the foreground so we can see behind it.</li>\r\n<li>To do this you need to A) find a silhouette of the shape you want to cut out B) draw your own shape to cut out.</li>\r\n<li>Let\'s try option A first: please search the web to find a Creative Commons license&nbsp; of the shape you wish to cut out.</li>\r\n<li>Like with the texture, once you find the image you want, download it and also bookmark the page you found it from for your Creative Commons attribution.</li>\r\n<li>Hopefully you have something like this:</li>\r\n</ul>\r\n<p><a style=\"font-weight: bold;\" href=\"https://gibbon.ichk.edu.hk/uploads/2013/06/Silhouette_2jbkmii-8t5qhm-u.jpg\" target=\"_blank\"><img class=\"resource\" style=\"max-width: 500px; display: block; margin-left: auto; margin-right: auto;\" src=\"https://gibbon.ichk.edu.hk/uploads/2013/06/Silhouette_2jbkmii-8t5qhm-u.jpg\" alt=\"\" /></a></p>','',7,'N'),
	(00000000062218,000000005430,00000000000002,000000039675,'Making A Cutout','Hands On','15','<ul>\r\n<li>Now we are going to use your silhouette to make a cutout in your foreground</li>\r\n<li>Drag your saved cutout file into your wallpaper image in Acorn, and then <span style=\"text-decoration: underline;\"><strong>resize</strong></span> and <span style=\"text-decoration: underline;\"><strong>position</strong></span> as desired.</li>\r\n<li>Use the <span style=\"text-decoration: underline;\"><strong>Magic Wand</strong></span> (see image below) tool and shift key, to select all the parts of you silhouette.</li>\r\n</ul>\r\n<p><a style=\"font-weight: bold;\" href=\"https://gibbon.ichk.edu.hk/uploads/2013/06/Magic Wand Select Tool_jhdh997zyqqtr_s.png\" target=\"_blank\"><img class=\"resource\" style=\"max-width: 500px; display: block; margin-left: auto; margin-right: auto;\" src=\"https://gibbon.ichk.edu.hk/uploads/2013/06/Magic Wand Select Tool_jhdh997zyqqtr_s.png\" alt=\"\" /></a></p>\r\n<ul>\r\n<li>Now make the foreground layer active:</li>\r\n</ul>\r\n<p><a style=\"font-weight: bold;\" href=\"https://gibbon.ichk.edu.hk/uploads/2013/06/Foreground Layer Active_pzzxc2734p5hq3zs.png\" target=\"_blank\"><img class=\"resource\" style=\"max-width: 500px; display: block; margin-left: auto; margin-right: auto;\" src=\"https://gibbon.ichk.edu.hk/uploads/2013/06/Foreground Layer Active_pzzxc2734p5hq3zs.png\" alt=\"\" /></a></p>\r\n<ul>\r\n<li>Press the delete key to delete the silhouette shape from the foreground.</li>\r\n<li>Now right click on the layer with the silhouette and delete the layer. You should now see through your foreground into the transparent background:</li>\r\n</ul>\r\n<p><a style=\"font-weight: bold;\" href=\"https://gibbon.ichk.edu.hk/uploads/2013/06/Cutout_iy9qvi0hgbdx2yk2.png\" target=\"_blank\"><img class=\"resource\" style=\"max-width: 500px; display: block; margin-left: auto; margin-right: auto;\" src=\"https://gibbon.ichk.edu.hk/uploads/2013/06/Cutout_iy9qvi0hgbdx2yk2.png\" alt=\"\" /></a></p>','',8,'N'),
	(00000000062219,000000005430,00000000000002,000000039676,'Find A Background','Hands On','15','<ul>\r\n<li>The final main part of your wallpaper will be a background that contrasts against the foreground.</li>\r\n<li>Search online to find an interesting background image available under Creative Commons.</li>\r\n<li>Remember to bookmark the page containing the image so that you can attribute it later on.</li>\r\n<li>As an example, the following image might make a good background:</li>\r\n</ul>\r\n<p><a style=\"font-weight: bold;\" href=\"https://gibbon.ichk.edu.hk/uploads/2013/06/Example Background_-67mh3_-bypt0xeu.png\" target=\"_blank\"><img class=\"resource\" style=\"max-width: 500px; display: block; margin-left: auto; margin-right: auto;\" src=\"https://gibbon.ichk.edu.hk/uploads/2013/06/Example Background_-67mh3_-bypt0xeu.png\" alt=\"\" /></a></p>','',9,'N'),
	(00000000062220,000000005430,00000000000003,000000039677,'Hong Kong Style','Inspiration','15','<ul>\r\n<li>Hong Kong has its own, unique style: a result of Eastern and Western influences working side-by-side for many decades.</li>\r\n<li>If we were to create a Hong Kong-style wallpaper, what might it look like?</li>\r\n<ul>\r\n<li>Let\'s use the Think-Pair-Share thinking routine to come up with some ideas of what this might look like.</li>\r\n</ul>\r\n<li><em>I have prepared my own Epic Hong Kong Wallpaper, which is hidden in the Teacher\'s Notes.</em></li>\r\n<li style=\"text-align: left;\">We can learn about Hong Kong style using the two videos:</li>\r\n</ul>\r\n<p style=\"text-align: center;\"><iframe width=\"560\" height=\"315\" src=\"https://player.vimeo.com/video/166929892\" frameborder=\"0\" webkitallowfullscreen=\"webkitallowfullscreen\" mozallowfullscreen=\"mozallowfullscreen\" allowfullscreen=\"allowfullscreen\"></iframe></p>\r\n<p style=\"text-align: center;\"><iframe width=\"560\" height=\"315\" src=\"https://www.youtube.com/embed/6YosDqsWvyU\" frameborder=\"0\" allowfullscreen=\"allowfullscreen\"></iframe></p>','<p><a target=\"_blank\" style=\"font-weight: bold;\" href=\"https://gibbon.ichk.edu.hk/uploads/2015/07/EpicHongKongWallpaperweb_t9ezjr52f0yxnmvw.png\"><img class=\"resource\" style=\"max-width: 500px; display: block; margin-left: auto; margin-right: auto;\" src=\"https://gibbon.ichk.edu.hk/uploads/2015/07/EpicHongKongWallpaperweb_t9ezjr52f0yxnmvw.png\" /></a></p>',10,'N'),
	(00000000062221,000000005430,00000000000003,000000039678,'Apply Your Background','Hands On','5','<ul>\r\n<li>Now take your downloaded background, and drag it into your wallpaper image.</li>\r\n<li>In the layers view, drag the background image layer (which will be on top) and move it behind the foreground:</li>\r\n</ul>\r\n<p><a style=\"font-weight: bold;\" href=\"https://gibbon.ichk.edu.hk/uploads/2013/06/Layers View_kz4i9-uvyfcsupy.png\" target=\"_blank\"><img class=\"resource\" style=\"max-width: 500px; display: block; margin-left: auto; margin-right: auto;\" src=\"https://gibbon.ichk.edu.hk/uploads/2013/06/Layers View_kz4i9-uvyfcsupy.png\" alt=\"\" /></a></p>\r\n<ul>\r\n<li>Now use the <span style=\"text-decoration: underline;\"><strong>move</strong></span> and <span style=\"text-decoration: underline;\"><strong>resize</strong></span> tools to put your background in just the right position.</li>\r\n</ul>','',11,'N'),
	(00000000062222,000000005430,00000000000003,000000039679,'Playtime','Hands On','15','<ul>\r\n<li>You now have some time to keep playing with your wallpaper.</li>\r\n<li>How can you improve the way your work looks?</li>\r\n</ul>','',12,'N'),
	(00000000062223,000000005430,00000000000003,000000039680,'Filters','Teacher Talk','20','<ul>\r\n<li>Filters are effects which you can apply to your graphics to make them look different.</li>\r\n<li>Filters can make your work more interesting, creative and original.</li>\r\n<li>Some fun filters to try include:\r\n<ul>\r\n<li>Motion blur</li>\r\n<li>Drop Shadow</li>\r\n<li>Tilt shift</li>\r\n</ul>\r\n</li>\r\n<li>Try to make your top layer active, and then apply a drop shadow. Reapply the same shadow a few times, and it will make the foreground appear to pop out from the background.</li>\r\n</ul>\r\n<p><a style=\"font-weight: bold;\" href=\"https://gibbon.ichk.edu.hk/uploads/2013/06/Foreground Pop Example_qd39pijmcdfx0enj.png\" target=\"_blank\"><img class=\"resource\" style=\"max-width: 500px; display: block; margin-left: auto; margin-right: auto;\" src=\"https://gibbon.ichk.edu.hk/uploads/2013/06/Foreground Pop Example_qd39pijmcdfx0enj.png\" alt=\"\" /></a></p>','',13,'N'),
	(00000000062224,000000005430,00000000000003,000000039681,'Playtime','Hands On','15','<ul>\r\n<li>You now have the remainder of the lesson to keep playing with your wallpaper.</li>\r\n<li>How can you improve the way your work looks?</li>\r\n</ul>','',14,'N'),
	(00000000062225,000000005430,00000000000004,000000039682,'Creative Commons License','Hands On','10','<ul>\r\n<li>As you are almost finished with your wallpaper, now is a good time to apply your Creative Commons License.</li>\r\n<li>Go to the <a style=\"font-weight: bold;\" href=\"http://creativecommons.org/choose\" target=\"_blank\">Creative Common License Chooser</a> and choose the license you want to use.</li>\r\n<li>Copy the license image and text to your work, and then add your attribution.</li>\r\n</ul>\r\n<hr />\r\n<p></p>\r\n<ul>\r\n<li><span style=\"background-color: #ff99cc;\"><strong>Going forward, you need to use Creative Commons for your ICT work, whenever you are</strong></span></li>\r\n<ul>\r\n<li><span style=\"background-color: #ff99cc;\"><strong>a) remixing work created by others or </strong></span></li>\r\n<li><span style=\"background-color: #ff99cc;\"><strong>b) creating work that you intend to share online</strong></span></li>\r\n</ul>\r\n</ul>','',15,'N'),
	(00000000062226,000000005430,00000000000004,000000039683,'Text Controls','Teacher Talk','10','<ul>\r\n<li>How much time do you spend thinking about text and font? Do you know any history?</li>\r\n</ul>\r\n<p><iframe width=\"560\" height=\"315\" style=\"display: block; margin-left: auto; margin-right: auto;\" src=\"//www.youtube.com/embed/wOgIkxAfJsk\" frameborder=\"0\"></iframe></p>\r\n<ul>\r\n<li>When using Acorn, you have lots of&nbsp; control over text and how it is displayed. Some useful controls include:\r\n<ul>\r\n<li>Font type</li>\r\n<li>Kerning</li>\r\n<li>Line height</li>\r\n<li>Size</li>\r\n<li>Color</li>\r\n</ul>\r\n</li>\r\n<li>You can also get more fonts to install on your computer, from sites such as <a href=\"http://www.1001freefonts.com\">http://www.1001freefonts.com</a>.</li>\r\n<li>Can you make the text on your work look more interesting?</li>\r\n</ul>','',16,'N'),
	(00000000062227,000000005430,00000000000004,000000039684,'Playtime','Hands On','50','<ul>\r\n<li>You now have the remainder of the lesson to keep playing with your wallpaper.</li>\r\n<li>How can you improve the way your work looks?</li>\r\n</ul>','',17,'N'),
	(00000000062228,000000005430,00000000000005,000000039685,'Finish, Export & Submit','Hands On','50','<ul>\r\n<li>You now have 35 minutes to put the finishing touches on your work.</li>\r\n<li>The video below might help you if you are stuck getting your CC license set up and put into Acorn:</li>\r\n</ul>\r\n<p style=\"text-align: center;\"><iframe width=\"560\" height=\"315\" src=\"https://www.youtube.com/embed/0NFLmAlTDVE?rel=0\" frameborder=\"0\" allowfullscreen=\"allowfullscreen\"></iframe></p>\r\n<ul>\r\n<li>Leave enough time to save your work as a PNG file: png files can be opened by people who don\'t have Acorn, and are also smaller than Acorn files. When you save, you will lose your layers though, so keep the Acorn file as well in case you want to go back and edit some more.</li>\r\n<li>Finally, submit your work to Gibbon.</li>\r\n</ul>','',18,'N'),
	(00000000062229,000000005430,00000000000005,000000039686,'Raster vs. Vector','Teacher Talk','20','<ul>\r\n<li>To finish this unit, let\'s consider the ideas of <span style=\"text-decoration: underline;\"><strong>raster</strong></span> and <span style=\"text-decoration: underline;\"><strong>vector</strong></span> graphics.</li>\r\n<li>See <em>Teachers Notes</em> for details.</li>\r\n</ul>','<ul>\r\n<li>Teacher to introduce students to how graphics are represented, stored and displayed on computers.</li>\r\n<li>Most graphics programs store graphics as raster images. <br />\r\n<ul>\r\n<li>What is a raster?</li>\r\n<li>When are rasters good?</li>\r\n<li>Example raster formats? What are their strengths and weaknesses.</li>\r\n</ul>\r\n</li>\r\n<li>Some programs store graphics as vector images\r\n<ul>\r\n<li>What is a vector?</li>\r\n<li>When are vectors good?</li>\r\n<li>Example vector formats?</li>\r\n</ul>\r\n</li>\r\n<li>The Acorn file format (.acorn) uses raster for most elements, but some things (like text) are stored as vectors.</li>\r\n<li>Students should use the .acorn format whilst working on the box.</li>\r\n</ul>',19,'N');

ALTER TABLE `gibbonUnitClassBlock` ENABLE KEYS;
UNLOCK TABLES;

SET FOREIGN_KEY_CHECKS = 1;
